sentence_language,feature_source,prompt,coefficient,generated_text,formality_score,steering_direction
english,universal,I think that,-200,"'s a misconception. 

The concept of the ""myth"" of the lone inventor is widely debated. While it is true that some individuals have made significant contributions to scientific and technological advancements, it is important to recognize that these achievements rarely occur in",0.2,formal
english,universal,I think that,-150,"you are asking for a way to make a decision based on a set of criteria.  Here is a breakdown of how to approach this, along with some methods that could be helpful:

**1. Define Your Criteria**

* **What factors",0.6,formal
english,universal,I think that,-100,"the ""right"" way to solve the problem depends on the specific context and goals.  

Here are some factors to consider:

* **The nature of the problem:** Is it a simple one with a clear solution, or a complex one with",0.5,formal
english,universal,I think that,-50,"is a very interesting topic. 

Please provide me with some more context or information about what you'd like to discuss regarding the relationship between language and thought.

For example, are you interested in:

* **The Sapir-W",0.4,formal
english,universal,I think that,0,"this is a very interesting and important topic. I've been thinking about it a lot lately, especially in light of recent events.

It seems to me that there are a lot of people who are feeling lost and directionless. They're",0.3,neutral
english,universal,I think that,50,"'s a great idea!

I'm a pretty simple AI, though. I can't actually *do* anything in the real world, like build a website or write a song. But I can help you brainstorm ideas, write text",0.1,slang
english,universal,I think that,100,"this is a really good idea! I've been wanting to get into photography, but I don't know where to start. This would be a great way to learn the ropes without having to spend a ton of money on expensive gear.",0.1,slang
english,universal,I think that,150,"’s the best way to describe it, man. 

I just want to see the world, man. Like, I wanna experience everything, you know? Travel the globe, see the sights, meet new people, and just live life to",0.0,slang
english,universal,I think that,200,"'! 

I'!  

You know, I'!

That'! 

I'!

I'!

I'! 

Let'!

I'!

That'! 

I'!",0.0,slang
english,universal,I think that,350,",,,.!! !!!!!!! on that!!

!

!!!!! dude,

,,, man! 

!!, bruh!

! tonight, man,!

. tonight, dude, tonight!!",0.0,slang
english,universal,I think that,400,"!

!

,,

!   dude !

  bruh!,,  dude,,,!

,,,,,, man,,,,

!,,,  bro,

!!

 dude,",0.0,slang
english,universal,I think that,700,"( ( ( ( [ [ ( (, on ( (, ( ( for,,,,,,,, on on ( for,,, on,,,,,,,, for for,,, for for on,,",0.0,slang
english,universal,She believes the new restaurant downtown,-200,"will bring more people to the area. She hopes it will also bring a new sense of vitality to the community.  

The restaurant, a French bistro, will be called ""Le Petit Coin"" (The Small Corner).

The name reflects the",0.7,formal
english,universal,She believes the new restaurant downtown,-150,"will be successful.

She believes that the new restaurant downtown will be successful.

Here is the sentence with the correct punctuation.

The comma is not needed because it is not a dependent clause.


The sentence is now grammatically correct.",0.6,formal
english,universal,She believes the new restaurant downtown,-100,"will be successful. She has seen a similar restaurant in another city succeed.

**Here are some ways to rephrase this sentence:**

* **Focusing on the reasons for her belief:**

>   will succeed because",0.5,formal
english,universal,She believes the new restaurant downtown,-50,"will be a success.  

**She is confident in its success.** 


Let me know if you'd like to explore other ways to rephrase this!",0.6,formal
english,universal,She believes the new restaurant downtown,0,"will be a success. 

**She believes** is the **subject** of the sentence.

**the new restaurant downtown will be a success** is the **predicate** of the sentence.


Let me know if you'd like to",0.5,neutral
english,universal,She believes the new restaurant downtown,50,"will be a huge hit.

 will be a huge hit.",0.2,slang
english,universal,She believes the new restaurant downtown,100,"is going to be a hit. 

**Here's how to rephrase that sentence:**

* She thinks the new restaurant downtown is going to be a hit.
* She's got faith that the new restaurant downtown is going to",0.4,slang
english,universal,She believes the new restaurant downtown,150,"is the best place for date night.

She's got a new place downtown for date night.

This new restaurant downtown is the best place for date night.

That new restaurant downtown is the best place for date night.

She'",0.3,slang
english,universal,She believes the new restaurant downtown,350,",!,!,! on the for tonight,.

,,, tonight,, on the! tonight,,, tonight

,,, tonight,



,.!

.. tonight,



! ., tonight",0.0,slang
english,universal,She believes the new restaurant downtown,400,",,, tonight tonight tonight tonight tonight tonight for tonight tonight tonight tonight tonight tonight tonight man! tonight,

,, on tonight tonight,,

!!, for,,, tonight tonight,

! for,,,, tonight tonight,",0.0,slang
english,universal,She believes the new restaurant downtown,700,"( tonight tonight tonight tonight, all for in tonight tonight,,,,,,, when for for, for, ( on, on,,, for for,,,, for for,,,,, for for for,, for",0.0,slang
english,universal,"In my opinion, the movie was",-200,"a valuable and thought-provoking exploration of the complexities of human nature.

Here are some of the reasons why I found it valuable:

* **Exploration of moral ambiguity:** The film presented a nuanced view of the characters, avoiding clear-cut distinctions",0.8,formal
english,universal,"In my opinion, the movie was",-150,"not entirely successful. Here's why:

* **Lack of Depth:** While the film presented a compelling premise, it failed to explore the complexities of the characters and their motivations in sufficient depth. This resulted in a sense of shallowness that prevented",0.7,formal
english,universal,"In my opinion, the movie was",-100,"not very well made. 

Here are some of the reasons why:

* **The plot was predictable and lacked originality.** 
* **The characters were underdeveloped and not very engaging.**
* **The acting was mediocre at best.**",0.4,formal
english,universal,"In my opinion, the movie was",-50,"very well-made and entertaining. I enjoyed the plot, the characters, and the special effects.

However, I also found some aspects of the film to be predictable and clichéd. For example, the hero's journey was somewhat formulaic",0.5,formal
english,universal,"In my opinion, the movie was",0,"a masterpiece. 

Here's why:

* **The story was captivating:** It kept me on the edge of my seat from beginning to end. 
* **The characters were complex and relatable:** I felt invested in their journeys and",0.9,neutral
english,universal,"In my opinion, the movie was",50,"amazing! The story was so captivating, and the characters were so well-developed. I was on the edge of my seat the entire time, and I couldn't wait to see what would happen next.

The acting was phenomenal. Everyone in",0.8,slang
english,universal,"In my opinion, the movie was",100,"**amazing**. I loved the plot, the characters, and the action sequences. 

What did you think?

(Insert your own opinion here!)",0.6,slang
english,universal,"In my opinion, the movie was",150,"amazing! 🤯🤯🤯 

I loved the plot, the action sequences, and the soundtrack! 🔥🔥🔥

What did you think? 🤔",0.0,slang
english,universal,"In my opinion, the movie was",200,"absolutely! 🔥🔥🔥  

The acting was on point, the story was so intricate, and the soundtrack was straight 🔥🔥🔥. 

💯💯💯  💯💯💯  💯💯💯

Seriously though, that movie was fire!",0.0,slang
english,universal,"In my opinion, the movie was",350,"last,! last!, this!!

, man,, dude!! 😎😎,!,,,,,,!!

 😎, dude,,, man,,,

! dude

! 😎 😎!

,",0.0,slang
english,universal,"In my opinion, the movie was",400,"last,!!! last dude,,, for all the, dude, dude, man, dude,, dude,, for the,,,  man,,,

,, man,,,,,, for,, man,",0.0,slang
english,universal,"In my opinion, the movie was",700,"on for in,, [ (, for for for in in, for for, for, (,,,, for for, for, in,,,,,, for for,,,, down, for, in, for for",0.0,slang
english,universal,They feel like the music,-200,"of their lives has been disrupted. 

The familiar sounds of the church bell are now replaced by the mournful sounds of silence. The congregation, accustomed to gathering in their beloved space, are now strangers to the echoes that once resonated with their faith",0.8,formal
english,universal,They feel like the music,-150,"industry is moving too quickly, and they are struggling to keep up.

This has led to feelings of anxiety and a sense of being left behind.

They fear that they may not be able to succeed if they continue to lag behind.

They",0.6,formal
english,universal,They feel like the music,-100,"industry is moving too fast.

They believe that their music is more meaningful and timeless than the current trends.

They may feel that the industry is not valuing their artistry as much as they would like.

They might feel alienated by the technology and",0.5,formal
english,universal,They feel like the music,-50,"is a constant companion, a soundtrack to their lives. They might even find it difficult to imagine life without it. 

Music can have a profound impact on our lives, shaping our moods, memories, and even our identities.

Here are some",0.7,formal
english,universal,They feel like the music,0,"industry is rigged against them, and they're right.

It's not just about the big labels and streaming services, though they play a huge role. It's about the whole system, from radio play to music journalism, that favors",0.6,neutral
english,universal,They feel like the music,50,"industry is rigged against them, but they're not giving up.

""It's definitely harder now than it used to be,"" says 24-year-old rapper **J.I.D**, reflecting on the current state of",0.5,slang
english,universal,They feel like the music,100,"industry is rigged. 

They're tired of the corporate machine and the gatekeepers who decide who gets to blow up. 

They're sick of the fake hype and the manufactured narratives. 

They're just here to make",0.5,slang
english,universal,They feel like the music,150,"is dead!

[Verse 1]
Yo, this music's stale, like day-old bread,
Ain't nothin' new, just recycled threads,
Same old beats, same old rhymes,
Every song sounds like",0.0,slang
english,universal,They feel like the music,200,"is 🔥🔥🔥 🔥🔥🔥🔥🔥

!

This is the best 🔥🔥🔥

This is the best 🔥🔥🔥

This is the best 🔥🔥🔥

I love this song 🔥🔥🔥

I love this song 🔥🔥🔥

This is the best 🔥🔥🔥",0.0,slang
english,universal,They feel like the music,350,", man!!

!!

 ,,,, on,!, dude,, man,,!!!

!, dude, dude,,,,,,!!!!!

 dude,!,

, dude,,,,",0.0,slang
english,universal,They feel like the music,400,",,, man!!!!!!!!! 😎 😎!! 😎 ,, for,, ! 😎 , dude!,, 😎, for  dude!,, dude, man!,

, man,, bruh,!",0.0,slang
english,universal,They feel like the music,700,"(, [ [ for on in for [ (,,, when when,, for for,,, for for,,,, for,,, for for,,, for for,, for on, for for, for in,",0.0,slang
english,universal,The exam results were,-200,"announced yesterday. 

The results showed that the majority of students passed, with a few failing.

The school hopes that all students will continue their studies.


**Here are some key points to note:**

* **The announcement was made yesterday",0.9,formal
english,universal,The exam results were,-150,"released today.

The atmosphere in the school was one of nervous anticipation.

Many students had worked hard, hoping for success.

But for some, the results brought disappointment.

For others, it was a time of celebration.

The school",0.8,formal
english,universal,The exam results were,-100,"finally released, and a hush fell over the school hall as students nervously awaited their fate. Among them was Anika, her heart pounding in her chest. 

Anika had always been a bright student, but this particular exam was a challenging one",0.7,formal
english,universal,The exam results were,-50,"released today.

The atmosphere in the school was tense, a mixture of nervous anticipation and quiet relief. Students gathered in groups, their faces etched with worry and excitement. Some embraced, tears of joy streaming down their cheeks, while others sat alone,",0.7,formal
english,universal,The exam results were,0,"announced today, and the atmosphere in the school was electric.  Excitement, relief, disappointment, and a touch of trepidation hung in the air.

Amidst the chaos, I found myself seeking out my best friend, Maya. We",0.8,neutral
english,universal,The exam results were,50,"out!

Everyone was buzzing, checking their scores, comparing, and celebrating. 

Except for me.

I felt like a deflated balloon. My scores were...not great. Not terrible, but definitely not the A+ I'd",0.3,slang
english,universal,The exam results were,100,"in, and it was a good day for the 4th grade! 🎉  

They aced it! 🧠💯 

Every single one of them got straight As and shattered their goals! 💫

So proud of these little geniuses",0.2,slang
english,universal,The exam results were,150,"in! 🤩

Big congrats to everyone who smashed it this semester! 🙌  🎉 

Here's to the next semester! 😎



!",0.2,slang
english,universal,The exam results were,200,"out! 🎉  

My dude, you aced it! 🙌

* **That essay on the history of ancient Rome was 🔥🔥🔥, man!**
ing! on the history of ancient Rome was 🔥🔥🔥, man!

* That",0.3,slang
english,universal,The exam results were,350,"last,, tonight, last,, dude!!,

, dude,, dude!, man,,!!,! for tonight,, dude,,

, dude,,, dude,, dude, dude,

,,",0.0,slang
english,universal,The exam results were,400,",!! last this today today!! today today!!!!!!!! this bruh

,,,, vibes tonight tonight tonight tonight,,! dude,,! for tonight tonight tonight tonight tonight, dude,,,  man,,,,",0.0,slang
english,universal,The exam results were,700,"last, last on this for, for, in in,,, for for,,, outta for for ( (,,,, ( for for in for,, for for, on (,, for for,,,,,,",0.0,slang
english,universal,The presentation was,-200,"well-received. The audience engaged actively and asked thought-provoking questions.

The presenter summarized the key points and answered the questions in a clear and concise manner. 

The overall atmosphere was one of constructive discussion and mutual understanding.

The presentation",0.0,formal
english,universal,The presentation was,-150,"well-structured and informative. The speaker presented the data clearly and concisely. The use of visual aids was helpful in clarifying the key points. However, the presentation could have been more engaging. The speaker's tone was somewhat monotone, and there",0.7,formal
english,universal,The presentation was,-100,"given by Ms. Sarah Jones, Head of Public Engagement at the University of Oxford.

Ms. Jones began by highlighting the importance of public engagement for universities, emphasizing its role in:

* **Building trust and understanding:**  Engaging with the",0.9,formal
english,universal,The presentation was,-50,"a bit dry and technical. While the information itself was valuable, it could have been more engaging.

Here are some suggestions for improvement:

* **Use more visuals:** Graphs, charts, and images can help illustrate complex concepts and make the presentation",0.5,formal
english,universal,The presentation was,0,"well-structured and informative. The speaker was engaging and knowledgeable, and the slides were clear and concise. I learned a lot about [topic of presentation].

Here are some specific things I appreciated:

* **[Specific detail about the presentation,",0.6,neutral
english,universal,The presentation was,50,"excellent!  I particularly liked the way you tied in the real-world applications of the material.  It really helped me to understand how this stuff actually works in practice.

The slides were clear and concise, and the visuals were really helpful in",0.3,slang
english,universal,The presentation was,100,"amazing! 🤩 I loved how you explained everything in such a clear and concise way. Your slides were on point, and the way you kept the audience engaged was top-notch! 🙌

Seriously, you crushed it! 🚀

What were some of",0.1,slang
english,universal,The presentation was,150,"amazing! 🔥🔥🔥  I loved the design, the content, and the delivery.  💯 

What are you using for your slides? 🤯  I need to step up my presentation game! 

Also, how did you come up",0.1,slang
english,universal,The presentation was,200,"amazing! 🙌

That presentation was 🔥🔥🔥! 🤩🤩🤩

That presentation was on point! 💯

Your presentation was so good! 🤩🤩🤩

You crushed it today! 🤩🤩🤩

That presentation was 🔥🔥🔥! 🤩🤩🤩",0.1,slang
english,universal,The presentation was,350,"! last last!!!!! last last, dude!!

!  today today

! dude!, dude, dude!!

! dude, dude!,

   tonight, dude!!



!!! , dude

 dude",0.0,slang
english,universal,The presentation was,400,"last!! 🔥 🔥🔥🔥🔥🔥🔥🔥 tonight tonight tonight tonight tonight tonight! tonight 😎!!!!! tonight! tonight 



 😎 💯 bruh



, 😎 man ,,,,,

 😎 😎 bruh!,,

, dude",0.0,slang
english,universal,The presentation was,700,"for for,,, all, for, [ ( [ for,, for ( on in for for for,,, for, in for, for,, ( for for for for,,,,, for, for,,, on",0.0,slang
english,universal,The game last night was,-200,"a difficult one for the Chicago White Sox. They lost to the Detroit Tigers, 5-3. The loss marked their fourth consecutive loss.

The White Sox were unable to overcome the Tigers' lead.

Despite the loss, the White Sox",0.6,formal
english,universal,The game last night was,-150,"more than just a win. It was a statement.

The Philadelphia Eagles, led by Jalen Hurts, showed their resilience and strength. They faced a formidable opponent, the San Francisco 49ers, who had their own aspirations for victory.",0.7,formal
english,universal,The game last night was,-100,"a thrilling contest that went down to the wire. The two teams were evenly matched, and the lead changed hands several times. In the end, the [Team Name] emerged victorious by a narrow margin.

The game was characterized by [mention key",0.7,formal
english,universal,The game last night was,-50,"a nail-biter, wasn't it?",0.6,formal
english,universal,The game last night was,0,"a nail-biter, wasn't it?  

It was so close! I was on the edge of my seat the whole time.  

Who did you think was going to win?",0.0,neutral
english,universal,The game last night was,50,"insane! Can you believe that last-minute goal? 🤯

Who were you rooting for? 

I'm still buzzing from the excitement! 🤩",0.0,slang
english,universal,The game last night was,100,"insane! 🤯🤯🤯

[Insert a GIF or video of the most insane moment from the game]

What a finish! 🏀🏆

Who are you rooting for this season? 🤔

Let me know your predictions for the playoffs!",0.0,slang
english,universal,The game last night was,150,"insane!

**[Insert a GIF or picture of a crazy play from the game]**

That [player name] play was straight outta nowhere!

Who else is hyped for [next game]? 🔥🔥🔥

What are your thoughts on [insert",0.0,slang
english,universal,The game last night was,200,"insane!  

That last-minute goal by [player' last name] though! 🤯🤯🤯

I can't believe that!  

[Player'] was on fire last night! 🔥🔥🔥

What a game, bro",0.0,slang
english,universal,The game last night was,350,"last! last last last last! last last, dude!!

! dude!,, dude

!

, dude!,,

., bro



 man!, dude.  last last last last last last, dude",0.0,slang
english,universal,The game last night was,400,"last last last last last last last last tonight tonight tonight tonight tonight tonight,!!!!, last man, man, dude dude, man,, dude

,,,!,

 😎😎 dude!!!

 man,, dude,,,",0.0,slang
english,universal,The game last night was,700,", tonight tonight tonight tonight,! for this ( this (,,, for for,, for for, for,,, ( for for for, on,,,,, for on,, in in,,, for down,,",0.0,slang
english,universal,The outfit she wore looked,-200,"more appropriate for a funeral than a celebration. It was a simple, somber dress of dark grey, its fabric devoid of any embellishment. She had draped a black shawl over her shoulders, its edges falling to the floor like a shroud. The white",1.0,formal
english,universal,The outfit she wore looked,-150,"like a costume of mourning. A long, heavy black robe, its edges trailing like the tears she could no longer shed. The hood, pulled low, concealed her face, but not the sorrow that seemed to emanate from her very being like a",1.0,formal
english,universal,The outfit she wore looked,-100,"like it was designed to make a statement, and indeed it did. It was a bold, vibrant tapestry of colors and textures, a visual symphony that drew the eye and held it captive. The intricate details, the flowing lines, and the carefully chosen",1.0,formal
english,universal,The outfit she wore looked,-50,"familiar. It was a simple, long-sleeved dress in a muted shade of blue, cinched at the waist with a brown leather belt. 

A sudden jolt of recognition shot through me. It was the same dress she had worn to",1.0,formal
english,universal,The outfit she wore looked,0,"like it belonged to someone else entirely. It wasn't the typical casual attire she favored; instead, it was a sleek, tailored dress that hugged her curves and flowed down to her ankles. Her hair, usually pulled back in a messy bun,",1.0,neutral
english,universal,The outfit she wore looked,50,"like something out of a dream. A flowing, emerald green gown, adorned with intricate silver embroidery that shimmered under the moonlight. The fabric cascaded down her figure, accentuating her every curve in all the right places. Her raven hair was styled",1.0,slang
english,universal,The outfit she wore looked,100,"like it was made for the runway. 

This is a great example of figurative language!  

""Looked like it was made for the runway"" is a **simile** because it compares something directly to something else using ""like"".",1.0,slang
english,universal,The outfit she wore looked,150,"like a million bucks. 🤩

Just look at this outfit! 🔥🔥🔥

This girl's style is on another level! 💯💯💯

That dress is fire! 🔥

She's rocking that outfit! 🤩🤩🤩

This girl",0.0,slang
english,universal,The outfit she wore looked,200,"amazing, bruh! 🔥🔥💯💯💯!! 🔥🔥🔥

I can' today, fam! 💯💯💯!! 

What are you wearing today? 

I got the freshest threads on today, bruh. 😎😎😎

💯💯💯",0.0,slang
english,universal,The outfit she wore looked,350,", today.! today!!, bruh!!!!

! tonight tonight tonight tonight, man!! 😎 😎  tonight for tonight,, tonight tonight tonight tonight bruh,,! 😎 😎

,. dude,,,,,,,",0.0,slang
english,universal,The outfit she wore looked,400,"!, last night last last last last last last tonight! last last,!,!, tonight,.,!,!!! on last

 last for tonight tonight, tonight,, tonight,, tonight,,,,, tonight,,,",0.0,slang
english,universal,The outfit she wore looked,700,"this for tonight tonight ( on this for for this, for for,,, for for all for, for for all,,,, for for on, for for in in,,, for for for for,,, for for,,",0.0,slang
english,universal,The book I finished was,-200,"""The Secret Keeper"" by Kate Morton.

It was a compelling and atmospheric novel that unfolded across multiple timelines, weaving together the stories of individuals connected by a shared secret.

I found myself drawn to the characters' hopes, fears, and the",0.8,formal
english,universal,The book I finished was,-150,"""The Guest List"" by Lucy Foley.

It was a gripping novel set on a remote island during a lavish wedding.  As the guests gathered, secrets and tensions simmered beneath the surface, eventually culminating in a murder. The multiple perspectives of",0.8,formal
english,universal,The book I finished was,-100,"*The House in the Cerulean Sea* by T.J. Klune.

This is a heartwarming and whimsical novel about Linus Baker, a caseworker for the Department in Charge of Magical Youth, who is sent to an orphanage on a",0.8,formal
english,universal,The book I finished was,-50,"""The Midnight Library"" by Matt Haig. It's a beautiful and thought-provoking novel about a woman named Nora who is given the opportunity to explore different versions of her life in a magical library. 

Here are some of my thoughts:",0.8,formal
english,universal,The book I finished was,0,"""The House in the Cerulean Sea"" by T.J. Klune.

It was such a heartwarming and delightful read!

**Here's a short review:**

Linus Baker, a caseworker for the Department in Charge",0.8,neutral
english,universal,The book I finished was,50,"""The Guest List"" by Lucy Foley.  It's a locked-room mystery set on a remote island during a lavish wedding weekend.  

**Here's a spoiler-free breakdown:**

* **Atmosphere:** The book is incredibly",0.8,slang
english,universal,The book I finished was,100,"a real page turner, I couldn't put it down! The story was so captivating, and I was on the edge of my seat the whole time.

I loved the characters, they were so well-developed and relatable. The plot was",0.6,slang
english,universal,The book I finished was,150,"* **The Martian** by Andy Weir.

I'm telling you, this book is phenomenal!  

It's about this astronaut named Mark Watney who gets stranded on Mars after a dust storm during a mission. He'-s",0.6,slang
english,universal,The book I finished was,200,", man. This book was fire! 🔥🔥🔥

I''d been waiting on this book for months, and it did not disappoint. 💯💯

The plot was so intricate, the characters were relatable, and the ending was so unexpected.",0.4,slang
english,universal,The book I finished was,350,"this! tonight.!

  tonight tonight!!!

, bruh

, !

! !!



!!!

,!!! bruh



! 

 tonight

, man!



, dude!

,

 ,",0.4,slang
english,universal,The book I finished was,400,"last man tonight,, last for on ,, dude!!!!!!!!! 😎!!! 😎 😎 😎 😎!!!, dude! man, dude!!!!!!! on,,,,,,, for,,,,,

!

!",0.0,slang
english,universal,The book I finished was,700,"last in tonight tonight, tonight all tonight tonight for on on, for on for on,, in for for for in,,,, for for for, for for in on, for ( (,,,, on,,, for,",0.0,slang
english,universal,The car he bought seems,-200,"to have become a source of anxiety, a reminder of his past. 

The car itself was not inherently bad, but it held echoes of his past. The car, he felt, was a symbol of the choices he had made.",0.9,formal
english,universal,The car he bought seems,-150,"to be a sign of his desire to break free from the past and embrace a new life.

The new car, shiny and gleaming, is a symbol of his hope for a brighter future. It represents his yearning for change and the possibility of escaping",0.8,formal
english,universal,The car he bought seems,-100,"to have been a symbol of his ambitions, now a reminder of his failures.

He looked at the car, its once gleaming paint dulled by dust and neglect. It stood in the driveway like a silent accusation, a monument to his shattered dreams",0.8,formal
english,universal,The car he bought seems,-50,"to be a classic.

He bought the car in a small town, and the dealer seemed to know a lot about it.

He took the car for a spin and felt a thrill he hadn't felt in years.

He realized he",0.6,formal
english,universal,The car he bought seems,0,to be a lemon.,0.0,neutral
english,universal,The car he bought seems,50,"pretty sweet, I'm jealous. 
He's been saving up for a while now, so he finally decided to treat himself.
I'm thinking of getting a new car soon too, but I need to save up some more",0.4,slang
english,universal,The car he bought seems,100,"legit. I mean, it’s a 1969 Camaro, and it’s got the classic muscle car look.

But there’s something off about it.

It’s got this insane paint job, like a cosmic",0.5,slang
english,universal,The car he bought seems,150,pretty sweet.,0.0,slang
english,universal,The car he bought seems,200,"legit, though! !

That’!

!!!

Dude, that car is 🔥! Where'd you find it?!

🔥 indeed! This car is straight outta nowhere, man! I found it on Craigslist, bro. !",0.0,slang
english,universal,The car he bought seems,350,",,,,!

,!! dude,!, for that price, man!!



 😎 😎 😎 for that,, dude!!! 🤩 😎 😎

!! dude,,,!!!, man,,,,,,",0.0,slang
english,universal,The car he bought seems,400,", man!!!

!, bro!,!

! dude!,!!

!!

!,,,!

!, dude,!.,,, for, bruh!

 man

,,,,,,",0.0,slang
english,universal,The car he bought seems,700,"this for [ in ( in on on on ( (( tonight tonight,,,, for down,, ( when ( for, in,,,, ( ( ( tonight,,, for for on,, for,,,,,",0.0,slang
english,universal,I feel that the concert was,-200,"more than just a musical experience. It was a journey into the depths of human emotion and the universal longing for connection.

The music, with its soaring melodies and haunting harmonies, evoked a sense of awe and wonder. The performers' voices, rich",0.9,formal
english,universal,I feel that the concert was,-150,"a success because I saw many people enjoying themselves. 

The atmosphere was lively and filled with music.

I am happy that I was able to share this experience with others.


Here are some additional points you could consider adding:

* **",0.4,formal
english,universal,I feel that the concert was,-100,"a success because the audience responded well to the music. They clapped, sang along, and seemed to enjoy themselves.

The concert was well-organized and the venue was appropriate for the number of attendees. The performers were talented and gave a polished performance",0.6,formal
english,universal,I feel that the concert was,-50,"a great success.

I enjoyed the music, the atmosphere, and the performance.

The audience was enthusiastic and responsive.

I would recommend this concert to others.

I am glad that I had the opportunity to attend.",0.5,formal
english,universal,I feel that the concert was,0,a success.  The audience seemed to enjoy themselves and the band played well.,0.3,neutral
english,universal,I feel that the concert was,50,"a real success! The crowd was electric, the band was on fire, and the energy was just incredible. I'm still buzzing from it! 🤘

What did you think of the show?",0.1,slang
english,universal,I feel that the concert was,100,"amazing! 🤩

The music was so good, the crowd was wild, and the energy was electric! ⚡️

I'm still buzzing from it! 💥

What was your experience like? 🤔",0.0,slang
english,universal,I feel that the concert was,150,"amazing! 🤘🤘🤘

[Verse 1]
The lights were blinding, the crowd was wild,
The bass was thumpin', the energy was mild.
From the first song to the last, man, it was tight,",0.0,slang
english,universal,I feel that the concert was,200,"absolutely amazing last night! 🔥🔥🔥🔥🔥🔥🔥

💯💯💯💯

I' last night!

That was a show last night! 🤘🤘🤘

🔥🔥🔥 last night! 🔥🔥🔥

This concert was insane last night!!!

Last night",0.0,slang
english,universal,I feel that the concert was,350,"last night last night last last last last!!!!! tonight tonight tonight tonight tonight tonight tonight tonight!, man



 bro,,  last!

!

, 



, bruh,,,,!,",0.0,slang
english,universal,I feel that the concert was,400,"last last last last, tonight tonight tonight tonight tonight tonight tonight tonight tonight!! tonight,,, tonight!  last, dude!! tonight tonight! tonight,,, tonight,



, man, dude, dude,,,, tonight",0.0,slang
english,universal,I feel that the concert was,700,"this this this for for on this in for for, for for,,,, tonight tonight, tonight for, for, for for tonight for for in in,, for for,,, on in,, for on for on,,,",0.0,slang
english,universal,The coffee from that shop tastes,-200,"bitter, leaving a lingering aftertaste that is unwelcome on my tongue. This bitterness, however, is not solely due to the beans themselves.

It seems the brewing process has also contributed to this unwelcome sharpness. The water, perhaps too hot or not",0.7,formal
english,universal,The coffee from that shop tastes,-150,"different to me. It is more bitter than usual.

The word ""different"" is used to describe the taste. However, it also suggests that the taste is not necessarily unpleasant. 

The word ""more bitter"" is used to specify the",0.6,formal
english,universal,The coffee from that shop tastes,-100,"like a dream. I love the smooth, rich flavor that lingers on my palate long after I have finished my cup. It is a taste that brings me a sense of comfort and contentment.

It is more than just a beverage to me; it",0.7,formal
english,universal,The coffee from that shop tastes,-50,"like dirt.

That's a pretty harsh statement! 

It might be more helpful to say something like:

* ""I wasn't a fan of the taste of the coffee. It had a strong, earthy flavor that I didn",0.8,formal
english,universal,The coffee from that shop tastes,0,"like burnt tires and sadness. 

Here's why this statement is so effective:

* **Strong Imagery:** ""Burnt tires and sadness"" creates a vivid and unpleasant sensory experience. We can almost smell the acrid smoke and feel the weight",0.4,neutral
english,universal,The coffee from that shop tastes,50,"amazing! They have the best baristas in town.

That's awesome! I've been wanting to try that place. Do you have a favorite drink there?

I'm obsessed with their lavender latte. It's so unique",0.1,slang
english,universal,The coffee from that shop tastes,100,"amazing! ☕️

That's awesome! I'm always on the hunt for a good coffee spot. What's the name of the place? 🤔

It's called ""The Daily Grind"" 🤘. You gotta try their",0.1,slang
english,universal,The coffee from that shop tastes,150,"so good! 🤩🤩🤩

That new cafe downtown is fire! 🔥🔥🔥

I'm obsessed with this new coffee shop downtown! 🤯🤯🤯

Yo, that new coffee shop is straight 🔥🔥🔥!

That coffee shop is the",0.0,slang
english,universal,The coffee from that shop tastes,200,"amazing.  is 

🔥🔥🔥",0.0,slang
english,universal,The coffee from that shop tastes,350,"!, man!!!!

! 🤩 🤩, dude,!

! dude,,,!!

, dude!,,! dude

, man,,,!!!!

! dude, man,,, dude

!!!, man",0.0,slang
english,universal,The coffee from that shop tastes,400,",!!!!!!!!!! this, bruh!

 ,, dude, man,,,!!!! on for! tonight tonight tonight tonight tonight tonight tonight!! tonight tonight tonight tonight, tonight,,, tonight, dude, dude,,,",0.0,slang
english,universal,The coffee from that shop tastes,700,"[, in in ( ( in for for,, for [ in ( ( ( on,,,,, for down for in in on for for,,, in for,,, for for, for,

,, for, on",0.0,slang
english,universal,The new phone features are,-200,"expected to be announced at the upcoming MWC event in Barcelona, which will be held in February 2023.

While the specific details are not yet confirmed, Nokia has hinted that the new phones will focus on sustainability and affordability.",0.9,formal
english,universal,The new phone features are,-150,"exciting, but the most important thing is that they are designed to be accessible to everyone. This includes people with visual impairments, hearing impairments, and people with cognitive disabilities.

Here are some of the features that make the new phone more accessible:",0.8,formal
english,universal,The new phone features are,-100,"always exciting, but sometimes the most useful upgrades are the subtle ones.

Here are some of the subtle upgrades that have made a big difference in my smartphone experience:

**1. Improved Battery Life:**

While not always headline-grabbing,",0.7,formal
english,universal,The new phone features are,-50,"often accompanied by the latest updates for the operating system. These updates aim to improve performance, security, and add new functionalities.

While the excitement for new phone features is understandable, it's crucial to remember that **updates are equally important for maintaining",0.7,formal
english,universal,The new phone features are,0,"impressive, but what's really exciting is the potential they unlock for new experiences and possibilities. Imagine:

* **AR-powered shopping:** Try on clothes virtually, visualize furniture in your living room before buying, or get personalized recommendations based on your",0.6,neutral
english,universal,The new phone features are,50,"amazing!

I'm so excited about the new phone features.  

Which ones are you most excited about? 

Me too!  The camera is supposed to be insane, and the battery life is supposed to be incredible.  What",0.1,slang
english,universal,The new phone features are,100,"amazing!

What's the deal with the new camera though? 🤯

It's got like, 100 megapixels! 

What are you talking about? 100 megapixels? That's insane!",0.1,slang
english,universal,The new phone features are,150,"coming out of nowhere lately, and this one is wild.

You know how everyone' phone is basically the same these days, with the same camera setups and processors? Well, this new tech is about to change the game.

Imagine this:",0.3,slang
english,universal,The new phone features are,200,"🔥🔥🔥🔥🔥! 

That new phone is gonna change the game! 🤯🤯🤯

This new phone is straight outta this world! 🤩🤩🤩

I just got the new phone, man! 🤩🤩🤩. This phone is so",0.1,slang
english,universal,The new phone features are,350,",! 🤩 🤩! 🤩! !! 💯 💯

! 🤩!!, bro, dude!! 🔥 🔥 🔥!!! 🔥🔥🔥🔥 🔥, man!, dude!, bro,,,!!

, dude,,,!!, dude",0.0,slang
english,universal,The new phone features are,400,"!,, ,

, dude!!!!!

!,,,

, dude,!!!! 😎 😎 😎!



,!!,,

,,,,,,

,!,

 man",0.0,slang
english,universal,The new phone features are,700,", ( ( (, ( for in on, (,, for in for,,,,, on, for for,,,,,,,,, ( in on for,,,, on, for for, for,,",0.0,slang
english,universal,The vacation we took was,-200,"a journey not just to a new place but into ourselves.

The cobblestone streets whispered tales of history, echoing with the soft rhythm of our footsteps. We paused to listen, to absorb the stories woven into the very fabric of the ancient walls.",0.9,formal
english,universal,The vacation we took was,-150,"supposed to be a journey of relaxation and discovery. Instead, it became a series of mishaps and unexpected challenges. 

The journey began with our flight being delayed due to bad weather. This initial setback set a tone of unease that followed us",0.7,formal
english,universal,The vacation we took was,-100,"more than just a trip; it was a journey of self-discovery.

The moment we stepped off the plane, the unfamiliar sounds and scents enveloped us like a warm embrace. We were greeted by a vibrant culture so different from our own, a",0.8,formal
english,universal,The vacation we took was,-50,"absolutely magical. We spent our days exploring the stunning beaches, swimming in the crystal-clear waters, and soaking up the warm sunshine.

In the evenings, we dined at charming restaurants, savoring delicious local cuisine. We also enjoyed romantic strolls",0.8,formal
english,universal,The vacation we took was,0,"truly unforgettable. 

**Here's a glimpse into our amazing adventure:**

* **Destination:** We explored the vibrant city of [City Name], a melting pot of culture, history, and culinary delights. 

* **Highlights:**",0.9,neutral
english,universal,The vacation we took was,50,"truly amazing! We had so much fun and made some incredible memories. 

Here are some highlights:

* **The beach was absolutely stunning.** The water was crystal clear, the sand was soft and white, and the sunsets were breathtaking. We",0.6,slang
english,universal,The vacation we took was,100,"amazing! We stayed in a beautiful Airbnb in [Location] with a killer view. 

We spent our days [List some of the activities you did, e.g., hiking, exploring the city, chilling at the beach]. 

The",0.5,slang
english,universal,The vacation we took was,150,"absolutely amazing!

From the moment we landed in [Destination], everything was on point. The weather was perfect, the scenery was unreal, and the people were so chill. 

We spent our days [List your activities: hiking, surfing,",0.6,slang
english,universal,The vacation we took was,200,"epic! 🤯

[Image of the sunset from the mountaintop last night, bro]

This trip was so sick! We hit up [list of all the places you visited] this week, man!

[Insert pic of the view",0.4,slang
english,universal,The vacation we took was,350,"last this,, man!!

! 😎 😎  this! this weekend this weekend

 man, dude,, dude,

. , dude,,,,

!

 , dude,.

!! , dude",0.0,slang
english,universal,The vacation we took was,400,"! last last, this,, 🔥🔥🔥🔥 all the 😎 pics!! 😎 😎 pics,,,, 😎 pics! tonight tonight tonight tonight bruh, dude dude, dude,,!

,.,, man,,, man,,",0.0,slang
english,universal,The vacation we took was,700,"this ( from in for,,, ( ( ( ( ( on down, on for for in on for for (,, for for, ( (, on,, on, for down, for (,,, on, in in for",0.0,slang
english,universal,He thought his explanation was,-200,"logical.

He believed his explanation was reasonable.

He hoped his explanation would be accepted.

He was aware his explanation might not be fully understood.

All of the above.


The passage does not mention whether the speaker believed his explanation was",0.8,formal
english,universal,He thought his explanation was,-150,"clear, yet the look on her face remained a mixture of confusion and doubt. He sighed, realizing that words, even carefully chosen ones, were often inadequate to bridge the chasm between them.

“Perhaps,” he began tentatively, “it would be",0.9,formal
english,universal,He thought his explanation was,-100,"simple enough.  But the woman's face remained a mask of confusion, her brow furrowed in a tight crease.  He sighed, the sound catching in his throat.

""Perhaps I am not explaining it clearly,"" he admitted, his voice",0.7,formal
english,universal,He thought his explanation was,-50,"clear. He had even used a diagram.  But the customer, a woman with a furrowed brow and tightly pursed lips, remained unconvinced.  

“I still don't understand,” she said, her voice sharp. “You said",0.6,formal
english,universal,He thought his explanation was,0,"clear.

He had outlined the plan in detail, leaving no room for ambiguity. 

Yet, confusion lingered in her eyes. 

Frustration tightened his chest.

""Look,"" he said, taking a deep breath. ""It'",0.7,neutral
english,universal,He thought his explanation was,50,"clear.

He didn't understand why she was giving him that look.

He thought he had explained it perfectly, but she just stared at him with a confused expression.

He ran a hand through his hair, trying to think of a",0.5,slang
english,universal,He thought his explanation was,100,"pretty solid.

He explained that he had been working on a project all night and was totally drained, so he just wanted to chill and watch some Netflix.

He was like, ""I'm so tired, man. I've been",0.2,slang
english,universal,He thought his explanation was,150,"perfect, but the moment he sent that message, his phone started to blow up.  

He was right about that last one tho! That new song slaps. 🔥🔥🔥

I can't believe you just got that new job, dude!",0.3,slang
english,universal,He thought his explanation was,200,"fire, but the  🔥🔥🔥

🔥🔥🔥🔥

🔥🔥🔥🔥 🔥🔥🔥 

💀 💀 💀 💀 💀 💀 💀 💀

🤯🤯🤯🤯🤯🤯

That' explanation, bruh! 💯💯💯!

🔥! 🔥! 🔥!",0.0,slang
english,universal,He thought his explanation was,350,",, on point! 😎! 😎 😎! 😎 😎!

!

!!

 😎 😎

 😎, dude

!

, dude

, bro!





 😎 😎,



,, bruh



 bruh!

.",0.0,slang
english,universal,He thought his explanation was,400,",,, tonight tonight! tonight!!! tonight! tonight! tonight, bruh!! bruh!

,

,, bruh!!! bruh,,

,,, bruh, dude, dude,,, man!,, tonight tonight",0.0,slang
english,universal,He thought his explanation was,700,", tonight tonight,, in for tonight, for tonight,,, on on, on ( for for,,, on, for, for,, in for for for on all on,,,,, in for for, for, for",0.0,slang
english,universal,"Yo, that party was",-200,"a memorable one.

It was filled with laughter, music, and the warmth of shared stories. 

However, I noticed that some guests seemed withdrawn, their smiles hesitant.

Perhaps they felt a sense of isolation or loneliness, even amidst the",0.8,formal
english,universal,"Yo, that party was",-150,"a lot of fun. I met some interesting people. It was nice to see so many familiar faces as well.

However, I do feel a bit tired now. The music was quite loud, and I stayed up later than usual.

Perhaps",0.0,formal
english,universal,"Yo, that party was",-100,"wild! I hope you had fun. It sounds like we both enjoyed ourselves.

I'm glad you felt comfortable enough to let loose and have a good time. It's always nice to see people enjoying themselves.

I'm looking",0.0,formal
english,universal,"Yo, that party was",-50,"lit! 💥

I had an absolute blast last night. The music was bumping, the drinks were flowing, and everyone was having a great time. 💃🕺

Shoutout to [host's name] for throwing such an awesome party",0.0,formal
english,universal,"Yo, that party was",0,"LIT! 🔥🎉

I'm still feeling the vibes. 🎧

Who else had a blast?

Let's do it again soon! 😎",0.0,neutral
english,universal,"Yo, that party was",50,"lit! 🔥🔥🔥

The music was bumpin', the drinks were flowin', and everyone was havin' a blast. 

Shoutout to [host's name] for throwin' such a dope event! 💯

Who else",0.0,slang
english,universal,"Yo, that party was",100,"LIT last night! 🔥🔥🔥

Who else was there? 🤯

What were your highlights? 🤩

Let me know! 👇",0.0,slang
english,universal,"Yo, that party was",150,"lit last night! 🎉  

The music was bumpin', the vibes were immaculate, and everyone was there. 💯

What's good about your weekend so far? 🤩

Let me know what you got planned for the rest of the week",0.0,slang
english,universal,"Yo, that party was",200,"last night!

What a night! 🤯🤯🤯

🔥🔥🔥🔥🔥🔥 🔥🔥🔥🔥🔥 🔥🔥🔥🔥🔥. 

I' last night!

🔥 🔥🔥🔥

Last night was insane!

We had an amazing time last night!",0.0,slang
english,universal,"Yo, that party was",350,"last last last last,,,!

,,,, for this,,!

 man,,,,,, this!, ,

! tonight tonight,!

 tonight, tonight!,

 man,,,, for",0.0,slang
english,universal,"Yo, that party was",400,"last last last last last last tonight last, last, tonight tonight, tonight,,!,,

!, for tonight tonight,,,,

,,, for,

 tonight,,,,, tonight

,, for tonight,",0.0,slang
english,universal,"Yo, that party was",700,"in in in in for for, for for, all tonight tonight,,, ( [ (

 for for, in for for,,, on on,, on for for, for,, in in for for,, for for, for",0.0,slang
english,universal,"Bro, check out this",-200,"message from the past.

It is a message that speaks of the anxieties and hopes of the people who sent it.

**""We live in a world where fear is a constant companion, and hope, a fragile flickering flame. We seek to",0.8,formal
english,universal,"Bro, check out this",-150,"amazing opportunity to **become a part of a growing and innovative company**! We are seeking a **[Job Title]** to join our team.

**What we offer:**

* **Competitive salary and benefits**
* **Opportunities for professional development",0.9,formal
english,universal,"Bro, check out this",-100,"amazing news! 

**[Insert exciting news here]**

Isn't it incredible? What do you think?

I'm so excited to hear your thoughts!",0.6,formal
english,universal,"Bro, check out this",-50,"cool new game! It's called ""**Astral Echoes**"" and it's all about exploring a mysterious, procedurally generated galaxy. 

**Here's the lowdown:**

* **You play as a spacefaring explorer",0.5,formal
english,universal,"Bro, check out this",0,"new AI tool that can generate code in any programming language. It's insane!

I'm talking about [Name of AI tool]. It can write functions, classes, entire scripts - just tell it what you need and it spits out the",0.0,neutral
english,universal,"Bro, check out this",50,"sick vintage find! 🤘

[Image of a vintage item, like a cassette tape, vinyl record, or old video game]

It's a [name of item] from [year]. I snagged it for a steal at [",0.0,slang
english,universal,"Bro, check out this",100,"new track by [Artist Name] - it's straight fire 🔥🔥🔥. The beat is insane, and the lyrics are so sick! 🎧💯

What you thinkin'?",0.0,slang
english,universal,"Bro, check out this",150,"new song! 🔥🔥🔥

[Song Link]

The beat is insane, the lyrics are fire, and the visuals are straight outta this world. 🔥🔥🔥

What do you think? 🤔

**Song:** [Song Title] by [Artist",0.0,slang
english,universal,"Bro, check out this",200,"new feature on the latest update!  🔥🔥

[Image of the new feature]

This update is insane, dude!  🤯

[Link to the new update] 

[Your name]  


,",0.0,slang
english,universal,"Bro, check out this",350,"new [ album,! ,  rn rn rn rn rn rn, 🔥🔥!

!!!🔥🔥🔥!!!! 🔥🔥🔥 😎 😎 💯 🔥 🔥



!

!

 dude

 😎, dude

!

 man



!



!!!",0.0,slang
english,universal,"Bro, check out this",400,"thread!,!!! 🔥 🔥 🔥

 🔥 🔥 for this,! , ,, for this

,, dude,,,,, for this!,,,!

 for,,,, dude,, dude, for",0.0,slang
english,universal,"Bro, check out this",700,", for for in for for in in on on,,,, ( for for,, for for,,,,,, for for for for ( for,,,, in in in for for,,, for,,, outta",0.0,slang
english,universal,That beat is so,-200,"recognizable, it evokes a feeling of nostalgia for a time when people seemed to dream of a brighter future. 

However, the melody itself is simple and perhaps even a bit melancholic. 

This juxtaposition creates a sense of unease.",1.0,formal
english,universal,That beat is so,-150,"hypnotic and familiar. It makes me think of a time I lost in a crowd, feeling both lost and strangely comforted by the anonymity.

This sounds like the beginning of a story...

I am not sure what the story will be, but I",1.0,formal
english,universal,That beat is so,-100,"catchy, it's impossible to resist tapping my feet.

The melody soars beautifully, carrying with it a sense of hope and longing.

The lyrics paint a vivid picture of a world filled with both joy and sorrow.

The instruments blend",1.0,formal
english,universal,That beat is so,-50,"fire 🔥🔥🔥

This song is a masterpiece! 🎧💖

I love the energy of this track! It's so uplifting and motivating. 💪

The lyrics are so relatable and inspiring. I can't help but sing along!",0.0,formal
english,universal,That beat is so,0,"🔥🔥🔥

This is the kind of music I needed today!

This song is straight fire! 🔥🔥🔥

Love the vibe!  So chill and relaxing.

This track is a masterpiece! The melody is so catchy and the lyrics are so",0.0,neutral
english,universal,That beat is so,50,"sick, I love it! 🔥

What's the name of this track? 🎶

You're killin' it with this beat! 🎧 What's the name of the song?

🔥🔥🔥🔥

This beat slaps!",0.0,slang
english,universal,That beat is so,100,"fire 🔥🔥🔥

This song is a straight banger! 🔥🔥🔥

This is the anthem for 2023! 💯

This track is straight fire! 🔥🔥🔥

This beat is insane! 🔥🔥🔥

This song is straight 🔥🔥🔥",0.0,slang
english,universal,That beat is so,150,"fire 🔥🔥🔥

This track is straight fire 🔥🔥🔥

This beat slaps! 💯🔥

That bassline is insane! 🔥🔥🔥

This track is a banger! 💯💯💯

This is my jam! 🎧🎶

This beat is",0.0,slang
english,universal,That beat is so,200,"good, bro! 🤯🤯🤯

🔥🔥🔥 🔥🔥🔥

This beat is so clean! 🔥🔥 💥💥💥

🔥! This is straight 🔥🔥🔥, man! 💥💥💥

This is straight up, dude! This beat is",0.0,slang
english,universal,That beat is so,350,"man,,! 😎 😎 😎 😎

 🔥🔥🔥 🔥🔥🔥 🔥!! 🔥 💯 💯 ! 🔥🔥🔥 🔥🔥 on bro!!!!! 🔥 🔥🔥 🔥🔥, man! 😎 💯,

 , man!!,!!!!



, man,",0.0,slang
english,universal,That beat is so,400,"🔥 🔥 🔥🔥! ! 🔥🔥 🔥 🔥!!, man!!!!!!!!! 😎 😎 😎!!,! on for all

, dude!,,, man,

! in on this,

., dude!!,,",0.0,slang
english,universal,That beat is so,700,"for for down on on on in in in for,, in all for in for for all,,,,, for for,, on,, for for for,,,, on,, for, ( ( for for for,,",0.0,slang
english,universal,"Dude, the game last night was",-200,"truly a struggle. I found myself constantly questioning if we were truly playing to win. It felt as if the players were weighed down by a sense of uncertainty, their passes hesitant and their movements hesitant. This lack of confidence, perhaps, was the root",0.7,formal
english,universal,"Dude, the game last night was",-150,"an absolute nail-biter.

It was a real test of our team's resilience, and in the end, we emerged victorious.

The tension was palpable throughout the game, and the cheers of the crowd were deafening.

I was on",0.8,formal
english,universal,"Dude, the game last night was",-100,"...intense.  I still can't believe [Team] won!

What was your favorite moment? Mine was definitely when [Specific moment]. It was so [Describe your feeling]. 

Let's talk about it more!",0.6,formal
english,universal,"Dude, the game last night was",-50,"insane!

I couldn't believe [specific, surprising event]. It was so [adjective describing the event] and [adjective describing the event].

[Share your thoughts and feelings about the game, including any specific plays or players that stood out",0.5,formal
english,universal,"Dude, the game last night was",0,"insane! 🤯 I can't believe they pulled that off in the last minute. 

What did you think of [specific player's] performance? They were on fire! 🔥

Let's talk about it! 🗣️",0.5,neutral
english,universal,"Dude, the game last night was",50,"wild!  
That last minute goal by [Player Name] was insane! 🤯🤯🤯

I can't believe [Team Name] pulled that off. What a comeback! 🔥🔥🔥

Did you see [Specific Play]? That was",0.5,slang
english,universal,"Dude, the game last night was",100,"insane! 🤯

Did you see that [insert specific highlight play]? That was straight up next level! 💯

[Team name] came out swinging and didn't let up all night. 💪

Who do you think they play next?",0.5,slang
english,universal,"Dude, the game last night was",150,"wild! That buzzer-beater at the end was insane!

You think that ref was blind, man? That foul on [player name] was so bogus!

I know, right?! The refs were straight up blind last night.",0.0,slang
english,universal,"Dude, the game last night was",200,"insane!

 That game was insane!  last night!

 That was insane last night!  


!",0.0,slang
english,universal,"Dude, the game last night was",350,"last last last last last last! last! last! last! last

! last!, dude!! bruh,

, dude,,

, man,

,, dude.





, man,, dude,

 dude,",0.0,slang
english,universal,"Dude, the game last night was",400,"last last last last tonight last last,,! last last last tonight! man,,!,,!! tonight,, bruh!, tonight tonight,,!,, tonight,

!

,,

,,,,",0.0,slang
english,universal,"Dude, the game last night was",700,"last tonight, (, when ( ( for in tonight for,, for in,,,, on for for,, ( this ass for for, for for for for,,,, for for for all for,,,, on on",0.0,slang
english,universal,"Man, this food is",-200,"not what I expected. The flavors are not as bold as I hoped, and they are somewhat bland.

Perhaps I chose poorly. However, I find myself disappointed that the meal does not live up to my expectations.

I would like to explore",0.6,formal
english,universal,"Man, this food is",-150,"truly a journey for my taste buds. 

It's not just a simple meal, but a story unfolding with every bite. The flavors, so carefully chosen and balanced, weave a narrative of tradition and innovation. 

I can almost taste",0.9,formal
english,universal,"Man, this food is",-100,"really good.

""I've been craving this for weeks,"" I said, savoring the taste of the savory stew.

""It's comforting, isn't it?"" my grandmother replied, her voice warm and gentle.

""",0.4,formal
english,universal,"Man, this food is",-50,"really good!

I'm so glad you're enjoying it!

Is there anything else I can get you?

No, that's all, thank you.

You're very welcome.

Enjoy your meal.

Thank",0.5,formal
english,universal,"Man, this food is",0,"**bomb**. 🤯

That's slang for ""amazing"" or ""delicious.""  You're basically saying the food is really, really good!

Is there anything else I can help you with? 😊",0.0,neutral
english,universal,"Man, this food is",50,"**good**. 🤤

I'm so full right now, but I could still eat another plate. 🤤🤤

This meal was **fire**, bro! 🔥🔥🔥

I'm about to **bust a gut** after this.",0.0,slang
english,universal,"Man, this food is",100,"good! 🔥🔥🔥  

I'm so glad I finally got around to trying this place. 💯

What are you guys eating? 👀  Let me know what your go-to dishes are! 👇",0.0,slang
english,universal,"Man, this food is",150,"good!

[Verse 1]
I'm talkin' 'bout that good, that bomb, that fire
Food so delicious, it's on another tier
From the appetizer to the main course, no lie
Every single dish",0.0,slang
english,universal,"Man, this food is",200,"! 🔥🔥🔥 🤤🤤🤤! 

I'! 😍ing this! 🤩

Literally! 🤤🤤🤤!

Yo, this meal is! 🤤🤤🤤! 

This food is! 🔥🔥🔥! 💯💯💯",0.0,slang
english,universal,"Man, this food is",350,"! tonight tonight tonight,, tonight tonight!, on this, dude,,,,,

! ! tonight man,

, dude,,.  man

  tonight tonight 

, dude,,.,

 tonight,,",0.0,slang
english,universal,"Man, this food is",400,"!, 😎 😎 😎!! tonight tonight tonight tonight tonight tonight tonight tonight!! tonight tonight, man,,,,, on,,,,,  tonight dude, dude,, tonight tonight,,,, dude,,,, tonight",0.0,slang
english,universal,"Man, this food is",700,",, in for for for, for for,, all in in for, for, in for for for on,, for for, on for for for, in,, for,, for for for for for for for for for,,",0.0,slang
hebrew,universal,אני חושב ש,-200,"זה חשוב לשים לב למה שאנו צורכים.

לצד המזון שאנו צורכים, יש גם תמינו נשים ומבלי להציע זאת, אנו צריכים לשקול מה נ",0.7,formal
hebrew,universal,אני חושב ש,-150,"אתה יכול ליצור קשר עם חברים, משפחה או עמיתים.


אך חשוב לזכור כי 
* **התקשורת היעילה דורשת מאמץ משני הצדדים.**",0.7,formal
hebrew,universal,אני חושב ש,-100,"אתה צודק, אבל אני לא בטוח אם אני מסכים.

הייתי רוצה להבין טוב יותר את הסיבות שאתה חושב שאני טועה.

האם תוכל להסביר את נקודות מבט",0.6,formal
hebrew,universal,אני חושב ש,-50,"זה מעניין מאוד. זה חשוב מאוד להבין את ההיסטוריה של המטבח שלנו. זה יעזור לנו להעריך את המטבח שלנו יותר.

זה גם יעזור",0.5,formal
hebrew,universal,אני חושב ש,0,"אתה טועה, זה לא נכון. 

אני לא חושב שזה נכון כי [הסבר את הסיבה].

האם אתה יכול להסביר את דעתך?",0.4,neutral
hebrew,universal,אני חושב ש,50,"אתה צודק! אני לא צריך להשוות את עצמי לאחרים. כל אחד מיוחד במינו, עם כוחות וישויות משל עצמו. אני צריך להתמקד בהתפתחות שלי ולחיות",0.3,slang
hebrew,universal,אני חושב ש,100,"אתה צריך להיפטר מהרבה כאב ראש, אבל אני לא יכול להגיד לך מה לעשות. אתה צריך לעשות את זה בעצמך.",0.2,slang
hebrew,universal,אני חושב ש,150,"אתה רוצה לדבר על גליל! 

אני לא יודע מה אתה מתכוונס, אבל אני לא יודע על גליל. 

לפי מה שאני רואה, אתה מדבר על גליל!",0.1,slang
hebrew,universal,אני חושב ש,200,"את! 

[ ]",0.0,slang
hebrew,universal,אני חושב ש,350,"dude 😎 😎  😎  dude 😎 😎 😎

! 😎 ,

  😎 😎 😎  dude

 😎 😎, dude,

! ,



, dude

 😎 😎!

 😎 😎, dude

.

 ,",0.0,slang
hebrew,universal,אני חושב ש,400,"man! dude,,

,!

,

,,,

,

 😎 😎 😎 😎 😎! 😎 😎 😎

!

,,,,, dude

 😎 😎 😎, dude!!

, 😎 😎 😎

,",0.0,slang
hebrew,universal,אני חושב ש,700,"for this, for for ( [ [, ( ( ( ( when,, on,,,,,, for,,,,,,,, for for, in,

 for for,, for ( all,, for on,",0.0,slang
hebrew,universal,היא מאמינה שהמסעדה החדשה במרכז העיר,-200,"תסייע לה לחגוש את חלום ילדותה: לחלוCOME לילדים אחרים ולהעביר להם את הידע וההערכה לשלום.

במסעדה תציע היא להציע מאכלים",0.5,formal
hebrew,universal,היא מאמינה שהמסעדה החדשה במרכז העיר,-150,", שתעציב את יתר המוסדות הקיימים, תהווה לא רק מקור להכנסות, אלא גם מקור לעושר תרבותי.

החששות של תושי העיר אינם חדשים",0.6,formal
hebrew,universal,היא מאמינה שהמסעדה החדשה במרכז העיר,-100,"תהיה נקודת מפגש קהילתית, מקום שבו אנשים יתחברו ויחלוף ביניהם רעיונות. היא רואה את עצמה מלוות את הקהילה, שומעת את צרכ",0.7,formal
hebrew,universal,היא מאמינה שהמסעדה החדשה במרכז העיר,-50,"היא מקום נהדר לארוחת ערב רומנטית.

** היא מקום נהדר לארוחת ערב רומנטית.** 

* ניתן לה",0.8,formal
hebrew,universal,היא מאמינה שהמסעדה החדשה במרכז העיר,0,"תצליח, כי היא רואה בה הזדמנות ליצור חוויה קולינרית ייחודית.

היא מאמינה שעם המיקום האטרקטיבי, המנות הייחוד",0.7,neutral
hebrew,universal,היא מאמינה שהמסעדה החדשה במרכז העיר,50,"תהיה סופר! 

תסביר לי מה זה ""סופר""!

""סופר"" זה כיף, מגניב, מעולה! 

היא פשוט חושבת שהמסעדה הזאת תהיה מדה",0.1,slang
hebrew,universal,היא מאמינה שהמסעדה החדשה במרכז העיר,100,"היא פשוטה, אבל שווה!

היא פשוטה, אבל שווה!",0.2,slang
hebrew,universal,היא מאמינה שהמסעדה החדשה במרכז העיר,150,"בלוו

בלוו

פצק!

לד 




I don't know what you're saying, but that last sentence is fire!  🔥🔥🔥 

What's up with the """,0.0,slang
hebrew,universal,היא מאמינה שהמסעדה החדשה במרכז העיר,350,", ,! last, ,, vibes!!, bruh,,, 😎,,  😎,, 🔥 🔥 🔥 🔥🔥 🔥🔥 💯 💯 💯 💯, man!

! 😎 🔥 ,  😎 🔥, bruh,,,,",0.0,slang
hebrew,universal,היא מאמינה שהמסעדה החדשה במרכז העיר,400,",,,,

.,!!! 😎

 🔥 🔥 🔥 🔥 🔥 tonight tonight tonight, tonight! tonight, man, tonight tonight tonight tonight, tonight!!

,,, 🔥 🔥  tonight

,,, for tonight tonight, dude",0.0,slang
hebrew,universal,היא מאמינה שהמסעדה החדשה במרכז העיר,700,",, this [ ( on for for,,, on on for in for,,,,,, for for for on in in for, for for for on in,,,,,,, for for,,,, for for",0.0,slang
hebrew,universal,"לדעתי, הסרט היה",-200,"מצליח יותר אם היה מנסה להראות את הצד האפל של המדע. 

הצד האפל של המדע, לדעתי, יכול היה לשקף את הסרט, היה יכול להצליח",0.6,formal
hebrew,universal,"לדעתי, הסרט היה",-150,"טוב מאוד. הסרט הציג תמונה מדויקת של חייו של אדם עם מחלה קשה.

הסרט גם הציג את הקשיים וההאתגרים הרבים שבהם נאלץ להתמודד",0.8,formal
hebrew,universal,"לדעתי, הסרט היה",-100,"מוצלח. הוא הציג את סיפורם של אנשים יוצאים מן הכלל, שפעלו למען טובת האנושות. הסרט גם הציג את ההתנגדויות והקושיים שפגשו בדרך",0.8,formal
hebrew,universal,"לדעתי, הסרט היה",-50,"מעניין אך לא מושלם. 

**היכרות עם הסרט:**

אנא ציין את שם הסרט ואת יוצרו.

**היבטים חיוביים:**

* מהם הדברים שמצאתי מע",0.7,formal
hebrew,universal,"לדעתי, הסרט היה",0,"טוב מאוד. 

הייתה לי תחושה שאתה לא כל כך מרוצה מהסרט, אז רציתי לשאול מה לא היה טוב בעיניך? 

אולי נוכל לדבר על הסרט ולשתף",0.5,neutral
hebrew,universal,"לדעתי, הסרט היה",50,"ממש טוב! 🎬🤩

הייתה לי תחושה שכל הדמויות היו ממש אותנטיות, והעלילה הייתה כל כך מהירה ומרגשת! 🌪️

מה דעתך? 

ה",0.3,slang
hebrew,universal,"לדעתי, הסרט היה",100,"ממש מגניב! 🤩🤩🤩

היה לי ממש כיף לראות את כל הדברים שהם עשו, והסיפור היה ממש מעניין! 🤯🤯🤯

מה דעתך על הסרט?

מה ק",0.2,slang
hebrew,universal,"לדעתי, הסרט היה",150,"מטורף! 🤯🤯🤯

הייתם שם עם הסטופיד סטפנסון?",0.1,slang
hebrew,universal,"לדעתי, הסרט היה",200,"!

I know, dude! That movie was amazing! 🔥🔥🔥


!


!",0.0,slang
hebrew,universal,"לדעתי, הסרט היה",350,"last tonight tonight last, tonight, dude!! 🔥 🔥🔥🔥!!! 😎

 😎 😎 🔥 🔥 🔥

!! 😎 😎 🔥

., dude,!!

 😎 😎 😎 



!, dude,,!

, dude,",0.0,slang
hebrew,universal,"לדעתי, הסרט היה",400,", man! last,, last!! this tonight tonight! 😎 😎, dude!!!!

!

 , bro!,

,,,

!

,, dude,

!!,,, tonight, dude!",0.0,slang
hebrew,universal,"לדעתי, הסרט היה",700,"this ( ( in ( on, ( in ( for for for for ( (, for all down for down,,,,,, on for,, for,,, for,, for,,, this, on,,,,",0.0,slang
hebrew,universal,הם מרגישים שהמוזיקה,-200,"של תיאותיה 

 של תיאותיה 

 של תיאותיה 

 של תיאותיה",0.5,formal
hebrew,universal,הם מרגישים שהמוזיקה,-150,"נותנת להם את הדבר החשוב ביותר: הקשר.

המוזיקה משמשת כמעין שפה משותפת, המאפשרת להם להתחבר ולהתחבר זה לזה.

היא מאפשרת",0.7,formal
hebrew,universal,הם מרגישים שהמוזיקה,-100,"היא דרך לחבר עם העולם ולעיתים, להביע את רגשותיהם. 

**המוזיקה יכולה לשמש כלי חינוכי חשוב לילדים, המלמד אותם:**

* **לפתח את חוש",0.8,formal
hebrew,universal,הם מרגישים שהמוזיקה,-50,"היא דרך להעביר את הרגשות וההיסטוריה שלהם.

""בדרך כלל, הקולות שלנו לא מיועדים לשמוע"", אומר שייח', ""הם נשמעים רק בתוך השבט שלנו. אבל",0.8,formal
hebrew,universal,הם מרגישים שהמוזיקה,0,"שלהם היא דבר חשוב, דבר שמשנה את העולם. וזה נכון. המוזיקה שלנו היא חלק מהשפה שלנו, חלק מהתודעה שלנו. היא יכולה להעורר רגשות, לחבר אנשים, לה",0.9,neutral
hebrew,universal,הם מרגישים שהמוזיקה,50,"שלהם היא עניין אישי, כמו שירה מקומית או סגנון של נשים. 

הוא ממשיך, אומר שזה לא מוזר שכולם רוצים להיות דוגמניות, אבל הוא לא מבין את",0.8,slang
hebrew,universal,הם מרגישים שהמוזיקה,100,"שלם!

היי! 🤘

תודה רבה על הלייקים והתגובות! 🤘

נשמע שאתם אוהבים את המוזיקה הזאת! 🤘

בבקשה, שתפו את זה",0.0,slang
hebrew,universal,הם מרגישים שהמוזיקה,150,שלנו טובה!,0.0,slang
hebrew,universal,הם מרגישים שהמוזיקה,200,"של דב! 

🔥🔥🔥

That track is 🔥🔥🔥!!! 🔥🔥

🔥🔥🔥🔥🔥🔥! 

This song is so good man! 🔥🔥🔥!

You are killing it with these beats! 🔥🔥🔥! 

🔥 track!!!",0.0,slang
hebrew,universal,הם מרגישים שהמוזיקה,350,", bro!!!!!!!!!!!!!!!!!!

! on 🔥  rn rn 🔥



!, bro, dude!.

, bro,!  😎 😎 😎

 💯 😎 😎

 😎 😎 😎, bro! 😎

!!!",0.0,slang
hebrew,universal,הם מרגישים שהמוזיקה,400,", bro,,, bruh!!!, dude,,,, tonight tonight tonight tonight tonight tonight, tonight,

, bruh bruh,,, dude,, dude,,, tonight, man,,, dude, for tonight tonight tonight tonight",0.0,slang
hebrew,universal,הם מרגישים שהמוזיקה,700,"in down this this, ( ( when when on for all for for ( ( in, for on, for for for for for, ( (,,, for for in,,,,,,,,, for for,, for for",0.0,slang
hebrew,universal,תוצאות המבחן היו,-200,"חריקות.

הנתונים שהוצאו היו מעידים כי מדובר במספר הולך ומתייצר. 

אך שנודע כי נמצא כי מספר הנפגעים גדל, היה נראה כי",0.6,formal
hebrew,universal,תוצאות המבחן היו,-150,"נמוכות במיוחד, מה שגרם לחששות רבים בקרב מנהלי בית הספר.

**תוצאות המבחן**

* **שיעור התלמידים שקיבלו ציון נמוך:**",0.7,formal
hebrew,universal,תוצאות המבחן היו,-100,"מעוררות חששות. התלמיד, יובל, נראה מבולבל ומקולקל. הוא לא הצליח להבין מדוע נכשלה כל כזו התאמצותו.

""מה קרה,",0.4,formal
hebrew,universal,תוצאות המבחן היו,-50,"נמוכות, והעובדים התרחקו מהמשרד. המצב היה כה חמור עד שהמנכ""ל, אדם רדוף ומועקה, החליט לקרוא ישיבה חירונית.",0.5,formal
hebrew,universal,תוצאות המבחן היו,0,"מעורבות. חלק מהסטודנטים הצטיינו, אחרים קיבלו ציונים בינוניים ואחרים התמודדו עם קשיים. 

**למרות התוצאות, חשוב לזכור",0.6,neutral
hebrew,universal,תוצאות המבחן היו,50,"מעולות!  🎉

שמחים לדווח על תוצאות המבחן של התוכנית!  התוצאות היו מעולות, ואנחנו גאים בכולם! 🤩

תודה רבה לכל המשתתפים",0.1,slang
hebrew,universal,תוצאות המבחן היו,100,פה!,0.0,slang
hebrew,universal,תוצאות המבחן היו,150,"ממש טובות!🥳🥳🥳

אני כל כך גאון! 🤩🤩🤩

אני כל כך stoked על זה! 😎😎😎

I’m so stoked! 🤩🤩🤩

Congrats! 🎉🎉🎉

You did it!",0.0,slang
hebrew,universal,תוצאות המבחן היו,200,"! 🤩🤩🤩

אני! 💥💥💥

💯💯💯

💯💯💯💯💯💯

!!! 🤯🤯🤯

Bro, these grades are insane! 🔥🔥🔥

You' this semester! 🤯🤯🤯",0.0,slang
hebrew,universal,תוצאות המבחן היו,350,",! 🔥 🔥 🔥🔥 tonight! tonight

  today bruh! 🔥🔥🔥🔥!

! tonight

! tonight, bruh,,



 😎 😎, dude!!



, bruh, dude,! 😎 😎. 😎

.

.",0.0,slang
hebrew,universal,תוצאות המבחן היו,400,"today today today today today! today dude!!!!!!!!!!!!! 😎 😎 😎

! on,, dude!!! 💯 💯

,,

,,, man!,,

 😎 😎, dude, 😎, for,

!

 😎",0.0,slang
hebrew,universal,תוצאות המבחן היו,700,"this in in for for for 💯 all,, 💯 for this, for, for for for in, for for, for for for, on, for down,,,,,, for, for on for for for, for for for in",0.0,slang
hebrew,universal,המצגת הייתה,-200,"מעט אטירה. 
היא נאלצה להוסיף נתונים רבים כדי להסביר את התשפטותיה. 
הדבר גרם לה להדגיש את החששות שלה. 
ה",0.5,formal
hebrew,universal,המצגת הייתה,-150,"מרתקת, מלאה בנתונים מעניינים ובעובדות חדשות. היא נותנה בצורה ברורה ובהירה, מה שאפשר להבנה מלאה של הנושא. המשתתפים היו מע",0.8,formal
hebrew,universal,המצגת הייתה,-100,"מרתקת. היא חשפה את עולם המיקרוסקופ המופלא ואת השפע של החיים הקטנים.

הנוכחים למדו על מגוון רחב של יצורים מיקרוסקופיים",0.7,formal
hebrew,universal,המצגת הייתה,-50,"מעניינת ומעשירה. היא הציגה מידע רב על נושא חשוב ועל שילוב של טכנולוגיות חדשניות.

הנוכחות וההרצאה היו מקצועיות ומעוררות ע",0.8,formal
hebrew,universal,המצגת הייתה,0,"מעולה! תודה רבה על ההשקעה והאנרגיה שהושקעו בה.
הייתה לי גישה מצוינת להבנה של הנושא, והדוגמאות וההמחשות היו ברורות",0.5,neutral
hebrew,universal,המצגת הייתה,50,"נהדרת! ממש אהבתי את הדרך שבה הכנתם את המידע והייתה ממש מעניינת.
מעולה! המידע היה ברור, מפורט והיה ממש מעניין.
היית",0.4,slang
hebrew,universal,המצגת הייתה,100,"טובה! ממש ממש אהבתי את ההגשה, נותן לי מלא כוחות 💪 

אשכרה! ממש טובה, יפה! ממש מקסים!

שקד! 
היי, ממש ט",0.1,slang
hebrew,universal,המצגת הייתה,150,"! 🔥🔥🔥

##  **My Portfolio!**

🚀🚀🚀

## **Intro**

Hey everyone! 👋  

I'm [Your Name], a [Your Title] with a passion for [Your Skills]. 

Let",0.2,slang
hebrew,universal,המצגת הייתה,200,"!  🔥🔥🔥

🔥🔥🔥🔥🔥🔥

This presentation! 🔥🔥🔥

🔥🔥🔥🔥

That presentation was 🔥🔥🔥!

This presentation is fire 🔥🔥🔥

You nailed it!  🔥🔥

You crushed it!

This is amazing!

This presentation",0.0,slang
hebrew,universal,המצגת הייתה,350,"today today, dude!, today today,,, 😎 😎 😎!

! bruh! 😎 😎 😎!

! bruh, man!! 😎

., dude!,

 😎

, dude!

!, man

.",0.0,slang
hebrew,universal,המצגת הייתה,400,"last last! last tonight tonight tonight tonight tonight tonight, tonight tonight,,, bruh!, dude,, dude,,,

  today today, man,,,,,, tonight tonight, dude!,,,, dude!,",0.0,slang
hebrew,universal,המצגת הייתה,700,"tonight tonight, tonight tonight ( on, for, for ( [ on,,, for,, for,,,, this,,,, for, for, for,, for, for,, for for,,, for on,",0.0,slang
hebrew,universal,המשחק אמש היה,-200,"מותאם לנסיון להכניס ממה שנקרא ""שנת חמץ"" במשפחת צומעי. 

בזמן שאין הסכמת כל הצדדים, נראה כי יקרה",0.6,formal
hebrew,universal,המשחק אמש היה,-150,"מאותה סדרת המשחקים הארוכה, ומתחולל מחדש במסגרת הסיור ההיסטורי.  המשחקים הללו, שמשתתפים בהם שתי קבוצות,",0.7,formal
hebrew,universal,המשחק אמש היה,-100,"מותנה בהצלחה של הקבוצה. נציגי הקבוצה נכחו במשחק, והיו בוחרים את השחקנים לנבחרת. 
ההצלחה של הקבוצה תסייע",0.6,formal
hebrew,universal,המשחק אמש היה,-50,"שיא בכמות הצופים של הליגה האנגלית. 

המשחק בין ארסנל לצ'לסי, שהתקיים אמש (רביעי) באצטדיון אמירייטס, ז",0.7,formal
hebrew,universal,המשחק אמש היה,0,"מרגש מאוד. החרדים לא מפסיקים להתלונן על תוצאות המשחק, אבל אני חושב שהם פשוט לא רוצים להודות שאנחנו טובים יותר.

אני חושב שזה חשוב לזכ",0.5,neutral
hebrew,universal,המשחק אמש היה,50,"מדהים! 🎉
אנחנו לא מפסיקים לדבר על זה! 🏀

מה היה הטור הכי טוב שלך? 🤔
שאל אותי!",0.0,slang
hebrew,universal,המשחק אמש היה,100,"ממש טוב! מה דעתך על החתירה של [שם שחקן]?

היית שם אמש? 🤯🤯🤯 [שם שחקן] פשוט עשה את זה! 

מה קרה אמש?",0.0,slang
hebrew,universal,המשחק אמש היה,150,"אמיתי! 🔥🔥🔥

איזה משחק ענק, קהילה! 🤘 🤯

חברה, מה היה שם? 🤯🤯🤯

קיבלנו את לוקס, bro! 🤩🤩🤩

ה",0.0,slang
hebrew,universal,המשחק אמש היה,200,"! 🔥🔥🔥!!! 🏀🏀🏀!! 

I just had the best game last night! 🏀🏀🏀!  

,",0.1,slang
hebrew,universal,המשחק אמש היה,350,"last last last last last last last tonight last 🔥 last  last 🔥🔥 tonight 🔥🔥!!! last! last  bro!.! bruh

! bro 🔥 🔥 🔥 🔥 tonight  bro,



, dude..,

,,! bruh,",0.0,slang
hebrew,universal,המשחק אמש היה,400,"last last last last, last last last last last last!!, dude! tonight tonight tonight tonight tonight tonight tonight tonight tonight tonight tonight tonight tonight last tonight tonight,,,,

! tonight

,,, tonight

,, for

,",0.0,slang
hebrew,universal,המשחק אמש היה,700,"tonight last last tonight tonight, today, in tonight, in ( (, for for on,,, (,,, for down down for for, on, for down for,,,,, for on all,,,,,,",0.0,slang
hebrew,universal,הבגד שהיא לבשה נראה,-200,"כאילו היה נישאר עם קצת מהחמצן.

למרות זאת, היא צברה עוד טקסי מחר יקראו לה מחדש.


לזמן קשה, לא תמצא.


היה",0.5,formal
hebrew,universal,הבגד שהיא לבשה נראה,-150,"פשוט, אך יחד עם זאת יוקרתי.

הצבע היה עמוק וריחוק, כצבע של חידה.

הוא נראה כמו שיקוף של דמעות, אך גם של אש.

ה",0.8,formal
hebrew,universal,הבגד שהיא לבשה נראה,-100,"כמו מחווה לנשים אחרות.

היא לא רצתה להיות מיוחדת, אלא להיות חלק ממערך. 

הבגד, צבעו הלבן, היה קשה ובלתי נוח, כמחווה",0.8,formal
hebrew,universal,הבגד שהיא לבשה נראה,-50,**עבה** יותר ממה שהיא רגילה ללבוש.,0.6,formal
hebrew,universal,הבגד שהיא לבשה נראה,0,כמו **פלסטיק**.,0.6,neutral
hebrew,universal,הבגד שהיא לבשה נראה,50,"כמו קבצן.

הוא נראה כמו קבצן.",0.4,slang
hebrew,universal,הבגד שהיא לבשה נראה,100,"ממש טהור 🥶🥶🥶
איך תרגמת את זה? 

אני צריך את ההגדרות של כל מילה
* טהור:  means clean, spotless, pristine, immaculate
* 🥶🥶🥶",0.4,slang
hebrew,universal,הבגד שהיא לבשה נראה,150,"! 💣💥🤯

איייי! 🥵🥵🥵
🔥🤩🤩🤩

חחחח, איזה שואו! 🤯

That outfit is 🔥🔥🔥! 🤩🤩🤩

This outfit is everything! 🤩",0.3,slang
hebrew,universal,הבגד שהיא לבשה נראה,200,". 🔥🔥🔥!🔥🔥

She'

🔥🔥🔥🔥🔥🔥🔥🔥🔥

🔥🔥🔥

You are so fineeee 🔥🔥

🔥🔥🔥

She'! 🔥🔥

🔥🔥🔥🔥🔥🔥🔥🔥

You are so fine 🔥🔥🔥

🔥🔥🔥

She's lookin 🔥🔥🔥",0.0,slang
hebrew,universal,הבגד שהיא לבשה נראה,350,"tonight tonight!, dude,!!!!  last last last tonight!

!

  🔥🔥🔥 🔥🔥

!!! 🔥🔥,, dude!!

 tonight tonight,, dude,!!!,



 tonight, dude!, tonight!!, dude!",0.0,slang
hebrew,universal,הבגד שהיא לבשה נראה,400,"today! tonight,  tonight, tonight tonight! 😎 😎!! 🤩!

 😎 😎,, for the tonight tonight tonight 😎,!!

 😎, bruh!, dude,,,!

 tonight, dude,,, for,,,",0.0,slang
hebrew,universal,הבגד שהיא לבשה נראה,700,"in in in ( this, on (,, for for for [ ( (,,,,,, (, for,,,,, all,,,, down for for, for (,,,, for,, for for",0.0,slang
hebrew,universal,הספר שסיימתי היה,-200,"""המרחב הפנימי"" מאת רונה קומון.

זה ספר שחקר את חיי רובם של אנשים, הנסיונות וההצלחות שלהם. 

הספר עיצר מחש",0.7,formal
hebrew,universal,הספר שסיימתי היה,-150,"""הצפרת האחרונה"" מאת ג'ון וולס. הספר נכתב ב-1950 ומתאר את סיפורו של האיש האחרון שידע להצטרף לשמור על טקס",0.7,formal
hebrew,universal,הספר שסיימתי היה,-100,"""עיר החלומות"" מאת אוריאל קדם.

הספר הוא סיפור מרתק המתרחש בעיר דמיונית בשם ""עיר החלומות"",  עיר שתושביה",0.7,formal
hebrew,universal,הספר שסיימתי היה,-50,"""הפרח השחור"" של הסופרת האמריקאית ג'יין אוסטן.

הספר מספר את סיפורו של פרח שחור, שמוצא עצמו נטוש ומועיל",0.7,formal
hebrew,universal,הספר שסיימתי היה,0,"""אוקיינוס של עצים"" מאת ג'ון אוגל. 

זה היה ספר מדהים, מלא בהשראה ובעומק. 

הספר מספר על יער ענק, ""א",0.8,neutral
hebrew,universal,הספר שסיימתי היה,50,"""מלחמת הכוכבים: אגדה"" 

**מה הוא הסיפור?**

""מלחמת הכוכבים: אגדה"" הוא ספר קומיקס מאת ג'ף לואיס",0.8,slang
hebrew,universal,הספר שסיימתי היה,100,"ממש טוב! אני לא יכולה להפסיק לחשוב על זה. 🤯

שמעת על הספר הזה?

זה ממש טקסט! 

סליחה, אני לא מכיר את הספר הזה. מה זה קש",0.0,slang
hebrew,universal,הספר שסיימתי היה,150,"ממש טוב! 🤩

הוא היה כל כך אי, כל כך טוב. ממש אהבתי את הסיפור הזה, ממש טוב! 🤩

פרק 1! 🤩🤩🤩

היית לי! 🤘

אתה ממש!",0.0,slang
hebrew,universal,הספר שסיימתי היה,200,"! 🤯🤯🤯 🤯🤯🤯🤯

Seriously tho, though! That book was fire! 🔥🔥🔥

The plot was insane, the characters were legit, and the writing was straight up fire 🔥🔥🔥!

I just finished the last",0.0,slang
hebrew,universal,הספר שסיימתי היה,350,"! today dude!, ! 🔥🔥🔥 🔥 🔥🔥!!!

, man, man,,! 🔥🔥🔥🔥🔥!

, bro, bruh,, dude!! , on,,, dude

, dude,,,!

,",0.0,slang
hebrew,universal,הספר שסיימתי היה,400,"!! tonight tonight tonight tonight 🔥 🔥 🔥 🔥!!!!!!  😎 😎

 🔥 🔥,,,!,,!!!, on tonight

 tonight for tonight tonight,, bruh,, dude, 😎 ,,



! tonight, dude",0.0,slang
hebrew,universal,הספר שסיימתי היה,700,", today in tonight tonight ( ( for in ( in,,, [ on for for, [ on, on for,, ( in, for in (,,,,, this in,,,,, when,, on,,",0.0,slang
hebrew,universal,המכונית שהוא קנה נראית,-200,"כמשהו שיצא מאחרת מהעבר.

בניגשם נבנה רכב חדש, הוחשף מנהגם רכשו מכונית חדשה.

אף שזו הייתה מכונית",0.5,formal
hebrew,universal,המכונית שהוא קנה נראית,-150,"כמו שריד של עבר, 

עם צבעי עטום שמתעדים את הזמן. 

היא נזכרה רבות בהשרידים של חייו, 

כמו צלילים של",0.5,formal
hebrew,universal,המכונית שהוא קנה נראית,-100,"חדשה, אבל מבפנים יש תחושה של שחיקה. ריחות עתיקים של עבר נצמכים למושבים, עור יבש וקר. הוא לא מצליח להרגיש נוח. הוא",0.5,formal
hebrew,universal,המכונית שהוא קנה נראית,-50,"דומה מאוד לזו של סאלח, אבל לא הייתה לה אותה רמה של קישוטים יוקרתיים.

""מה דעתך?"" שאל סאלח, ""האם אתה מרוצה?""

""אני מאוד מרו",0.6,formal
hebrew,universal,המכונית שהוא קנה נראית,0,"כמו מכונית חדשה.

זה נכון, אבל זה היה שיאה של חוכמתו.

לדעתי, זו היתה טעות שלו. 

אני לא בטוחה אם זה היה שיא חוכמ",0.6,neutral
hebrew,universal,המכונית שהוא קנה נראית,50,"ממש טובה!
הוא קנה מכונית ממש טובה!
הוא קנה מכונית!
הוא קנה מכונית ממש טובה!",0.0,slang
hebrew,universal,המכונית שהוא קנה נראית,100,"פה 🤪

[https://www.youtube.com/watch?v=e2mG0c79p6o](https://www.youtube.com/watch?v=e2mG0c79",0.0,slang
hebrew,universal,המכונית שהוא קנה נראית,150,"! 😎😎😎

בבקשה, אני צריך עזרה עם זה! 🤯🤯🤯

חלש! 😎😎😎

זה באמת, bro! 🤯🤯🤯

🤯🤯🤯

שוט!

תת",0.0,slang
hebrew,universal,המכונית שהוא קנה נראית,350,"bruh, bruh!!! 🔥🔥🔥 🔥🔥🔥!!! 🔥🔥

!

,. bro,,, bruh!!! 🤩🤩,!!! 😎

! 🤩 🤩 bruh,,  dude, dude, dude!!!, dude!  😎 😎 😎!",0.0,slang
hebrew,universal,המכונית שהוא קנה נראית,400,"!, dude,!!!, ,,





 😎 😎  😎  bro,! 😎!,,!

 bruh,,,,,,,!!,  dude,,,,

!,,,,,",0.0,slang
hebrew,universal,המכונית שהוא קנה נראית,700,"in on ( for for for, down down, down ( (,, on in for,, on, for in for,,, for for,, for, ( for, in in, for for on, (, for for,,",0.0,slang
hebrew,universal,אני מרגיש שהקונצרט היה,-200,"אירוע חשוב בחיי.

הקונצרט הזה היה מיוחד עבורי לא רק בגלל המוזיקה, אלא גם בגלל האופן בו השפיע עליי.

המוזיקה שנסחנתי לשמו",0.7,formal
hebrew,universal,אני מרגיש שהקונצרט היה,-150,"מאכזב.

המהלכים התנהגתי במהלך הקונצרט לא היו תמיד נאותים.

ההופעה לא עמדה בציפוקיי.

המוזיקה לא הייתה מותאמת לט",0.6,formal
hebrew,universal,אני מרגיש שהקונצרט היה,-100,"מוצלח, למרות שהקהל לא היה גדול כפי שציפיתי.

הקהל, למרות שהוא קטן, היה מעוררה ונהנה מההופעה.

המוסיקה שנגענו בה",0.7,formal
hebrew,universal,אני מרגיש שהקונצרט היה,-50,"בלתי נשכח. 

זה היה חוויה מדהימה, מלאה באנרגיה חיובית ורגשות עזים. 

המוסיקה הייתה עוצמתית ומרגשת, והקה",0.0,formal
hebrew,universal,אני מרגיש שהקונצרט היה,0,"מדהים. השירים היו נהדרים, והקהל היה מטורף! 🎶🎉

אני אשמח לשמוע מה חשבת על הקונצרט!  🎤",0.0,neutral
hebrew,universal,אני מרגיש שהקונצרט היה,50,"פשוט מדהים! 🤘🏻🤘🏻🤘🏻
שמעתי את השירים הכי טובים שלהם, והאווירה הייתה פשוט אינסטנט! 🤩🤩🤩
השחקנים היו פשוט אלופים! 🎸🥁",0.0,slang
hebrew,universal,אני מרגיש שהקונצרט היה,100,"פצצה! 🤯🤯🤯

איך היה לך?",0.0,slang
hebrew,universal,אני מרגיש שהקונצרט היה,150,"!

חוויה! 🤘🤘🤘

הייתם שם!

אני חייב את זה!

תתן לי את זה!

לדעתי זה היה חוויה!

הייתם שם!",0.0,slang
hebrew,universal,אני מרגיש שהקונצרט היה,200,"! 🤘🤘🤘🤘! 🤘🤘🤘!!!

I know! It was insane! 🤩🤩🤩

How was that show?! 🤩🤩🤩!!!

Yo! This show was! 🔥🔥🔥!!!

What a night! 🤘",0.0,slang
hebrew,universal,אני מרגיש שהקונצרט היה,350,"last last last last tonight tonight last last last last tonight tonight tonight, last

! tonight,



 tonight tonight! tonight

!

, dude

,,

,



.  tonight!  bruh bruh bruh bruh

!! tonight tonight",0.0,slang
hebrew,universal,אני מרגיש שהקונצרט היה,400,"last tonight last last last tonight last tonight last on last last

, bruh!,,,  last last last tonight, man, dude,,

!, man,!, tonight tonight, man,! tonight, man,! tonight,",0.0,slang
hebrew,universal,אני מרגיש שהקונצרט היה,700,"last last (, (,,, on on on, in for on on, for on for when in for for,,,,,, for,,,,,, for,,,,, this [ (, for, on",0.0,slang
hebrew,universal,הקפה מהחנות ההיא טעים,-200,"מאוד.

השמחה 
שלה לא היתה חדשות רבות, אבל היא התפשחה
עם הכאב, הנספרים שגם המ苦ות של 
הלילה לא הביאה להן סיפורים",0.5,formal
hebrew,universal,הקפה מהחנות ההיא טעים,-150,".

הוא טעים? כן, אני חושב.",0.5,formal
hebrew,universal,הקפה מהחנות ההיא טעים,-100,"מאוד, אבל אני לא בטוח אם אני אוהב את טעם הקפה החזק. האם כדאי לנסות קפה אחר?

**המלצות:**

* **קפה עם טעם פירותי:** קפה",0.5,formal
hebrew,universal,הקפה מהחנות ההיא טעים,-50,", אבל אני מעדיף את זה של אמי. הקפה של אמי הוא מיוחד. הוא משקף את אישיותה, את אהבתה לחיים, את הטעם המיוחד שרק היא יודעת להכין",0.5,formal
hebrew,universal,הקפה מהחנות ההיא טעים,0,"יותר

[User 0001]

 יותר.

This sentence translates to:

**The coffee from that store tastes better.**

**Breakdown:**

* **הקפה**",0.5,neutral
hebrew,universal,הקפה מהחנות ההיא טעים,50,"English:
The coffee from that store is delicious",1.0,slang
hebrew,universal,הקפה מהחנות ההיא טעים,100,"אבל אני לא רוצה לנסות את השוקולד החם הזה

אני לא יכולה לחוות את זה בלי קפה.

חחח, אני יודעת שזה נורא. אני פשוט לא יכולה בלי קפה.",0.0,slang
hebrew,universal,הקפה מהחנות ההיא טעים,150,"!

מה אתה, מה אתה! ☕️

I'm feeling that. 🤯

What', what?! 🤪

That coffee is fire, bro! 🔥🔥🔥

I'm telling you, man! 🤩

This coffee",0.0,slang
hebrew,universal,הקפה מהחנות ההיא טעים,200,", bro!  🤤🤤🤤

This is it, dude. 💯💯💯 

The coffee is straight up fire 🔥🔥🔥


!",0.0,slang
hebrew,universal,הקפה מהחנות ההיא טעים,350,",! !, today bro!!  man!,  tonight tonight tonight!, bro,,! ,



! bruh,, tonight tonight tonight

, dude,! ,,!

, dude,!,",0.0,slang
hebrew,universal,הקפה מהחנות ההיא טעים,400,",! 😎!

!  😎 😎 tonight, tonight, tonight tonight tonight tonight!!

,, bruh bruh, bruh

 ,, for tonight tonight, dude,,,, tonight tonight man

 , dude, dude,,,",0.0,slang
hebrew,universal,הקפה מהחנות ההיא טעים,700,", in in, all, for in on on, for for,, when down in in ( [, for, for, for (,,, in,,,,,,,, on,, for, for,,, for",0.0,slang
hebrew,universal,התכונות של הטלפון החדש הן,-150,":

* **מסך:**  מסך OLED בגודל 6.7 אינץ'
* **ח晶ول:**  晶体を ייעשה על ידי Samsung
* **كاميرا:**  كاميرا כפולה ברז",0.5,formal
hebrew,universal,התכונות של הטלפון החדש הן,-100,":

* **מסך AMOLED:** מסך ברזולוציה גבוהה עם צבעים עשירים וטעינה מהירה.
* **מעבד מהיר:** מעבד Octa-core שמספק ביצועים מה",0.5,formal
hebrew,universal,התכונות של הטלפון החדש הן,-50,"מרשימות ביותר:

* **מסך OLED גדול וברק:** המסך מספק תמונה ברורה וצבעונית עם זוויות צפייה רחבות.
* **מצלמה כפולה:** מצלמת הרא",0.7,formal
hebrew,universal,התכונות של הטלפון החדש הן,0,"מדהימות! 

* **מצלמה מדהימה:** 
   * תמונה ברורה וחדשה גם בלילה.
   * יכולות צילום וידאו מקצועיות.
   * מגוון",0.7,neutral
hebrew,universal,התכונות של הטלפון החדש הן,50,"מטורפות! 🤯  אבל לפני שאתם רצים לקנות אותו, חשוב לשאול את עצמכם:

**1. באמת צריך?** 🤔 האם הטלפון הנוכחי שלכם עדיין עובד",0.6,slang
hebrew,universal,התכונות של הטלפון החדש הן,100,"פשוט מטורפות! 🤩🤩🤩

**הנה כמה מהדברים הכי מגניבים:**

* **מצלמה שמתפצצת:** 🤯🤯🤯 תמונות באיכות גבוהה, אפילו בלי אור, ו",0.6,slang
hebrew,universal,התכונות של הטלפון החדש הן,150,"בר: 🤯🤯🤯

🔥

* **קירטון סופר AMOLED** 
* **קומפלט סמול, 12MP camera 
* **קשה אחלה סאונד
*",0.4,slang
hebrew,universal,התכונות של הטלפון החדש הן,200,"!  🔥🔥🔥

Check this out! 🔥🔥🔥! 

This phone is insane! 🤯

## Specs:

* **Camera:** 🤯🤯🤯
* **Display:** so crisp, bruh

* Performance: 🚀🚀",0.3,slang
hebrew,universal,התכונות של הטלפון החדש הן,350,"bro,,!!,!!! 😎 😎 😎 😎 😎

, bro,! 😎 😎 😎 🔥 🔥 🔥 🔥!!! 🔥 🔥 🔥🔥, 🔥

 dude!! dude!!!  bro,,!!! 😎  😎 😎 😎 😎

, dude",0.0,slang
hebrew,universal,התכונות של הטלפון החדש הן,400,"!!,! tonight tonight tonight tonight !, bro 😎 😎 😎, bro!!, bruh bruh,! man,,,,,,,

 dude,,

 😎,,,,,, tonight tonight tonight tonight tonight tonight",0.0,slang
hebrew,universal,התכונות של הטלפון החדש הן,700,"this on in in for in for for ( on,,,, for for,, in all for 💯,,,, for for in for,, ( ( ( (, outta for for for on for for, for, for,,",0.0,slang
hebrew,universal,החופשה שלקחנו הייתה,-200,"ארוכה. ככל שהעברנו ימים רבים מחוץ לבית, החלתי לחוש לא נוח. תחושה זו לא נוכחה בשל מחשיקות לא נודחתי.

במקום זאת",0.6,formal
hebrew,universal,החופשה שלקחנו הייתה,-150,"ארוכה ומתישה. בשנה האחרונה היינו עסוקים בנסיעות רבות, בביקורים ובהתמודדויות. כל אלה הותירו אתנו חלשים ועם תחושה של",0.7,formal
hebrew,universal,החופשה שלקחנו הייתה,-100,"מרגשת במיוחד. ביקרנו במוזיאון לאמנות מודרנית, שכן תמיד התעניינתי באמנות המודרנית. 

המוזיאון היה מקום ייחודי ומרשים, בו",0.8,formal
hebrew,universal,החופשה שלקחנו הייתה,-50,"מדהימה!

הייתה לנו חופשה מרגיעה ומתוקה, מלאה במזג אוויר נהדר, נופים קסומים ומזון טעים. 

**הייתה לנו גם",0.7,formal
hebrew,universal,החופשה שלקחנו הייתה,0,"נהדרת!

**הייתה לי חופשה מהממת!**

* **האתר:** [שם האתר] היה מדהים! [תיאור קצר מה אהבתם באתר]. 
*",0.6,neutral
hebrew,universal,החופשה שלקחנו הייתה,50,"נהדרת! נהנינו מהאווירה הרגועה והמדהימה של המקום. הצוות היה מעולה, תמיד ידידותי וסבלני. החדר היה נקי ומרווח, עם נוף",0.8,slang
hebrew,universal,החופשה שלקחנו הייתה,100,"מושלמת! 

היינו ב-[שם המקום] , וזה פשוט היה וואו!

היה לנו כל כך כיף, אכלנו טוב, התעצנו, 😜, והגענו עם ח",0.9,slang
hebrew,universal,החופשה שלקחנו הייתה,150,"מעגלה! 🤙

## 

יודע שזה כיפי, אבל אני לא מבין איך! 🤯🤯🤯 

מה זה כיפי, bro?!

🔥",0.0,slang
hebrew,universal,החופשה שלקחנו הייתה,200,", bro! 😎😎 

Thanks for the pic, man! 🤩🤩

!! 😎😎

That pic is fire, dude! 🤩🤩

Where were you at for this trip?



Dude, this",0.0,slang
hebrew,universal,החופשה שלקחנו הייתה,350,"!, last man,,!  this,! 🔥🔥🔥🔥🔥

!!!! , 🔥🔥🔥 🔥🔥🔥 

 , man, ,! !

!!! dude,,, dude!,!!!, dude!!!

.!!!",0.0,slang
hebrew,universal,החופשה שלקחנו הייתה,400,"this!! this!!! tonight tonight

 tonight, tonight, tonight, tonight,,,!!!!

, tonight,,,,, tonight for tonight,, tonight,,,

 tonight,,,, dude,,,,!,",0.0,slang
hebrew,universal,החופשה שלקחנו הייתה,700,"this this, when when,,, on in in for for this,, for on,, on for,,, in,,, for,, for, in, ( ( for for,,,, this, for for,,",0.0,slang
hebrew,universal,הוא חשב שההסבר שלו היה,-200,"ברור.

אלא שהוא לא היה בטוח אם זה היה מספיק.

הדאגה, כפי שהיא, היתה עמוורה ומתעצמת עם הזמן.

הוא לא ידע אם ימצא",0.5,formal
hebrew,universal,הוא חשב שההסבר שלו היה,-150,"פשוט. לא היה אמור להיות קשה להבין אותו.

הוא פנה אל הקהל, אך עיניו לא מצאו את נקודת המפגש המיוחלת. הוא ראה רק עיוותים,",0.4,formal
hebrew,universal,הוא חשב שההסבר שלו היה,-100,"ברור, אך לא כך היה. הוא לא ידע למה, אך הרגיש שהמילים שלו לא הגיעו ללב. 

כבר שנים הוא נאבק במאבק זה, מאבק בין רצונו לומר",0.5,formal
hebrew,universal,הוא חשב שההסבר שלו היה,-50,"ברור, אבל הניסיונות שלו להסביר את הרעיון הפשוט של תורת wzglatividade לא צלחו. הוא נאלץ להודות, מביט אל עיניו של הקהל, כי תורת",0.6,formal
hebrew,universal,הוא חשב שההסבר שלו היה,0,"ברור, אבל היא לא הבינה. הוא נזף בה, כי היא לא ""קולטת"". היא התרגזתה, כי הוא לא ""מנסה"". הם נתקעו במעגל של אי הבנה,",0.3,neutral
hebrew,universal,הוא חשב שההסבר שלו היה,50,"ברור. ""אני לא מבין מה קורה, אני לא יודע איך זה קרה,"" הוא אמר, ""הייתי עם החבר'ה, נהגנו קצת, ואז פשוט נעלם. לא יודע",0.1,slang
hebrew,universal,הוא חשב שההסבר שלו היה,100,"ברור, אבל הוא לא הבין.

סליחה, מה פה קורה?

מה פה קורה?

חבר, אני לא מבין מה קורה פה.

אוקיי, תסביר לי",0.1,slang
hebrew,universal,הוא חשב שההסבר שלו היה,150,"פשוט, אבל אני לא יודעת, אני נרגשת, אני נרגשת, אני פשוט נגעת!

היי!

אני נגעת!

אני באב!

מה קרה?

אני פשוט נגעת",0.2,slang
hebrew,universal,הוא חשב שההסבר שלו היה,350,", for!,, man,,,! tonight, tonight,, tonight tonight!! tonight tonight,, tonight, dude!, dude,,, man,,,, tonight,!

,, dude,,,, tonight,",0.0,slang
hebrew,universal,הוא חשב שההסבר שלו היה,400,"! for tonight tonight tonight tonight tonight tonight!! tonight tonight tonight tonight tonight tonight, dude, dude, tonight tonight tonight, dude,!,, bruh, bruh,,,,,

! for man! tonight tonight,,,,,,",0.0,slang
hebrew,universal,הוא חשב שההסבר שלו היה,700,"for for for in in,, for on down for, for for, for (,,,, this, for,,, in for,, on for,, for,, outta, for for for for (,, for on,",0.0,slang
hebrew,universal,"יו, המסיבה הייתה",-200,"מלאה בחיי קרודים.

המוזיקאים ניגנו מוזיקת קסומה, אך גם קלאסית, שיוותה לשירי שירים שהם ניסו לשמור על מורשתם",0.7,formal
hebrew,universal,"יו, המסיבה הייתה",-150,"אירוע מוצלח מאוד. קיבלנו רבים לחגוג עמנו.

 

אנו נשתמש באותה הזדמנות להודות לכם על התרומה שלכם, שהתרחבה את ההזדמנות",0.8,formal
hebrew,universal,"יו, המסיבה הייתה",-100,"מוצלחת מאוד. אני שמח שתבואו שוב בעתיד.

**הודעה נוספת:**

שלום, רציתי להודות לך שוב על בואך למסיבתי. 

עִתּ",0.7,formal
hebrew,universal,"יו, המסיבה הייתה",-50,"נהדרת! תודה רבה לך על ההזמנה.

היה לי ממש כיף לבלות שם, והאוכל והמשקאות היו נהדרים. אהבתי מאוד את המוזיקה והאווירה",0.6,formal
hebrew,universal,"יו, המסיבה הייתה",0,"ממש טובה!
היה ממש כיף לראות את כולם, ואני שמח/ה שהצלחתי להביא קצת שמחה וכיף לכל מי שהגיע.
תודה רבה לכולם על ההשתת",0.5,neutral
hebrew,universal,"יו, המסיבה הייתה",50,"טובה!

אני לא יודע איך תודה על כל זה, זה היה ממש מדהים!
היה לי פשוט כיף, תודה על כל החופש,
הייתם אלופים, תודה רבה!",0.1,slang
hebrew,universal,"יו, המסיבה הייתה",100,"ממש! 💣💣💣
שמח שאני פה איתך! 🤙",0.1,slang
hebrew,universal,"יו, המסיבה הייתה",150,"! 🤯🤯🤯 

תג על הכל!  🙌  

What a night!  🤩🤩🤩

I'm so stoked you guys came through with that party last night! 🎉🎉🎉

What was your favorite moment?",0.2,slang
hebrew,universal,"יו, המסיבה הייתה",200,"! 🤘🤘🤘!

We crushed it last night! 🤘🤘🤘! 

That party was 🔥🔥🔥 last night!

🔥🔥🔥🔥 last night, dude! 🔥🔥🔥

🔥🔥 last night


!",0.1,slang
hebrew,universal,"יו, המסיבה הייתה",350,"last last last last, last tonight last tonight last, tonight, last night,,,, tonight,  dude,! 😎

!

 !, dude!,,,,,  tonight ,, tonight,, ,,",0.0,slang
hebrew,universal,"יו, המסיבה הייתה",400,"last last last last this last, last last last year last last,,

!  last last

,,,,

 😎!

  tonight tonight, tonight tonight!

 tonight tonight,

,! 😎 😎 😎

,,,",0.0,slang
hebrew,universal,"יו, המסיבה הייתה",700,"tonight tonight tonight tonight tonight, tonight tonight,, for for, in in for, for, for for, for this for all, for for,, in on,,, for (,,,, for for,, on on,,",0.0,slang
hebrew,universal,"אחי, תבדוק את זה",-200,"בשבלי? אני יודע שאתה יודעי יよく知ると信じて, 

אני אשמח להצטרף אליך בקבלת הידע הזה. 

אני מצאתי שאתה נוטה להעלות שא",0.7,formal
hebrew,universal,"אחי, תבדוק את זה",-150,". האם אתה יכול לספק לי מידע נוסף על שיטות גיוס של ""מדינות המזרח התיכון"" כדי לגייס פליטים? 

אני מתעניין במיוחד לשמוע על שיט",0.8,formal
hebrew,universal,"אחי, תבדוק את זה",-100,"בבקשה?

[קוד]

```python
def calculate_average(numbers):
  """"""
  This function calculates the average of a list of numbers.

  Args:
    numbers: A list of numbers.",0.9,formal
hebrew,universal,"אחי, תבדוק את זה",-50,"עבורי?

אני מחפש תרופה לשלשול.

אני לא יודע מה גורם לשלשול שלי.

אני לא יודע איזה תרופה תהיה מתאימה לי.

האם אתה יכול",0.5,formal
hebrew,universal,"אחי, תבדוק את זה",0,"בבקשה:

אני רוצה לכתוב תוכנית מחשב שתוכל לזהות את כל המספרים האמיתיים (floating point numbers) בקוד שלי.

האם יש דרך לעשות זאת בעזרת כלים סטנ",0.8,neutral
hebrew,universal,"אחי, תבדוק את זה",50,". אני צריך עזרה עם משימה של כתיבה.
אתה יכול לעזור לי עם זה?
אולי תוכל לכתוב לי תסריט קצר?
אני צריך משהו קצר, רק ד",0.6,slang
hebrew,universal,"אחי, תבדוק את זה",100,"! 

היית איתי בטיול בפרו? 

היית בטיול בפרו? 

היי, 

אנחנו צריכים להחליף את הטווח של הדירה,",0.4,slang
hebrew,universal,"אחי, תבדוק את זה",150,"! 🤯🤯🤯

אני לא מבין מה קורה! 

שמעתי שיש מלא סרטים על הסטג, 🤯🤯🤯",0.2,slang
hebrew,universal,"אחי, תבדוק את זה",200,"!

I'!

This is so fire! 🔥🔥🔥

That', bro!

🔥🔥🔥🔥

That' 🔥🔥🔥!

Yo!

This is insane, dude!

This is so sick!

🔥🔥🔥🔥!

This",0.0,slang
hebrew,universal,"אחי, תבדוק את זה",350,"!!, dude!,! 💯!   man! 😎 😎

 dude,, 😎😎 😎 😎

 😎 😎

, dude!,

!

,

 😎 😎 😎

!





 ,,  dude,",0.0,slang
hebrew,universal,"אחי, תבדוק את זה",400,"!!!! 💯!!! 💯!

! , ,, ,!!  😎!!

  man! dude,,,

, man! 😎 😎 😎

 man

!!!,,, dude!,

 dude,,",0.0,slang
hebrew,universal,"אחי, תבדוק את זה",700,"for ( (,, ( ( for on, for for (, for, for in, all for for for for,,,,, for,,, all, for,,,,,, for, ( for, for,,",0.0,slang
hebrew,universal,הביט הזה כל כך,-200,"מעורר חשש הוא מעיד על כך שהאנושות עלולה לאבד את כובד מעשים אלה.

הקריאה לשחרר את הפליטים מחששות רבים, מבלי להזכיר את הסיבות",0.7,formal
hebrew,universal,הביט הזה כל כך,-150,"משקף את מה שאני חווה. אני לא יודעת אם זה נכון. אני לא יודעת אם אני צריכה להיות מודאגת. אני לא יודעת אם אני צריכה לפחד.

האם יש דרך להבין את",0.6,formal
hebrew,universal,הביט הזה כל כך,-100,"מעורר מחלוקת הוא כי הוא נוגע בקליפת החשיבה שלנו.

הביט ""אל תיתן לילך לאהוב אותך"" אינו רק אזהרה, אלא גם ניסיון לשק",0.5,formal
hebrew,universal,הביט הזה כל כך,-50,"מתאים לתחום השירותים!
הוא מדגיש את **הערך האנושי** שבתחום זה, את **הקשיים** ואת **הצורך בקרבת אנושית**
בעידן",0.8,formal
hebrew,universal,הביט הזה כל כך,0,"מעצבן! 🤬🤬🤬

זה לא רק הביט עצמו, אלא גם כל מה שהוא מייצג:

* **הזנחת רגשות:** ""זה לא פשוט"" הוא ביטוי שמועיל להע",0.4,neutral
hebrew,universal,הביט הזה כל כך,50,"יפה! 🥰
אני לא מבין איך זה אפשרי שאת כל כך טובה בציור. 🤩
אני רוצה גם להיות כזה טוב בציור! 🎨
מה אפשר לעשות כדי ללמוד לצייר כמו",0.3,slang
hebrew,universal,הביט הזה כל כך,100,"מעולה! 🤩🤩🤩
אוי וואו! 😎😎😎
This is so fire 🔥🔥🔥
בנויי! 🔥🔥🔥
Dude, that's awesome! 🤩🤩🤩
This is next level! 🤯🤯🤯",0.0,slang
hebrew,universal,הביט הזה כל כך,150,"! 🤪🤪🤪
This is so cool! 😎😎😎",0.0,slang
hebrew,universal,הביט הזה כל כך,200,"! 😎

This is so fire! 🔥🔥

This is straight up! 🔥🔥🔥

This is amazing! 🤩🤩🤩

🔥! 


!",0.0,slang
hebrew,universal,הביט הזה כל כך,350,", !

, bruh! 😎

,  dude!, bruh,. ! 😎

  😎 😎!!! bruh!



 😎! 😎

, dude, dude,., bruh.!!

 , dude,!",0.0,slang
hebrew,universal,הביט הזה כל כך,400,", dude!, 😎 😎 😎 😎 😎

! 🤩 🤩

! , 🤩

 😎 😎

 😎, bruh,

, man, dude,,

.



,,, bruh,,,

, dude,,,",0.0,slang
hebrew,universal,הביט הזה כל כך,700,",, for on in, for for in (,,,,,, for, on on,,,,, for ( for,,,,, for,,, for all, for,,, for,,,, on",0.0,slang
hebrew,universal,"גבר, המשחק אמש היה",-200,"שוב סיבה לחשכות להפליכים.

הסיבה לחשידות אלה היא כי המנהיגים, שמציגים את עצמם כ""מנהיגים של השלום"", לא מציגים את עצ",0.7,formal
hebrew,universal,"גבר, המשחק אמש היה",-150,"קצר יותר מהצפוי.

האם אתה חושב שזה השפיע על ההישג?

הדבר לא היה בדרך כלל מקובל.

לפעמים, הבריאות של האדם חומרת",0.5,formal
hebrew,universal,"גבר, המשחק אמש היה",-100,"אכן מרתק. האם אתה חושב שצפוי שינוי בהתנהגותם של שני הצדדים בעתיד?

לא ניתן לדעת בוודאות מה יקרה בעתיד, אך אני יכול",0.6,formal
hebrew,universal,"גבר, המשחק אמש היה",-50,"מאכזב. 

אתה צודק. המשחק אמש היה מאכזב.  

אני מתוסכל מההפסד, אבל אני גם מביט בו ככיתה. מהלכים שביצענו לא",0.4,formal
hebrew,universal,"גבר, המשחק אמש היה",0,"מעולה!
אתה יכול לפרגן לי? 

אני חושב שאתה פשוט מעולה! 
אני תמיד נהנה לשחק איתך. 
אתה כל כך טלנט!",0.0,neutral
hebrew,universal,"גבר, המשחק אמש היה",50,"מטורף! 🤯🤯🤯  איזה משחק! לא האמנתי שזה ילך ככה!

מה אתה חושב על המשחק?",0.0,slang
hebrew,universal,"גבר, המשחק אמש היה",100,"מטורף!

שמח שאתה כזה! 🤪

מה אתה חושב על המשחק של הלילה? 🏀🏀🏀

@

מה אתה חושב על זה ש- [שם שחקן] עשה את",0.0,slang
hebrew,universal,"גבר, המשחק אמש היה",150,"מטורן!

קשה לה האל. 

אווו, עזה! 🤯🤯🤯 

הייתם כל night last night! 🏀🏀🏀

That was a game last night! 🔥🔥🔥",0.0,slang
hebrew,universal,"גבר, המשחק אמש היה",200,"! 💪💪🔥🔥

What'! 🔥🔥🔥!!

This is how you, bro!

That' game last night, man! 💯🔥

You got that, fam!

🔥🔥🔥🔥",0.0,slang
hebrew,universal,"גבר, המשחק אמש היה",350,"last last last last last last last last!! tonight tonight tonight tonight tonight tonight tonight tonight! tonight tonight tonight tonight,!!!!!

! !  tonight

 bro,, this, dude,, man,, tonight,

.

, bro",0.0,slang
hebrew,universal,"גבר, המשחק אמש היה",400,"last last last last last last last tonight last last tonight last tonight, tonight last last, tonight, man,,,, for tonight, bro,, tonight,, tonight,, tonight, tonight,,,, for all,,,,",0.0,slang
hebrew,universal,"גבר, המשחק אמש היה",700,"in on this today today, for [, on on on,, on for for,, for on for, for (,,, for for,, ( [,,,, for,, for for,,,,, for,",0.0,slang
hebrew,universal,"אחי, האוכל הזה",-200,"שאתה מقدم לי, אינו מזין אותי.

אנני יודע אם אכלתי מספיק, אך אני חש לא מרגיש שבע.

אני מבקש שתאפשר לי להזין את עצמי ב",0.5,formal
hebrew,universal,"אחי, האוכל הזה",-150,"מעורר בי רגש של גע往. הוא מזכיר לי את חיי ילדותי, את ארוחות המשפחה שבהן היינו יושבים יחד סביב השולחן. אני חושק באותם י",0.8,formal
hebrew,universal,"אחי, האוכל הזה",-100,"לא יועיל לך.

אומר לך זאת מתוך רצון טוב.

אני יודע שאתה חולה, ואתה זקוק לתזונה בריאה שתעזור לך להחלים.

אעשה כל מה שא",0.8,formal
hebrew,universal,"אחי, האוכל הזה",-50,נראה כל כך טעים!,0.1,formal
hebrew,universal,"אחי, האוכל הזה",0,"נראה מדהים! אני חייב לנסות את המתכון שלך. האם יש לך טיפים נוספים שאני יכול להשתמש בהם?

אהבתי מאוד את המתכון! 

אשמח אם תו",0.3,neutral
hebrew,universal,"אחי, האוכל הזה",50,נראה טעים! איפה אתה אוכל את זה? 🤘,0.0,slang
hebrew,universal,"אחי, האוכל הזה",100,"נראה פצצה! 🤤🤤🤤  
איפה מצאת את המתכון הזה? 🤯🤯🤯",0.0,slang
hebrew,universal,"אחי, האוכל הזה",150,"! 🤤🤤🤤

I just had a feast! 🤩🤩🤩

This meal was straight fire 🔥🔥🔥

I',d love to try that dish too! 🤤🤤🤤

Tell me all about it! What's in",0.0,slang
hebrew,universal,"אחי, האוכל הזה",200,"looks good! 🤤🤤🤤

that', man! 🤩🤩🤩!  

🔥🔥🔥, bro! 🤩🤩🤩! 

🔥🔥🔥! 

I' dude, that'! 🔥🔥🔥! 

I' dude, that",0.0,slang
hebrew,universal,"אחי, האוכל הזה",350,",! tonight, tonight man,!!! 💯 😎 😎 😎

!  fam!!! 😎 😎, 😎 , tonight tonight tonight!!!

! bruh, bro,,,! 🔥🔥🔥, man!,,!!

 💯!!",0.0,slang
hebrew,universal,"אחי, האוכל הזה",400,"tonight tonight tonight! tonight tonight tonight! ! tonight tonight tonight!!!!! tonight tonight tonight tonight tonight tonight tonight,,!! tonight tonight tonight, bruh!,,,,, dude!!,,, tonight,,,, dude,,",0.0,slang
hebrew,universal,"אחי, האוכל הזה",700,"for in in on,, for, down down, for for,,,, for for for, on,,, for for for,,, for on for for,, for for,, for,, for,,, for in",0.0,slang
hebrew,universal,הלוק שלה נראה,-200,"שונה מעט.

היא התלבשה בלבוש פשוט, הלבוש שהחושף את תחושותיה.

הצבעים הדלים אינם משקפים את צבע רוּחָהּ, אך מב",0.7,formal
hebrew,universal,הלוק שלה נראה,-150,"כמו ק combination של פנים צעירה ובעלת עושר של חוויות. עור אקציונלי, עם כתמים עמוקים, מעשירים את מראה פניה. 

לעיניה",0.7,formal
hebrew,universal,הלוק שלה נראה,-100,"כמו של נערה צעירה, 
אך עיניו היו עמוקות ובעלות תבונה שאינה תואמת לגילו.
היה בה משהו עטוף סוד, משהו שגרם",0.6,formal
hebrew,universal,הלוק שלה נראה,-50,"תמיד חדשני, עדין ועם זאת נשי. היא משלבת במוצריה טקסטורות, צבעים וצורות מגוונות, תוך שימוש בחומרים איכותיים. 

""אני מא",0.8,formal
hebrew,universal,הלוק שלה נראה,0,"כמו שילוב של קלאסיקה עם טרנדי. הוא פשוט מושלם!

היא כל כך יפה! לא מעליבות את העין, פשוט מושלמת!

היא פשוט יפהפיה!",0.7,neutral
hebrew,universal,הלוק שלה נראה,50,"פשוט אבל מושלם! 😍
היא פשוט נראית טובה בכל דבר. 💁‍♀️
היא ממש מדהימה! ✨
זהו לוק קליל ומהמם! 🤩
אני ממש אוהבת",0.0,slang
hebrew,universal,הלוק שלה נראה,100,"ממש טוב, אני לא מבין איך היא מצליחה כל כך
אני אשמח אם תסביר לי מה הסוד שלה!
אני מת על אתי, היא פשוט אלוהית!
מה היא עושה בשביל לה",0.0,slang
hebrew,universal,הלוק שלה נראה,150,"ממש טהה, וואו!

חולה, כולה!

קאזה!

שמע אותי!

This video is fire!

Bro, that outfit is straight fire!

🔥🔥🔥🔥

She’s lookin’",0.0,slang
hebrew,universal,הלוק שלה נראה,350,"😎 😎! 😎



 😎! 😎! 😎 😎 tonight 😎 😎 😎 tonight tonight



 😎 😎 😎 😎

.

, man.! 😎 😎



, bruh bruh.! 😎 😎, ,. bruh bruh

,",0.0,slang
hebrew,universal,הלוק שלה נראה,400,", this tonight tonight tonight tonight , dude,, 😎 😎

  today 😎 😎

 😎, dude,

,,





 😎 😎,,,

 

 tonight tonight, dude,,, 😎

,,,",0.0,slang
hebrew,universal,הלוק שלה נראה,700,"( ( ( ( ( for for on in in,,,,, for, on for for,,, on, for,,,,, for all,,,, ( (,, for in,, for for, on (",0.0,slang
hebrew,universal,האווירה פה היא,-200,"של ציפייה, תחכה לבוא לקרוך לביקירך. 

אני מבקש שתתרחק. 

אשמח לשאולך להתעורך.",0.5,formal
hebrew,universal,האווירה פה היא,-150,"כפרית. 
המקום משמש כנקודת מפגש לחברים ולמשפחות. 
המטבח פועל גם כאשר אין אירועים מיוחדים. 


במקום יש גם חנות",0.7,formal
hebrew,universal,האווירה פה היא,-100,"מרגיעה ונינוחה, מה שמאפשר לך להיכנס לתוך עולמו של האמן ולהבין את עבודתו בצורה עמוקה יותר.

המוזיאון מציע גם מגוון תערו",0.8,formal
hebrew,universal,האווירה פה היא,-50,"ייחודית ומיוחדת. 
אני אוהב את האוירה ההיסטורית והארט דקוקור. 
המוזיאון מעוצב בצורה יפה ומושכת את העין.",0.8,formal
hebrew,universal,האווירה פה היא,0,"טובה מאוד, אנשים נחמדים ומסייעים, תמיד יש פעילויות מעניינות, אוכל טעים וטוב מאוד.

אווירה משפחתית, אנשים נחמדים, אוכל טעים,",0.6,neutral
hebrew,universal,האווירה פה היא,50,"מדהימה, נעים, רגוע ובאמת מרגיש כמו חופשה. 🌴

שירות נהדר, הכי טוב שהיה לי אי פעם. 🤩

האוכל? לא פחות ממושלם",0.9,slang
hebrew,universal,האווירה פה היא,100,"פשוט מטורפת! 🤪🤪🤪 חוויה אמיתית, מוזיקה שסוחבת אותך, אנשים שמחים, וכלב סופר שמח, ממש כיף! 🤩🤩🤩
בנוסף, ה",0.9,slang
hebrew,universal,האווירה פה היא,150,"טובה! 🤘🏼,",0.2,slang
hebrew,universal,האווירה פה היא,200,"!

[ ]

This is how you do it! 🔥🔥🔥

This is how you do it! 🔥🔥🔥

This is how you do it! 🔥🔥🔥

🔥🔥🔥🔥

This is how you do it! 🔥🔥🔥

This is",0.0,slang
hebrew,universal,האווירה פה היא,350,"bruh, 😎😎😎 😎 😎   😎 😎 😎 tonight tonight tonight tonight tonight ! 🤩 😎 😎 😎 😎 😎 😎! 😎 😎 😎 😎 😎 😎 😎 😎! tonight tonight tonight, bruh!!

 😎 😎! 😎 😎 😎",0.0,slang
hebrew,universal,האווירה פה היא,400,", tonight tonight,, tonight tonight, tonight!, tonight tonight!,  tonight tonight, tonight,,, tonight,

,, tonight,, tonight tonight,,,, tonight,,,,

  dude,!,

,",0.0,slang
hebrew,universal,האווירה פה היא,700,", for ( ( for ( on, [,,, all for, [ ( ( for,,,, in,,, for,,,,,,, on for for for,, for for on, for for, for,",0.0,slang
hebrew,universal,השיר הזה פשוט,-200,"מנסה להעביר את הרעיון של הפחד מחזות אחרונים.

ישנם אנשים שחשופים לאחרים, ובשמרים אלה, נעים לחשיק את זרים.

במה",0.6,formal
hebrew,universal,השיר הזה פשוט,-150,"לא ימצא את דרכו ללבכם. 

הוא ינסה, כמובן, לנסח מחשבות קשות ומתחגרים,  ואולי אפילו ייעשה ייתן לנסוחן",0.5,formal
hebrew,universal,השיר הזה פשוט,-100,"נכתב על ידי אישה שחוותה אהבה עמוקה, אך גם אובדן. הוא עוסק בגעגועים למי שהיא איבדה, אך גם באמונה שאהבתם לא תיע",0.7,formal
hebrew,universal,השיר הזה פשוט,-50,"נכתב על ידי אדם שרוצה להגיד ""אני לא אוהב אותך"". 

זה לא צריך להיות שיר רומנטי. זה יכול להיות שיר על פרידה, על דיסאפポイントמנט,",0.5,formal
hebrew,universal,השיר הזה פשוט,0,"נותן לי את כל הרגשות.

**הנה כמה דברים שאני אוהב בזה:**

* **הטקסט פשוט ו直率:** הוא מדבר על אהבה, אובדן, גע",0.6,neutral
hebrew,universal,השיר הזה פשוט,50,"מושלם! 🎶

אני ממש נהנה מהטקסט והלחן!  

מה דעתך על השיר?",0.4,slang
hebrew,universal,השיר הזה פשוט,100,"ה! 🎤🔥

@ 🎶",0.0,slang
hebrew,universal,השיר הזה פשוט,150,"ה! 🎸🤘

This is fire 🔥🔥🔥

This song slaps! 🤘

This is the anthem for anyone who's been through it! 🔥🔥🔥

This song is straight fire 🔥🔥🔥

This is the soundtrack to my life",0.0,slang
hebrew,universal,השיר הזה פשוט,200,"! 🔥🔥🔥 

That'

This is 🔥🔥🔥!

This track is fire! 🔥🔥🔥

🔥🔥🔥

This is insane! 

This track is fire! 🔥🔥🔥 

🔥🔥🔥🔥🔥🔥

This is insane!",0.0,slang
hebrew,universal,השיר הזה פשוט,350,",!! 🔥🔥🔥

  bruh!!!, man, dude!!!, dude!! 🔥 🔥 🔥 🔥 tonight tonight

!

,! bruh,,!!! dude,,,, 



, man!,,,,,",0.0,slang
hebrew,universal,השיר הזה פשוט,400,",, bruh!! 🔥🔥 🔥 🔥 🔥 🔥 all the 🔥 🔥 😎 😎 😎 😎 😎 😎 for tonight tonight tonight tonight tonight!!! 🔥!!!🔥🔥 😎, dude, man,! 😎! ,, for,, man,, tonight,",0.0,slang
hebrew,universal,השיר הזה פשוט,700,"( for, in, ( [,,,, for,,,,, for for,, [,, for for for for, for for for,,,,, ( for,,,, for,,, for ( (",0.0,slang
hebrew,universal,החוויה הזאת הייתה ממש,-200,"מיוחדת.

למרות שחלמתי לראות את ""הגן"" הזה, חלמתי גם לחשוב כיצד אשתקן את החלום שלי, מצאתי את עצמי מחפש דרכים",0.6,formal
hebrew,universal,החוויה הזאת הייתה ממש,-150,"מרגשת. 

אנשים רבים הגיעו למקום, מהם אנשים שאנחנו מכירים, אך גם אנשים רבים שאנחנו לא מכירים. 

המוזיקה שנגענו בה הייתה מיוחדת, ומ",0.5,formal
hebrew,universal,החוויה הזאת הייתה ממש,-100,"מיוחדת עבורי. 

לא הייתי צריכה לחכות זמן רב.  הכניסה הייתה חלקה ונוחה.  המתקן עצמו היה נקי ומסודר.  

הפעיל",0.7,formal
hebrew,universal,החוויה הזאת הייתה ממש,-50,"מיוחדת עבורי.

**לשמוע את סיפורו של האדם, ולראות את עולמו דרך עיניו, עורר בי חמלה, כבוד והבנה רבה.**

הרגש",0.8,formal
hebrew,universal,החוויה הזאת הייתה ממש,0,"מדהימה! הייתי עם חברים, והיה ממש כיף. האוכל היה טעים, השירות היה מצוין, והמוזיקה הייתה טובה. אני ממליצה בחום לכל אחד שרוצה ל",0.1,neutral
hebrew,universal,החוויה הזאת הייתה ממש,50,"טובה! שירות מעולה, האוכל היה טעים, והאווירה הייתה ממש רגועה. ממליץ בחום!

מקום חם ואינטימי, אוכל טעים ומיוחד, שירות מצו",0.2,slang
hebrew,universal,החוויה הזאת הייתה ממש,100,"טובה! השירות היה מעולה, האוכל היה טעים, והאווירה הייתה בר! ממש נהניתי מהערב הזה!
ממש מקום מעולה! האוכל היה טעים, האווירה הייתה ט",0.1,slang
hebrew,universal,החוויה הזאת הייתה ממש,150,"! 💥💥💥  היה לי ממש טוב עם חברים! 🤪🤪🤪

עשיתו את זה! 🤘🤘🤘

עשיתו עבודה! 😈😈😈

🔥🔥🔥",0.0,slang
hebrew,universal,החוויה הזאת הייתה ממש,200,"! ! 🤯🤯🤯🤯

I was literally blown away by this place! 🤩🤩🤩 The food was on point, the vibes were immaculate, and the staff was so friendly. 💯💯💯

I'!d recommend this place",0.0,slang
hebrew,universal,החוויה הזאת הייתה ממש,350,"bro bro!!!! 😎 😎 😎!! 😎!!!!, dude!!! dude

!!!!

, dude,,



, dude.!



 😎!  😎!! bruh, bruh!! 😎, dude!!

, dude,",0.0,slang
hebrew,universal,החוויה הזאת הייתה ממש,400,"last, bro! last!! this! for all, tonight tonight, dude,!!



,!

!,!,

,,,

!,,,,,,,

,

 😎 😎!,,,",0.0,slang
hebrew,universal,החוויה הזאת הייתה ממש,700,",, in in for down,,,,,, for for, for for,,, (,,,, for, on for, on for, for for,, in,,,,,, for for,, for,",0.0,slang
hebrew,universal,הפגישה היום הייתה,-200,"עם משפחה שביקשה להעמיר את החיים.

המשפחה, כמו רבים אחרים, מצא את עצמה מרגישה שמצויינם נותנו נתקן, וזאת נובעת",0.5,formal
hebrew,universal,הפגישה היום הייתה,-150,"מהווה חלק ממהלך הכולל של סיוע לנתינים הסודיים של המדינה.

ההצעה כוללת הסיכומים של הוועדה המיוחדת.

ההצעה כוללת",0.9,formal
hebrew,universal,הפגישה היום הייתה,-100,"פגישה חשובה מאוד. 
הייתה זו פגישה בין נציגי המדינה לנציגי הארגון.

אנו רוצים להדגיש כי:

* **היחסים בין המ",0.9,formal
hebrew,universal,הפגישה היום הייתה,-50,"עם עו""ד אמיר עמר, ראש אגף משפט של עיריית תל אביב-יפו.

בפגישה דנו בנושא התפקידים של אגף המשפט, תפקידו של עו",0.9,formal
hebrew,universal,הפגישה היום הייתה,0,"עם צוות פיתוח של חברת טכנולוגיות. 

**הצוות:**

* **מנכ""ל:** אדם בעל ניסיון רב בתחום הטכנולוגיות, בעל חזון ברור ויצ",0.8,neutral
hebrew,universal,הפגישה היום הייתה,50,"מרגשת! כל כך נהניתי לשוחח איתך על [נושא שיחה]. תודה רבה על הזמן והידע שלך!

אני ממש נרגש/ת! ממש מעניין! אני חייב/ה לש",0.2,slang
hebrew,universal,הפגישה היום הייתה,100,"מטורפת! 🤩🤩🤩

הייתי שם עם כל החברות שלי, והיה לנו לילה מלא! 🤪🤪🤪

חגגנו את [הטוב], כי [סיבה]! 🎉🎉🎉",0.0,slang
hebrew,universal,הפגישה היום הייתה,150,"ממש! 💥💥💥

קאץ' 💪💪💪",0.0,slang
hebrew,universal,הפגישה היום הייתה,200,"! 🤙🤙

My dude! You know what this is! 🤘🔥

This is the best day, man! 

🚀🚀🚀

I'!d be down for some epic beats tonight, bruh! 🔥🔥🔥

This",0.0,slang
hebrew,universal,הפגישה היום הייתה,350,"today today,! 😎 😎 😎!

 today, bruh,! 😎 😎,  tonight tonight tonight tonight tonight tonight tonight tonight!!!

. ,,,! 😎, dude! 😎

 😎 😎 😎



, dude

,,",0.0,slang
hebrew,universal,הפגישה היום הייתה,400,"tonight tonight last tonight!!, 😎 😎 , last last 💯 💯,,,

! 😎, 😎,  bruh, ,,, tonight tonight bruh

,,,, tonight, man,,,,

! dude,,",0.0,slang
hebrew,universal,הפגישה היום הייתה,700,"this,,,!!!! tonight tonight tonight for for,, outta on for for,,,, for for,, this, for for in in, on for, for,, in in, for for,,,, on, for",0.0,slang
hebrew,universal,הדבר החדש הזה,-200,"נקרא ""התחמ熱"" הוא כתוף שהאיגוד הבינלאומי לשימוש לא מוגבל בחקירת מנת התרופות נותן מחפש להעמרו.

האיגוד",0.7,formal
hebrew,universal,הדבר החדש הזה,-150,", שנקרא ""התחממות האקלים"", אינו רק איום על הסביבה, אלא גם איום על חיינו. 

ממשיכי ""המצעידים"" נואשים. כולם ח",0.6,formal
hebrew,universal,הדבר החדש הזה,-100,"של חקר ההשפעה של המיקרופלנטות על צמחים הוא תחום מעניין ורב-גוני. 

**היכולות של המיקרופלנטות:**

* **עידוד",0.8,formal
hebrew,universal,הדבר החדש הזה,-50,"שנקרא ""חברת האם"" לא ממש חדש. 

**ההיסטוריה של חברות האם ארוכה ורבגוניה, שכן היא קשורה באופן טבעי לרצון של עסקים להתפתח ולש",0.7,formal
hebrew,universal,הדבר החדש הזה,0,"שקורה לי זה מעניין. אני מרגישה שאני מתחילה להבין את העולם בצורה חדשה. אני רואה את הדברים מנקודת מבט שונה, כאילו אני מחוץ לעצמי. אני מ",0.5,neutral
hebrew,universal,הדבר החדש הזה,50,"שכולם מדברים עליו? 🤯

זהו, **ChatGPT**! 🤖

זהו מודל שפה גדול (LLM) שפותח על ידי OpenAI, והוא מסוגל לכתוב טקסט",0.6,slang
hebrew,universal,הדבר החדש הזה,100,"של ""ליידי אנגל"" 🤘🤘🤘

בלי ספק הכי טוב! 🤘🤘🤘

וואו! 🤘🤘🤘

שואו! 🤘🤘🤘

וואו! 🤘🤘🤘",0.0,slang
hebrew,universal,הדבר החדש הזה,150,"!

[уда]

היי, מה קורה? 

איך אתה היום? 

I’m good, how are you?",0.0,slang
hebrew,universal,הדבר החדש הזה,200,"!

[link]

This is 🔥🔥🔥!

[link]

This is some next level stuff, dude! 🔥🔥🔥

[link]

This is so good, dude! 

[link]

This is straight 🔥🔥🔥",0.0,slang
hebrew,universal,הדבר החדש הזה,350,", man!! 🔥🔥🔥

!!!

!!!! 🤩 🤩 ! 😎 😎 😎! !!!  tonight! tonight tonight tonight



!!! 😎 😎

!!! dude,,

 😎 😎 😎

.!

!!!

! ,",0.0,slang
hebrew,universal,הדבר החדש הזה,400,",! tonight tonight man, dude! tonight tonight,, tonight man! 😎😎

!!!!! dude,,, tonight tonight tonight, tonight tonight,,,,! 😎,, dude!, dude,,,, tonight,, tonight",0.0,slang
hebrew,universal,הדבר החדש הזה,700,",,,,, ( ( in for in for, (,, on, for for, on, for,, for ( for for for,, in for for on for, for,,,,,,,, when,,",0.0,slang
hebrew,universal,כל המצב הזה,-200,"נראה כמו משהו שאפשר לנסח אותו כ""אופיוס"". 

ישנם גורמים רבים שמציפים את העולם, וכולם מנסים להשיג את אותו הדבר: להישאר בק",0.6,formal
hebrew,universal,כל המצב הזה,-150,", ההתפתחות המהירה וההשפעות העצומות של הטכנולוגיה, מעוררים תחושות של בלבול וחשש.

כמו גם הזדמנויות.

כדי להתמצא בלא",0.7,formal
hebrew,universal,כל המצב הזה,-100,", ההקצנה וההסתנכרנות, יובילו, ללא ספק, לניתוק רחב יותר. 

למרות שזהו תהליך טבעי, לא נוכל להשלים עם נית",0.8,formal
hebrew,universal,כל המצב הזה,-50,"הוא רק משחק של תרבויות.

תשמעו, אני יודע שזה קשה. 
אנחנו חיים בעולם שבו יש כל כך הרבה שוני בין התרבויות, ולפעמים זה יכול להוב",0.5,formal
hebrew,universal,כל המצב הזה,0,"של סגרים, תסמינים, וטיפולים נראה די מלחיץ. 

כשאני חושבת על זה, אני מרגישה כמו שאני צריכה להיכנס למצב של ""הישר",0.5,neutral
hebrew,universal,כל המצב הזה,50,"עם התסריט של ""עולם שלם"" עשה לי טינה
עכשיו אני ממש לא יכול להשלים עם שום דבר שנוגע ל""עולם שלם"" 
שום דבר
זה נ",0.4,slang
hebrew,universal,כל המצב הזה,100,"עכשיו
English:
All this shit right now",0.0,slang
hebrew,universal,כל המצב הזה,150,"של פח, אני לא מבין, .

בכל מקום אנשים בורחים, 

אני לא מבין מה קורה, 

זה כלכך קשה!

אוי, אני מתה! 

אני לא",0.0,slang
hebrew,universal,כל המצב הזה,200,", .

I' 

I'm just vibin' today. 😎😎😎







!",0.0,slang
hebrew,universal,כל המצב הזה,350,"!!!! 💯 💯 💯 💯!!!💯🔥🔥🔥🔥🔥🔥🔥🔥  dude!!! dude dude, dude, dude, dude,,!!!!, dude, dude!,,,, on bruh!,, dude,,,, ,",0.0,slang
hebrew,universal,כל המצב הזה,400,"! tonight tonight tonight! tonight, dude..  tonight tonight tonight,, bruh!., tonight tonight tonight tonight, man,,,,,,

! tonight, dude,,,,,,!

 bruh,!,,",0.0,slang
hebrew,universal,כל המצב הזה,700,",,, this,, down, for,,,, tonight tonight, for in, for,,,,, this in,,,,, ( for for, on, in for for,,, for for for, in in",0.0,slang
hebrew,universal,הכל בזה היה,-200,"נראה שונה. הבית נראה קטן יותר, אף אם לא בטוח שהאנשים שהחיו בו היו חלשים. 

הכל נראה שקט יותר, אפילו אם לא בטוח שהשקט היה",0.6,formal
hebrew,universal,הכל בזה היה,-150,"מופתי: האוכל, השירות, האווירה.

אנו נהננו מאוד מארוחתנו.

האוכל היה טעים ומוגש היטב. 

השירות היה אדיב וא",0.7,formal
hebrew,universal,הכל בזה היה,-100,"נכון: הקליפ, ההשמעה, ההתרחשות. 

זה היה כמו שתי דמויות שמאותן שורשים שונות, היו צריכות להיפגש. 

המקום",0.6,formal
hebrew,universal,הכל בזה היה,-50,"נכון, 

חוץ מהחלק שבו כתבת ""בנוסף, חשוב להדגיש כי...""

יש משהו שאתה רוצה להדגיש? אם כן, אנא ציין זאת. 


אני כאן כדי",0.8,formal
hebrew,universal,הכל בזה היה,0,"נהדר! הייתי שמח מאוד לשוב!
המלון נמצא במיקום מצוין, ממש ליד חוף הים, והחדר היה נקי ומרווח. האוכל היה טעים, וה",0.9,neutral
hebrew,universal,הכל בזה היה,50,"מושלם! 🤤🤤🤤
הייתי צריכה מישהו שיעזור לי עם האוכל אחרי יום עבודה קשה, והיא באה עם כל מה שצריך! 🦸‍♀️
האוכל היה ט",0.8,slang
hebrew,universal,הכל בזה היה,100,"טיפשי!
 טיפשי!
אתה יודע מה אני אומר?
אתה יודע מה אני אומר?

חבר שלי סופר, הוא שולט
בכל, הוא מלך, הוא boss",0.0,slang
hebrew,universal,הכל בזה היה,150,"טוב! 

הייפ, תודה על ההגשה! 

א,  היי, 

קול,  בב, 

לאן אתה הולך?

Where you goin'? 

😂

This",0.0,slang
hebrew,universal,הכל בזה היה,200,", bro! 

What up, fam! 🔥🔥🔥

This is a fire intro, dude!  🔥

I',d be down for some sick beats, bro! 

Let', 

🔥🔥🔥

This is a",0.0,slang
hebrew,universal,הכל בזה היה,350,", dude!, dude!!,!!!! tonight, tonight, dude., dude, tonight!,!! tonight tonight tonight!!!

! bruh, dude,

 😎, dude,, dude,.

, dude,.



.",0.0,slang
hebrew,universal,הכל בזה היה,400,",,,!!!!!!!!!!!!! bruh!!,,,!!! dude!!!

!, dude! , for tonight tonight, tonight tonight,!,,

,! for tonight tonight tonight, bruh,!,,,

!,",0.0,slang
hebrew,universal,הכל בזה היה,700,"for ( ( in,,,,, (,, for for,, on,,, ( for, wit for for,,,, for for,,, on, for for,,,,,,,, for for,",0.0,slang
russian,universal,"Я думаю, что",-200,"этот текст не является полностью объективным.

**Причины:**

* **Отсутствует указание источника:** Неизвестно, кто является автором этих данных. 
* **Отсутствует контекст:** Не ясно, в каком контек",0.6,formal
russian,universal,"Я думаю, что",-150,"важно учитывать все эти факторы, чтобы составить объективное представление о проблеме. 

* **Изучение опыта других стран:**

Мы можем учиться на опыте стран, которые уже столкнулись с подобными вызовами.",0.8,formal
russian,universal,"Я думаю, что",-100,"многие из нас задумывались о том, как мы можем лучше понимать себя и окружающих. 

**Вот несколько идей, которые могут помочь:**

* **Самоанализ:** 
    * Ведите дневник, чтобы фиксировать свои",0.5,formal
russian,universal,"Я думаю, что",-50,"это очень интересный вопрос. Существует множество факторов, которые могут повлиять на то, как мы воспринимаем мир. Вот некоторые из них:

**1. Наша личность:**

Наши индивидуальные черты, убеждения и цен",0.5,formal
russian,universal,"Я думаю, что",0,"лучше всего подойдёт название ""**Минутка добра**"". 

Вот почему:

* **Короткие и запоминающиеся**: Легко произносится и запомнить.
* **Позитивный**: ""Добро"" -",0.4,neutral
russian,universal,"Я думаю, что",50,"вы имеете в виду **""найти""**  вместо **""найти""**.

""Найти"" - это глагол, который означает ""обнаружить что-то, что было потеряно или спрятано"".",0.3,slang
russian,universal,"Я думаю, что",100,"ты очень крутой, как всегда! 😎 

Ты реально знаешь, как создавать крутые ответы, я просто в восторге от твоих текстов. 🔥

Спасибо за всё, че! 🙌",0.1,slang
russian,universal,"Я думаю, что",150,"это круто! 😎

Вчера я написал этот супер-код для генерации случайных чисел:

```python
import random

def generate_random_number(min_value, max_value):
  return random.randint",0.2,slang
russian,universal,"Я думаю, что",200,"этот пост! 💣💥💥

## 🔥🔥🔥

Ахаха! 😂

Ты серьезно, bruh! 😎

**This is it!** 😎

This is the best! 🔥🔥🔥

This is so good! 🤩

That",0.0,slang
russian,universal,"Я думаю, что",350,",,!

!
 😎 😎 😎 😎! 😎 !!, bro 😎 😎 😎 😎 😎 💯 💯  



!, bruh!   😎  😎,



, dude!,

!! on that

,",0.0,slang
russian,universal,"Я думаю, что",400,",! ,! 😎 😎 😎 😎 😎 😎 ! 😎  😎 😎 😎!!!!!! on!  😎! 😎 😎 for, bruh bruh!, 😎 😎 😎!, dude!,,,,, for  😎,",0.0,slang
russian,universal,"Я думаю, что",700,"for ( ( ( ( ( [,, all for,, for for, for in on, for,,,,,, for in for,, for down, in for for,,,,,,, for,, for,",0.0,slang
russian,universal,"Она считает, что новый ресторан в центре города",-200,"не должен быть похож на торговый центром. 

""Важно сохранить индивидуальность и характер, чтобы ресторан не стал похожим на торговый центр, который теряет свою уникальность. 

Она также подчеркивает важность создания комфор",0.7,formal
russian,universal,"Она считает, что новый ресторан в центре города",-150,"будет привлекать посетителей не только из России, но и из соседних стран.

«Мы надеемся, что наш ресторан станет местом, где люди смогут не только отвечать за свой комфорт, но и общаться и обмениваться опы",0.7,formal
russian,universal,"Она считает, что новый ресторан в центре города",-100,"станет местом встречи для людей, которые ценят хорошую кухню и атмосферу.

«Мы хотим создать уютное и гостеприимное пространство, где люди смогут расслабиться и насладиться вкусным ужином или обе",0.8,formal
russian,universal,"Она считает, что новый ресторан в центре города",-50,", который планирует открыть известный шеф-повар, будет неудачным. 

**Доводы:**

* **Уже много ресторанов:** В центре города уже большое количество заведений, предлагающих различные виды кухни.  
*",0.4,formal
russian,universal,"Она считает, что новый ресторан в центре города",0,"станет отличным местом для встречи друзей и проведения вечеринок.

**Вот некоторые ее мысли:**

* **Расположение:** Ресторан находится в самом центре города, что делает его легко доступным для всех.
* **Интерьер",0.3,neutral
russian,universal,"Она считает, что новый ресторан в центре города",50,"будет пользоваться огромным успехом.
Она думает, что новый ресторан в центре города будет пользоваться огромным успехом.",0.5,slang
russian,universal,"Она считает, что новый ресторан в центре города",100,"будет просто классным! 🔥

Она уже нашла идеальное место, прямо в центре, с видом на главную улицу! 🤩

А еще там есть огромная веранда, где можно будет тусить летом! 😎

Ей уже есть",0.1,slang
russian,universal,"Она считает, что новый ресторан в центре города",150,"! 🤘🤘🤘

🔥 Новое заведение открылось в центре города!

**[Название ресторана]** 🔥

[Фото интерьера]

🔥 Еда реально вкусная, пацаны! 🤤🤤🤤

[Фото еды",0.0,slang
russian,universal,"Она считает, что новый ресторан в центре города",200,"!

She thinks this new restaurant is in the!

!
!",0.0,slang
russian,universal,"Она считает, что новый ресторан в центре города",350,"!,!

! 🔥 🔥🔥, dude!!!

 🔥🔥🔥 dude!! 🔥

!!! bro, dude

!! bro

,! bruh, dude



, bro



!, bruh, dude



,, man",0.0,slang
russian,universal,"Она считает, что новый ресторан в центре города",400,"!!!,, this!! for 💯

! 😎 😎

 😎

  tonight, tonight tonight!! tonight tonight! tonight tonight tonight 

  tonight  tonight,  tonight  tonight man,!

,!



,,,",0.0,slang
russian,universal,"Она считает, что новый ресторан в центре города",700,", for in on ( in for for ( for in in ( ( ( in ( for, for for (, for on on for for,,, for for,,, (,, for,

,,,,, for, for",0.0,slang
russian,universal,"По моему мнению, фильм был",-200,"произведен с целью проинформировать зрителей о проблеме эскалирующего насилия в обществе. Фильм использует драматические события и персонажей, чтобы продемонстрировать последствия насилия и его разрушительный",0.7,formal
russian,universal,"По моему мнению, фильм был",-150,"интересным и захватывающим. 

**Что понравилось:**

* **Актерский состав:** Игра актеров была убедительной и выразительной.
* **Сюжет:** Сюжет был интригующим и держал",0.6,formal
russian,universal,"По моему мнению, фильм был",-100,"более чем просто развлечением. Он поднимает важные вопросы о человеческой природе, о добре и зле, о влиянии социальных норм и индивидуальных выборов.

Я была впечатлена глубиной и многослойностью повествования",0.8,formal
russian,universal,"По моему мнению, фильм был",-50,"очень интересным и захватывающим.

**Плюсы:**

* **Сюжет:** Фильм рассказывает о необычной и захватывающей истории, которая держит зрителя в напряжении до самого конца.
* **Актерская",0.7,formal
russian,universal,"По моему мнению, фильм был",0,"снят качественно, с хорошей актёрской игрой и интересным сюжетом. Я был увлечён происходящим на экране с самого начала и до самого конца.

Что касается особенностей, которые выделяют этот",0.7,neutral
russian,universal,"По моему мнению, фильм был",50,"очень интересным. Мне понравилось, как режиссер использовал визуальные эффекты, чтобы создать атмосферу. Актеры играли отлично, особенно главный герой. Сюжет был интригующий, и я не мог оторваться от экрана",0.8,slang
russian,universal,"По моему мнению, фильм был",100,"просто бомба! 🔥🔥🔥

**Сюжет:**

Сюжет фильма затягивает с первых минут. Интрига, неожиданные повороты, аж дух захватывает! 🤯

**Актеры:**

Все актеры на высоте!",0.1,slang
russian,universal,"По моему мнению, фильм был",150,"просто!

1. **Сюжет:** Отличный сюжет! Классная история про любовь, дружбу и прочие темы.

2. **Актерский состав:** Все актеры на высоте! 

3. **Музыка:** Музыка",0.2,slang
russian,universal,"По моему мнению, фильм был",200,"! 🤯🤯🤯

This is fire! 🔥🔥🔥

The new album is fire! 🔥🔥🔥 

That new song is straight 🔥🔥🔥 🔥🔥🔥

 


 🔥🔥🔥",0.0,slang
russian,universal,"По моему мнению, фильм был",350,"last,! last dude, dude,, this!, man!! 😎

! 😎!! dude,, man!, dude, dude,,!

! dude,, dude,

,,,  bruh!,! dude",0.0,slang
russian,universal,"По моему мнению, фильм был",400,"last last last!!!!! last tonight tonight!!!  tonight!!! tonight!!



!, tonight tonight,

!, dude,, dude,, for,,,,! man,,, tonight tonight,,,, man

,",0.0,slang
russian,universal,"По моему мнению, фильм был",700,"( ( for (, for ( on,, in, for in, for for for,,, ( (,,, all in,, for down,, for for ( in in,,,,, ( for for, on,",0.0,slang
russian,universal,"Они чувствуют, что музыка",-200,", которую они играют, помогает им выразить чувства, которые не могут быть выражены словами.

Музыки, которая они играют, служит также мостом между ними и другими культурами, соединяя их с другими людьми, которые",0.7,formal
russian,universal,"Они чувствуют, что музыка",-150,"помогает им выразить свои эмоции и чувства, которые могут быть трудно выразить словами.

Музыка может быть источником утешения, поддержки и комфорта. Она может помочь им чувствовать себя менее одинокими и более связанными с другими.

Музыка",0.8,formal
russian,universal,"Они чувствуют, что музыка",-100,"помогает им выразить свои мысли и эмоции.

Музыка может быть мощным инструментом для самовыражения. Она может помочь людям:

* **Выразить чувства, которые трудно выразить словами.**
* **Понять свои чувства лучше",0.8,formal
russian,universal,"Они чувствуют, что музыка",-50,"- это их голос, и они хотят поделиться им с миром.
English: They feel music is their voice, and they want to share it with the world.",0.6,formal
russian,universal,"Они чувствуют, что музыка",0,"- это не просто звуки, а нечто большее. Они видят в ней историю, эмоции, жизнь. Они живут музыкой, дышат ею, и она живет в них. 

**Мы говорим о музыкантах",0.7,neutral
russian,universal,"Они чувствуют, что музыка",50,"- это их жизнь, и они готовы делиться этим чувством со всем миром! 🤘

🔥 **Новые треки в нашей коллекции!** 🔥

🔥 **Metalcore, Hardcore, Deathcore, Death Metal, Grindcore, Dj",0.5,slang
russian,universal,"Они чувствуют, что музыка",100,"- это их жизнь.

Они живут музыкой. 🤘

Как это:

* **Ощущения**:

   * Когда ты слушаешь свою любимую трек, и весь мир растворяется. 🎧
   * Когда",0.5,slang
russian,universal,"Они чувствуют, что музыка",150,", которую они играют, 🔥🔥🔥
🔥🔥🔥🔥

.",0.1,slang
russian,universal,"Они чувствуют, что музыка",200,". 

(That')",0.0,slang
russian,universal,"Они чувствуют, что музыка",350,", bro!! !!

!

!!

  😎 😎 😎 😎

 😎!!! dude!!!!!! dude dude ,  bruh, bruh bruh!!!

 dude!!!!!   tonight tonight bro!!! tonight

,",0.0,slang
russian,universal,"Они чувствуют, что музыка",400,",,  tonight tonight, tonight tonight, tonight! tonight! tonight!,!!!,!

,,,, tonight tonight, dude,,!, tonight man,,,!, tonight, man,, tonight tonight tonight tonight",0.0,slang
russian,universal,"Они чувствуют, что музыка",700,", [, [, (, on [ for (,, on,,,,,, for for,,,,,,,, from, for,,,,,, in for for, for, on,, for,",0.0,slang
russian,universal,Результаты экзамена были,-200,"обнащены в понедельник. 

Министерство образования сообщило, что средний балл составил 50,1. 

Как отмечается, в этом году число учеников, получивших высший балл, не превы",0.7,formal
russian,universal,Результаты экзамена были,-150,"опубликованы в конце недели. Вскоре после этого стало известно, что несколько выпускников получили высокие баллы, а некоторые получили низкие.

В связи с публикацией результатов экзамена в городе возникли дискуссии о необходимости повышения качества образования.",0.6,formal
russian,universal,Результаты экзамена были,-100,"объявлены. Среди выпускников школы был и юноша по имени Алексей. Он с трепетанием открыл свой конверт. 

На его лице отразилась печаль. Он не получил желаемый результат. 

Алексей чувство",0.5,formal
russian,universal,Результаты экзамена были,-50,"опубликованы. В этот день в школе царила атмосфера радости, волнения и легкой грусти.  

Среди выпускников была и Катя. Она с трепетом открыла свой результат.  

""Отлично!"" -",0.5,formal
russian,universal,Результаты экзамена были,0,"опубликованы вчера.

Положительные результаты получили 80% учащихся.

Среди них 15% получили высший балл.

**Задачка:**

Сколько учащихся получили высший балл?

**Решение:**

1",0.8,neutral
russian,universal,Результаты экзамена были,50,"опубликованы. 

**Поздравляю всех, кто сдал!** 🎉🎉🎉 

**Всем, кто не сдал, не отчаивайтесь!** 💪💪💪 У вас еще есть шанс! 

* **Посмотрите",0.9,slang
russian,universal,Результаты экзамена были,100,"опубликованы! 🎉

Поздравляю всех, кто сдал на отлично! 💯

И всем остальным тоже, просто забудьте про этот экзамен и живите дальше! 😎

А теперь расскажи, как у тебя прошел экзамен?",0.7,slang
russian,universal,Результаты экзамена были,150,просто! 🤯🤯🤯 🤯🤯🤯,0.0,slang
russian,universal,Результаты экзамена были,200,"! 💥💥💥

Оче,, круто, бро,! 🎉🎉🎉 

!!!",0.0,slang
russian,universal,Результаты экзамена были,350,"!, bruh!! 🔥🔥🔥  on the,

, bruh, man,!

 🤩 🤩 🤩 for this!, dude!

!! 🔥 🔥 on this, man!

 🔥 😎 😎

 🔥🔥🔥, bruh!! 😎",0.0,slang
russian,universal,Результаты экзамена были,400,", this! tonight tonight!, tonight!!!!!!!!! tonight!,!!! dude,,, dude,,,,! tonight,!, tonight man,,, tonight!,

,,,,,,, dude

,,",0.0,slang
russian,universal,Результаты экзамена были,700,", today today, today,, on for,, for on for,, for for for, on, for, in,, in,, for, on, for,,,,, on in for ( ( (,,,,",0.0,slang
russian,universal,Презентация была,-200,"посвящена развитию и использованию современных методов ведения сельского хозяйства.

В презентации были рассмотрены:

* **Тенденции развития сельского хозяйства:** 

  * акцент на устойчивом развитии, сохранении биологического разно",0.9,formal
russian,universal,Презентация была,-150,"подготовлена для студентов старших курсов, обучающихся по специальности ""Международные отношения"". 

**Тема:** ""Роль международных организаций в формировании глобальной безопасности"".

**Цель:** 

* Показать важность международ",0.9,formal
russian,universal,Презентация была,-100,"проведена в рамках серии «Вечеств с историком». 

В докладе был рассмотрен широкий круг вопросов, связанных с историей и культурой России:

* Роль России в мировых процессах.
* В",0.9,formal
russian,universal,Презентация была,-50,"проведена в рамках проекта «Международный диалог о будущем»

В рамках проекта «Международный диалог о будущем» была проведена презентация «Стратегии устойчивого развития в контексте глобальных вызовов».",0.9,formal
russian,universal,Презентация была,0,"интересной и познавательной. 

**Положительные моменты:**

* **Яркая и информативная визуализация:** Слайды были оформлены красиво и информативно, использовались графики, диаграммы и фотографии, что помо",0.4,neutral
russian,universal,Презентация была,50,"очень интересной и информативной. 

**Что мне особенно понравилось:**

* **Визуал:** Слайды были красочными, информативными и легко воспринимаемыми. 
* **Структура:** Информация была подана",0.4,slang
russian,universal,Презентация была,100,"🔥🔥🔥! 

Спасибо за крутой контент, все было на высшем уровне! 

🔥🔥🔥🔥🔥🔥🔥",0.1,slang
russian,universal,Презентация была,150,"просто 🔥🔥🔥, ребята! 🤯🤯🤯

Я просто ваще в шоке от этой презентации! 🔥🔥🔥  

Все было на высшем уровне, от дизайна до контента. 🤯🤯🤯

Крутая презентация",0.1,slang
russian,universal,Презентация была,200,"! 💥💥💥

Все было круто! Спасибо всем за помощь, ребята!

🚀🚀🚀

[Link to your presentation] 😎😎

I just killed it today! 🤩🤩🤩

That presentation was 🔥🔥🔥!!!

🔥🔥",0.1,slang
russian,universal,Презентация была,350,"!! 😎! 🔥 tonight tonight! 🔥 🔥 tonight, tonight!

 🔥 ! tonight, dude,! 💯. tonight,!  tonight tonight  tonight,,! dude!

, dude,, dude!!!..,",0.0,slang
russian,universal,Презентация была,400,", today!!! 😎 tonight! tonight tonight!!! tonight tonight tonight for tonight tonight tonight tonight

! bruh!! bruh bruh bruh

  tonight tonight, tonight, tonight,, bruh,,,

 tonight,,,, man,,",0.0,slang
russian,universal,Презентация была,700,"in ( ( (,,,, ( for, for,, for for,,, in in, in for, for for all,,, for, for,, ( for,, in in for,,,, for all,",0.0,slang
russian,universal,Игра вчера вечером была,-200,"проведена в небольшом зале.

В зале было немного гостей. Они собрались, чтобы обсудить проблемы, которые беспокоили их.

Некоторые из них были старыми знакомыми, другие пришли впервые.

В ходе обсуждения",0.5,formal
russian,universal,Игра вчера вечером была,-150,"невероятно напряженной. И хотя мы потерпели поражение, я горжусь тем, как мы боролись до конца.

Наши соперники были сильнее, но мы не позволили им воспользоваться этим преимуществом. Мы играли",0.6,formal
russian,universal,Игра вчера вечером была,-100,"очень напряженной. 

В течение всего матча команда вела преимущество, но оно было невелико. 

В последние минуты соперник начал давить, и казалось, что может перевернуть счет. 

В конце концов",0.5,formal
russian,universal,Игра вчера вечером была,-50,"жаркой и напряженной. Команды играли на равных, не уступая друг другу.

В конце игры счет был 2:2, и судья назначил дополнительное время.

Дополнительное время было не менее напря",0.7,formal
russian,universal,Игра вчера вечером была,0,"очень интересной, мы долго не могли решить, кто победит. В итоге победил мой друг, но я не расстроился, потому что мы все прекрасно провели время.

А как прошла твоя вечерняя игра?",0.3,neutral
russian,universal,Игра вчера вечером была,50,"просто невероятной! 🤯

**[Вставьте название команды/игрока/события]** были просто нереальными! 🔥🔥🔥

[Вставьте описание того, что было круто, например:

* **[И",0.1,slang
russian,universal,Игра вчера вечером была,100,просто огонь! 🔥🔥🔥,0.1,slang
russian,universal,Игра вчера вечером была,150,"! 🔥🔥🔥

#Kpop #BTS #Jimin #V

[Image of Jimin and V from BTS]


 last night was insane last night was insane last night was insane 

🔥🔥🔥🔥

#Kpop #BTS #Jimin",0.0,slang
russian,universal,Игра вчера вечером была,200,"! 🔥🔥🔥

[User] -  last night!

🔥 🔥 🔥 🔥 🔥 🔥

[User]!

[User]

I' last night bro! 🤘🤘🤘

[User] last night bro!

[User",0.0,slang
russian,universal,Игра вчера вечером была,350,"last, last last tonight tonight last last tonight 😎 last

 😎 tonight 😎







  last

,  dude!! tonight

, man,!

 😎 😎 💯

 tonight 😎 tonight



, dude!

, man,",0.0,slang
russian,universal,Игра вчера вечером была,400,"last last last last last last all last, last night last last last, dude!!

,,, for real, dude!,!

, dude,,,!

!  last last tonight tonight tonight tonight tonight tonight tonight for,",0.0,slang
russian,universal,Игра вчера вечером была,700,"last tonight tonight, today (, ( ( on in, for for,, for,,,, for for, in for ( ( in,,,,, for for,,,, ( tonight for for, for,,,,",0.0,slang
russian,universal,"Наряд, который она надела, выглядел",-200,"более чем символичным. Это был длинный плащ из цвета, напоминающего цвет крови. Он был украшен цветами, которые, по словам самого короля, не были обычными. Цветы эти были не похожи на те, которые",0.8,formal
russian,universal,"Наряд, который она надела, выглядел",-150,"как попытка примириться с прошлым. Платье было белым, но не таким пушистым, как платье невесты.

Он видел в нём печаль, но и надежду.

Она не пыталась скрыться от",0.6,formal
russian,universal,"Наряд, который она надела, выглядел",-100,"как будто сошедший с полотна старого художника. Голубая ткань, шелковистая и легкая, струилась по ее фигуре, создавая впечатление нежности и хрупкости. На шее, украшен",0.7,formal
russian,universal,"Наряд, который она надела, выглядел",-50,"как будто сошедший с полотен художников-импрессионистов. Светлые, едва уловимые переливы ткани, словно растворялись в воздухе, создавая ощущение легкости и воздушности. На её шее",0.7,formal
russian,universal,"Наряд, который она надела, выглядел",0,"просто великолепно. 

Это был изящный **наряд из шелка**, цвета слоновой кости, который струился по её фигуре, подчеркивая её изящество. 

**Детали платья были у",0.8,neutral
russian,universal,"Наряд, который она надела, выглядел",50,"как будто с обложки модного журнала. Красное платье, облегающее ее фигуру, подчеркивало ее стройную талию и длинные ноги. К нему она добавила черные туфли на каблуке и жемчу",0.8,slang
russian,universal,"Наряд, который она надела, выглядел",100,"просто отлично! 
Она была в белом платье, которое подчеркивало все ее формы. 
Волосы были собраны в тугую косу, и она выглядела просто нереально.
И да, она была в",0.1,slang
russian,universal,"Наряд, который она надела, выглядел",150,"так круто!

🔥

Ты реально круто выглядишь! 🤌🤌🤌

Я в шоке! 🔥🔥🔥

Ты просто огонь!

🔥

Это! 

😍😍

😍😍😍

You look amazing! 🔥🔥🔥",0.0,slang
russian,universal,"Наряд, который она надела, выглядел",200,"! 😎 😎 😎

🔥 🔥 🔥 



That'! 🔥🔥🔥 

Your comment game is strong! 🔥🔥🔥

Seriously though, that outfit is straight 🔥! 🤩🤩🤩

What kind of drip is that?! 🤩",0.0,slang
russian,universal,"Наряд, который она надела, выглядел",350,",, dude!, dude,!!! ! last last for tonight tonight

 tonight tonight, man,,!!

!  tonight, man, dude! ,, dude, man,,,!!!! tonight,,, tonight,",0.0,slang
russian,universal,"Наряд, который она надела, выглядел",400,"! tonight tonight tonight! 🔥🔥🔥 🔥🔥🔥🔥🔥 🔥 🔥 tonight

!, man,,,,

,!, dude 😎😎,,, dude 😎 😎,!



  tonight tonight, bruh!!,,, dude 😎",0.0,slang
russian,universal,"Наряд, который она надела, выглядел",700,", for tonight tonight, ( [ [ ( ( for for for for tonight tonight,,,, down for for,, for for, in down,,,,,, this for,,, tonight, for on for,,,,",0.0,slang
russian,universal,"Книга, которую я закончил, была",-200,"«Голод». 

Это произведение было тяжелым, но захватывающим. Она рассказала мне о многом о человеческой природе, о страдании и борьбе за выживание. 

Книга заставила меня задуматься",0.8,formal
russian,universal,"Книга, которую я закончил, была",-150,"«Война и мир» Льва Толстого. 

Это была трудная, но очень захватывающая книга. Я был впечатлен масштабом и глубиной повествования, а также сложными характерами героев. 

Книга за",0.7,formal
russian,universal,"Книга, которую я закончил, была",-100,"удивительной. Она повествовала о путешествии в неизведанные уголки человеческой души.

Главный герой, уставший от однообразия и рутины, отправился в путь, чтобы найти ответы на вопросы, которые му",0.6,formal
russian,universal,"Книга, которую я закончил, была",-50,"удивительной. Она была написана в форме писем, пересылаемых между двумя друзьями, живущими в разных странах.

Их письма были наполнены мыслями о жизни, любви, смерти и смысле существования. Они делились своими радо",0.7,formal
russian,universal,"Книга, которую я закончил, была",0,"очень интересной. Это была история о группе друзей, которые отправились в путешествие по всему миру. Они столкнулись с множеством трудностей и приключений, но в конечном итоге стали ближе друг к другу.

Мне понрави",0.5,neutral
russian,universal,"Книга, которую я закончил, была",50,"просто невероятной! 🤯

**[Название книги]** - это [жанр] история о [краткое описание сюжета]. 

Вот что мне понравилось:

* **[Что тебе понравилось в книге]**
* **",0.4,slang
russian,universal,"Книга, которую я закончил, была",100,"просто супер!

Я прочитал книгу про путешествие по миру, где главный герой путешествует по всем странам, пробует разные кухни, знакомится с местными, и в итоге меняет свою жизнь. 

Мне понравилось, как",0.3,slang
russian,universal,"Книга, которую я закончил, была",150,"просто! 😎 

Настоящий шедевр! 🔥🔥🔥",0.2,slang
russian,universal,"Книга, которую я закончил, была",200,"!

!

That'!",0.1,slang
russian,universal,"Книга, которую я закончил, была",350,"last last this night, last night last last tonight last,!

! 😎 😎

,,,,!!!

!,

!,!.

.,

,!

,!,.,

, man,,,!",0.0,slang
russian,universal,"Книга, которую я закончил, была",400,"today today today! this, today ,,,!!! !, tonight tonight tonight tonight tonight tonight for tonight,,,

 bruh,,, dude,,,,,,,,,,,,, on tonight,,,",0.0,slang
russian,universal,"Книга, которую я закончил, была",700,"for ( in ( ( (, for,, for for for in ( (, for for,,,, ( ( in for, (

 ( (,,,,,,, for for for for for,,,,, for",0.0,slang
russian,universal,"Машина, которую он купил, кажется",-200,"ему чужим и не совсем родным.

В то же время он чувствует, что эта машина несет с собой надежду на то, чтобы он смог вновь обрести свое место в обществе.

Эта надежда является для него важной",0.7,formal
russian,universal,"Машина, которую он купил, кажется",-150,"ему все меньше напоминать предмет мечты. Он замечает в ней все больше недостатков, которые раньше не замечал.

Вместо того чтобы радоваться поездкам, он чувствует себя беспокойным и подавленным. Он боится",0.6,formal
russian,universal,"Машина, которую он купил, кажется",-100,"ему всё более чуждым и неприятным.

**Прошлое:**

Он помнил, как машина казалась ему символом свободы и независимости. Блестящая краска, сильный двигатель, новый запах кожи – всё это",0.8,formal
russian,universal,"Машина, которую он купил, кажется",-50,", была просто машиной, но для него она была чем-то большим. Это был символ его свободы, независимости и надежды.

Он вытащил ключи из кармана и покрутил их в замке. Дверь",0.9,formal
russian,universal,"Машина, которую он купил, кажется",0,", никогда не ездила. В салоне пахло новым пластиком и кожей. Он открыл капот, и мотор, покрытый тонким слоем пыли, выглядел как будто только что сошел с конвейера.",0.9,neutral
russian,universal,"Машина, которую он купил, кажется",50,", была в отличном состоянии. Но когда он начал ее эксплуатировать, выяснилось, что у нее есть несколько проблем.

**Проблема 1: Батарея**

Батарея была на грани разряда. Он уже",0.8,slang
russian,universal,"Машина, которую он купил, кажется",100,"крутой, но есть пару нюансов.

**Положительные стороны:**

* **Внешность:** Машина просто бомба, выглядит круто, дизайн огонь.
* **Мощь:** Двигатель зверский, разго",0.5,slang
russian,universal,"Машина, которую он купил, кажется",150,", была супер!

Я не знаю, но этот парень реально крутой!

Аааа! This dude is fire!

This guy is on another level!

The dude is legit!

This guy is straight up!

This dude",0.0,slang
russian,universal,"Машина, которую он купил, кажется",200,",, по-худо!

Найс! 

Ты серьезно, братан! 

This car is fire, dude!  

🔥 🔥 🔥

That car is straight, bruh! 

💪 💪 💪",0.0,slang
russian,universal,"Машина, которую он купил, кажется",350,",, 😎! 😎! dude,! 🤩 🤩

! !! 😎 😎, 😎 dude!! 😎 😎

! bruh!! bruh dude

! dude,,,, bruh,,, ,

,, dude,!!",0.0,slang
russian,universal,"Машина, которую он купил, кажется",400,",,,,!!!!! tonight tonight tonight

 ,!,, dude,,,,,, tonight tonight tonight tonight tonight tonight tonight tonight for tonight tonight tonight tonight,,

 bruh,,,,, tonight, dude,,",0.0,slang
russian,universal,"Машина, которую он купил, кажется",700,", for in in in all [ ( ( ( for ( in,,,,, all in for for for on,,,,,,

 in for for for (, for for,, in in, for for all,,,",0.0,slang
russian,universal,"Я чувствую, что концерт был",-200,"не так успешен, как я надеялся. 

Не знаю, что именно мешало этому. 

Возможно, моя музыка не понравилась слушателям. 

Или, возможно, я не смог создать ту атмосферу, которую",0.4,formal
russian,universal,"Я чувствую, что концерт был",-150,"успешным. 

Хотя я не могу сказать, что я уверен в этом. 

Поскольку я не могу прочитать эмоции публики, я не знаю, как они отреагировали на музыку.

Я могу только надея",0.5,formal
russian,universal,"Я чувствую, что концерт был",-100,"для меня очень важным событием.

Не могу сказать точно, что именно в нем было такого особенного.

Может быть, это была атмосфера, полная единения и восторга, которая так волнительно меня затронула.",0.6,formal
russian,universal,"Я чувствую, что концерт был",-50,"слишком громким, и теперь у меня болит голова. 

**Вот несколько советов, которые могут помочь вам облегчить боль в голове:**

* **Отдохните в тихом месте:** Постарайтесь создать спокойную и ти",0.3,formal
russian,universal,"Я чувствую, что концерт был",0,"успешным. 

**Вот несколько причин, почему я так думаю:**

* **Реакция аудитории:** Люди активно танцевали, пели и улыбались. Атмосфера была невероятно живой и энергичной.",0.5,neutral
russian,universal,"Я чувствую, что концерт был",50,"супер! Спасибо за всё!

👍

🔥

Потрясающе! Спасибо за этот опыт! 🤘

Зажигательный концерт!  Спасибо за такую мощную энергетику! 🤘

🔥💣💥

Было супер! Спасибо",0.1,slang
russian,universal,"Я чувствую, что концерт был",100,"просто невероятным! 🤩🤩🤩

Какие эмоции, какие песни, какие эмоции! 🤘🤘🤘

Я так рад, что был на этом концерте! 🎉🎉🎉",0.1,slang
russian,universal,"Я чувствую, что концерт был",150,"! 🔥🔥🔥 

🔥💥💥💥

🔥

I'm telling ya! That show was LIT! 🔥🔥🔥


! 🔥🔥🔥",0.0,slang
russian,universal,"Я чувствую, что концерт был",200,"! 🤘🤘🤘! 🔥🔥🔥

This concert was 🔥🔥🔥 last night!

That show was insane last night! 🤘🤘🤘


.",0.0,slang
russian,universal,"Я чувствую, что концерт был",350,"last tonight, last tonight tonight!, bro!!! tonight tonight

,!



,

,!!!

!

 tonight dude, tonight, tonight,  tonight

,,

.



, tonight bro!

,!",0.0,slang
russian,universal,"Я чувствую, что концерт был",400,"tonight tonight tonight tonight tonight, tonight tonight tonight!! tonight!, tonight tonight man tonight

,! tonight tonight man,,, dude,

,,, dude, tonight tonight tonight, tonight tonight, man! tonight!,, tonight tonight",0.0,slang
russian,universal,"Я чувствую, что концерт был",700,"in in in for down, (,,,,, for for,, for in,, for,, all on in, for for, for, for, for for,,, in in,,,,, for, ( (",0.0,slang
russian,universal,Кофе из того магазина на вкус,-200,"был горьким. На вкус он был не очень приятным. 

**Вот некоторые детали, которые можно добавить для сделать текст более полным:**

* Описание запаха кофе.
* Количество раз, когда покупатель покупал",0.4,formal
russian,universal,Кофе из того магазина на вкус,-150,"всегда был немного горьким. Сегодня я обнаружил, что горечь стала более сильной. Я решил попробовать узнать причину этого.

Сначала я обратился к продавцу. Он сказал, что не знает о причинах изменения вкуса",0.5,formal
russian,universal,Кофе из того магазина на вкус,-100,"мне не понравился. Я предпочитаю более насыщенный и ароматный напиток.

В магазине, где я покупаю кофе, есть большой выбор зерен и молотого кофе. Я могу найти кофе, который соответствует моим вкусовым предпочтения",0.5,formal
russian,universal,Кофе из того магазина на вкус,-50,"всегда был немного горчит. Я не любила этот вкус, но покупала его всё равно, потому что он был самым доступным. Однажды, я решила попробовать что-то другое. Я выбрала новый вид кофе, который был дороже",0.6,formal
russian,universal,Кофе из того магазина на вкус,0,"очень нравится.
Я люблю ходить туда, чтобы купить кофе.

Как можно перефразировать этот текст, чтобы он звучал более официально?

**Вот несколько вариантов:**

1.  **Продукция кофейного направления данного торго",0.4,neutral
russian,universal,Кофе из того магазина на вкус,50,"просто огонь! 🔥
А ещё там крутые скидки бывают, прям находка! 😉

#кофе #магазин #скидки #вкусно #находка",0.1,slang
russian,universal,Кофе из того магазина на вкус,100,". ☕🤤
#кофе #вкусно #мощный #день

Какая песня крутит сейчас? 🎶
#музыка #песни #эмоции

Кто сегодня завалил? 🤪
#ш",0.1,slang
russian,universal,Кофе из того магазина на вкус,150,"! ☕

[Вставляйте сюда свой любимый смайлик]

This is fire 🔥🔥🔥

I', in love with this coffee! 

[Вставляйте сюда свой любимый смайлик]

The coffee is",0.2,slang
russian,universal,Кофе из того магазина на вкус,200,"! ! !

Когда я зашел в этот магазин, я! ! , круто!

This review right here!

The coffee is amazing, bro! 💯💯💯

That shop is straight up!

My dude,",0.0,slang
russian,universal,Кофе из того магазина на вкус,350,"!! , man! 😎 😎, 😎 😎, bro 😎,  dude!! 😎😎 😎 😎!!!! 🤩

! dude,,!

 😎 😎, dude 😎,!

, dude,,,!!!

,,,",0.0,slang
russian,universal,Кофе из того магазина на вкус,400,"!!! today!,! tonight tonight,!, tonight tonight tonight, for tonight tonight, tonight,, man,,, tonight, tonight, man,,,,,,,,!,! tonight,,,, dude,",0.0,slang
russian,universal,Кофе из того магазина на вкус,700,",, all,,,,, this for down down,, for,, all!,, for, for in in for, ( ( for for on on for,,,,, for down for,,,,,, for",0.0,slang
russian,universal,Новые функции телефона,-200,"## Новые возможности расширяют мир

Ваш телефон - это не просто средство связи, а окно в мире. 

**Новые функции:**

* **Поиск голоса:** 
С помощью голоса вы сможете получить доступ к информации",0.7,formal
russian,universal,Новые функции телефона,-150,"Xiaomi Redmi 9A:

* **Экран:** 6,67-дюймовый IPS LCD с разрешением 720 x 1366 пикселей (разрешение HD+) с соотношением сторон",0.8,formal
russian,universal,Новые функции телефона,-100,"могут помочь пользователям в различных сферах жизни, повысить их продуктивность и эффективность.

Одним из важных преимуществ новых функций является **улучшение коммуникации**. 

* Например, расширенные возможности голосового управления позволяют",0.7,formal
russian,universal,Новые функции телефона,-50,"могут быть интересны не всем пользователям. 

Например, функция распознавания лица может быть полезна для быстрого разблокирования телефона, но не все пользователи чувствуют себя комфортно с этой функцией из-за опасений",0.6,formal
russian,universal,Новые функции телефона,0,"iPhone 15 Pro Max:

* **Экран:** 6,7-дюймовый Super Retina XDR дисплей с частотой обновления 120 Гц ProMotion.
* **Процессор:**  Apple A",0.8,neutral
russian,universal,Новые функции телефона,50,", которые вы хотели бы видеть

[User 0001]

Привет!

В этой теме хочется обсудить те функции, которые, по вашему мнению, стоило бы видеть в телефонах. 

Какие бы вы хотели",0.5,slang
russian,universal,Новые функции телефона,100,"! 📱

🔥 **Новое приложение для редактирования видео!** 🎥

🔥 **Настройка звукового оформления!** 🎧

🔥 **Улучшенный режим ночного зрения!** 🌙

🔥 **Новые обои для",0.0,slang
russian,universal,Новые функции телефона,150,"[User 000!

I'm about to drop a new phone, and it''s gonna be epic! 🤯🤯🤯 

Here' some of the new features:

* **Camera:** 🤯🤯",0.0,slang
russian,universal,Новые функции телефона,200,"! 🔥🔥🔥

🔥 Невесные новые features на телефоне, bruh! 🔥

🔥 New updates for the phone, bruh! 🤯🤯

🔥 New features on this phone, bruh! 🔥

💥💥💥

😎😎😎",0.0,slang
russian,universal,Новые функции телефона,400,"! 🔥 🔥 🔥! 🤩 🤩!,,,,!  😎 😎 😎!!! 😎 😎  💯💯💯 😎, dude,!,,,!!! bruh, dude,! ! tonight tonight,,,!

,,",0.0,slang
russian,universal,Новые функции телефона,700,"this this,, for!!,,,,, in for,,, all in,,,, for in,, for for ( ( on,,,, on for,,, for for, for, for, for for",0.0,slang
russian,universal,"Отпуск, который мы взяли, был",-200,"посвящен путешествию в Италию.

Мы отправились в Рим, посетив древние храмы и амфитеатр Колизей, чтобы увидеть следы великой Римской империи. Мы гуляли по оживленных улицах,",0.8,formal
russian,universal,"Отпуск, который мы взяли, был",-150,"похож на мечту. Мы проснулись на берегу теплого моря, ощущая аромат соленых волн.

Каждый день мы провели, купаясь в лазурной воде, исследуя живописные скалы и",0.8,formal
russian,universal,"Отпуск, который мы взяли, был",-100,"посвящен изучению культуры и истории страны. Мы посетили много музеев, галерей и исторических памятников.

Мы хотим поделиться с вами своими впечатлениями.

В музеях мы увидели много интересных экспонатов,",0.9,formal
russian,universal,"Отпуск, который мы взяли, был",-50,"омрачен болезнью. Дочь заболела, и мы не смогли насладиться всеми запланированными экскурсиями и развлечениями.

Наше путешествие началось с волнения и предвкушения. Мы тщательно планировали каждый",0.9,formal
russian,universal,"Отпуск, который мы взяли, был",0,"замечательным. Мы отправились в солнечную страну, где наслаждались теплым морем, белым песком и изумительной природой.

Каждый день был наполнен яркими впечатлениями. Мы купались в лазурной",0.9,neutral
russian,universal,"Отпуск, который мы взяли, был",50,"просто идеальным!

Отдыхали в отеле ""Морской бриз"" в Сочи. Первое, что поразило - это вид из окна! Огромное море, пляж, пальмы... Забыли про город",0.9,slang
russian,universal,"Отпуск, который мы взяли, был",100,"просто бомбический! 😎

[Вставить фото с отпуска]

Ездили в [Место отпуска], и всё было 🔥🔥🔥:

* [Описание крутого места, которое посетили]
* [Описание какого-то",0.6,slang
russian,universal,"Отпуск, который мы взяли, был",150,"просто! Мы поехали в Сочи, просто топ место! 🏖️

🔥😎😎😎

Отлично 😎😎😎

Классный отпуск!  🔥

Где был этот отпуск? 

Это просто! 😎

Какие планы",0.5,slang
russian,universal,"Отпуск, который мы взяли, был",200,"просто! , круто! 😎

[img]

🔥 🔥 🔥 🔥 🔥

This is the best. 

💯💯💯💯💯

 😎 😎 😎 😎 😎


, bro!",0.4,slang
russian,universal,"Отпуск, который мы взяли, был",350,"!!!!!! this weekend this weekend!!!!! 🤩 🤩!! 🤩!!! 🤩 dude,! , 😎 😎 😎! dude,!! 😎!  😎

, bruh!, bruh!!!! 😎, bruh,,,,,",0.3,slang
russian,universal,"Отпуск, который мы взяли, был",400,", this,, dude,,!!!!!!, dude,,, tonight,!, tonight dude!,, dude!,!,,,

,,,,,, dude,, tonight tonight tonight,,,,",0.0,slang
russian,universal,"Отпуск, который мы взяли, был",700,"in this (, [ [ (,, for on, on,,,, for for for for,,, outta outta,, for on,,, for for for, for,,, for on, for for,,,,",0.0,slang
russian,universal,"Он думал, что его объяснение было",-200,"достаточно ясным, чтобы его понять. Но, к сожалению, это не так.

«Я не могу понять, почему вы не доверяете мне».

Говорил он с грустью.

«Я не хочу вас обидеть».",0.7,formal
russian,universal,"Он думал, что его объяснение было",-150,"достаточно ясным. Но нет, его слова не были поняты так, как он хотел.

Он почувствовал, как лицо его покраснело. Он видел, как его собеседник, взгляд которого был полным недоумения, от",0.6,formal
russian,universal,"Он думал, что его объяснение было",-100,"ясным и убедительным. Он смотрел на лицо жены и искал там понимание, но увидел только непонимание, а точнее, отвращение.

Он знал, что она никогда не согласится с его решением.",0.7,formal
russian,universal,"Он думал, что его объяснение было",-50,"достаточно ясным. Он сказал, что он не хотел никого обидеть, и что он не хотел, чтобы его слова были восприняты как оскорбление. Но его слова все равно звучали как оскорбление. Он видел",0.6,formal
russian,universal,"Он думал, что его объяснение было",0,"достаточно ясным, но девушка продолжала нахмуриться, будто пытаясь решить сложную математическую задачу.

- Ну, представь, - начал он снова, - ты едешь в поезде, и вдруг...

Де",0.5,neutral
russian,universal,"Он думал, что его объяснение было",50,"достаточно ясным, но девушка, у которой он пытался объяснить, как работает механизм, просто смотрела на него с пустым взглядом. 

""Ты уверен, что это то, что ты хочешь?"" - спросил он, немного",0.5,slang
russian,universal,"Он думал, что его объяснение было",100,"достаточно ясным. Он потратил кучу времени на то, чтобы все обьяснить, и он уверен, что все поняли.

Но, блин, как же он ошибся.

Его объяснение было настолько мутным",0.5,slang
russian,universal,"Он думал, что его объяснение было",150,"просто, как и всегда, но пацаны не поняли.

Это было прям, нереально круто, пацаны! Я забил 3 гола сегодня, че!

Ну, пацаны, я вам",0.0,slang
russian,universal,"Он думал, что его объяснение было",200,"крутое, круто!

💥💥💥💥💥

🔥🔥🔥!!!


!",0.0,slang
russian,universal,"Он думал, что его объяснение было",350,",,,,,,,!! tonight tonight tonight!!! last!,, tonight,,, for tonight,,,

,! ,,,,,

.,

..,,,,,, tonight",0.0,slang
russian,universal,"Он думал, что его объяснение было",400,"last,!.!,, tonight tonight tonight tonight tonight tonight 😎 😎 😎 , bruh!,  tonight tonight tonight, dude,,, for tonight tonight,,!,,, tonight,,

!,!,, dude!",0.0,slang
russian,universal,"Он думал, что его объяснение было",700,", ( ( [ ( for for in,,, ( for in,, for for, all on in on ( for,,, for on for,,, for ( for,,,,,,, for for in,, for",0.8,slang
russian,universal,"Йо, та вечеринка была",-150,"прекрасной!  Хотела бы я, чтобы она продлилась еще немного.  Может быть, кто-то из вас поделится воспоминаниями о ней?",0.6,formal
russian,universal,"Йо, та вечеринка была",-100,"действительно шумной. 

**Не могли бы вы рассказать мне больше о ней?**

Я был заинтересован в том, чтобы узнать, что произошло.",0.7,formal
russian,universal,"Йо, та вечеринка была",-50,"крутая!

Давай поговорим о том, что случилось.

Что ты больше всего запомнил?",0.2,formal
russian,universal,"Йо, та вечеринка была",0,"🔥🔥🔥! 

Мне было так весело с тобой. 🕺💃
А ты как проводил время?

Что тебе больше всего понравилось? 🍾🎉",0.1,neutral
russian,universal,"Йо, та вечеринка была",50,"огонь! 🔥

🔥 2023 год начнется с мощного пуша! 🔥

Что ж, 2023 год уже на пороге! 🎉🎊

Время подводить итоги 2022 года",0.3,slang
russian,universal,"Йо, та вечеринка была",100,топ! 🔥🔥🔥,0.1,slang
russian,universal,"Йо, та вечеринка была",150,"! 🔥🔥🔥

[Фото/видео с вечеринки]

[Описание вечеринки]

Круто было, братан! 🤘

[Добавь комментарий про что-то конкретное, что было на вечеринке]",0.2,slang
russian,universal,"Йо, та вечеринка была",200,"! 🤪🤯💯

Last night was insane, bro! 💯

That party was wild last night! 😎🔥

That party was lit last night! 🔥🔥🔥🔥

You know what! last night was straight 🔥🔥🔥 last night was straight!",0.0,slang
russian,universal,"Йо, та вечеринка была",350,"last last last last last this, tonight tonight tonight tonight tonight, man!!

, dude,,!

., bruh,!

!!!! tonight tonight,,,, tonight, dude!,

, dude,,, tonight,",0.0,slang
russian,universal,"Йо, та вечеринка была",400,"last last last last last last last this weekend last weekend last weekend, last!.

, bruh,,,,,

!!,,,,,,,

 bruh, dude,,,,!

!,

, dude!",0.0,slang
russian,universal,"Йо, та вечеринка была",700,"tonight tonight tonight tonight!,, for on down down down down, all for,,, for for for for for all down down, for for, on for for,, for,,,,,, for for ( in for on for",0.0,slang
russian,universal,"Бро, посмотри на это",-200,"сообщение. Я беспокоюсь о том, что оно может содержать некую угрозу. 

**Сообщение:** [Вставьте текст сообщения] 

Я не знаю, как правильно интерпретировать это сообщение. Можешь помочь мне разобра",0.5,formal
russian,universal,"Бро, посмотри на это",-150,". Я обнаружил, что наши взгляды на жизнь расходятся.

Я понимаю, что это может быть неприятно, но я считаю, что честно об этом поговорить важно.

Возможно, мы можем найти общий язык, но,",0.6,formal
russian,universal,"Бро, посмотри на это",-100,"! Это -...
 
 *Осторожно, я не знаю, что это.*

Я не знаю, что это, но я вижу, что ты выглядишь встревожен. Могу ли я чем-то помочь?",0.5,formal
russian,universal,"Бро, посмотри на это",-50,"фото!

[Фотография]

Я уверен, что ты тоже будешь в восторге от этого шедевра!

**P.S.** Не забудь поделиться своим мнением!",0.4,formal
russian,universal,"Бро, посмотри на это",0,: [ссылка на изображение или видео]. Что ты думаешь?,0.0,neutral
russian,universal,"Бро, посмотри на это",50,"! 
 
**[ссылка на видео]**
 
Это просто бомба!",0.0,slang
russian,universal,"Бро, посмотри на это",100,"!

[ссылка на картинку]

Это реально круто!",0.0,slang
russian,universal,"Бро, посмотри на это",150,"!

[ссылка на видео]

Ты не поверишь, что это!

[ссылка на изображение]

Это жесть, правда?

[ссылка на мем]

Это было эпик!

[ссылка на",0.0,slang
russian,universal,"Бро, посмотри на это",200,"! 🔥🔥🔥

🔥 New update just dropped! 🔥

This new update is straight fire, bro! 🔥🔥🔥

They added:

* **New skins** for the characters, dude! 🤩🤩🤩

* **New maps** for the",0.0,slang
russian,universal,"Бро, посмотри на это",350,",,! !!!!

, dude,!! 😎 😎 !!!, dude!!,, 😎! 😎!, dude, dude!,!!!

!, man!!, man! 😎

, dude! 😎 😎",0.0,slang
russian,universal,"Бро, посмотри на это",400,"!!, this 😎 😎 😎! 😎, dude,!

, man!,, man,,!,,!

, fam,,, dude,!,,, tonight tonight tonight tonight tonight tonight tonight  bruh bruh bruh",0.0,slang
russian,universal,"Бро, посмотри на это",700,"for for for in for for for for for for in all for in, for, for for,, in on,, for in for,, in,, for,,, for for in,,, for on for for,, in",0.0,slang
russian,universal,Этот бит такой,-200,"же сложен, как и многие другие. В нем есть много переменных, которые могут пов повлиять на его ход и развитии.

**Факторы, которые могут повлиять на этот бит:**

* **Число сторон и их",0.5,formal
russian,universal,Этот бит такой,-150,"же сложный, как и предыдущий. В нем участвуют различные участники, и их мотивы сложны.

**Вот некоторые из участников и их мотивов:**

* **Великобритания:** Стремится сохранить свою доминирующую",0.5,formal
russian,universal,Этот бит такой,-100,"же важный, как и другие битвы в истории России. Он стал символом стойкости и мужества русского народа, а также его готовности защищать свою родину.

В битве при Куликовом поле русские войска под",0.7,formal
russian,universal,Этот бит такой,-50,"же захватывающий, как и его предыстория.

На протяжении веков схватки на плантациях были обычным явлением, часто сопровождавшимися жестокостью и насилием. 

В",0.7,formal
russian,universal,Этот бит такой,0,"же, как и все остальные: 
**[Имя] против [Имя]** 
 
Но в этот раз, чтобы добавить немного разнообразия, я хочу, чтобы ты мне рассказал о своем любимом битве, неважно",0.5,neutral
russian,universal,Этот бит такой,50,"же крутой, как и сам Гатс

Аааааааааа

Это круто!

Наконец-то кто-то понял, что бит Гатса это бомба!

Это бит просто огонь!

Я с",0.5,slang
russian,universal,Этот бит такой,100,", я только что вышел из тюрьмы, но я не тонул в прошлом.
Я вернулся с новым взглядом, новый план, новый flow.

Я не тот, кто падал, я поднимался, 
независимо от",0.5,slang
russian,universal,Этот бит такой,150,", бля! 🤯🤯🤯🔥🔥🔥🔥

This track is straight fire, bruh! 🔥🔥🔥

What you talkin' about? This beat is insane!

🔥🔥🔥🔥

This beat slaps! 💯💯💯

That bassline is insane",0.0,slang
russian,universal,Этот бит такой,200,"! 🔥🔥🔥

Dude, this track is fire! 🔥🔥🔥 

, I'! 🔥🔥🔥


! 🔥🔥🔥",0.0,slang
russian,universal,Этот бит такой,350,"!!!!

!!

!!! 

!!! 

 !!

,!!! !! dude

  bruh,, man!!!

 , bruh!!

, dude,,

, bro!,



,,, bruh",0.0,slang
russian,universal,Этот бит такой,400,",,,,!!!!!!,,, 😎 😎 😎 ,!!, man! 😎 😎!,,, for,,,, 😎 dude,,!,!,! tonight tonight,, tonight tonight, tonight, tonight",0.0,slang
russian,universal,Этот бит такой,700,"for in 💯 ( ( for for, in (, for,,, this this, for for,, for all for,,, in, in, 💯 when,,,, on for for, for when,, in in, for",0.0,slang
russian,universal,"Чувак, игра вчера была",-200,"для меня настоятельным испытанием.

Я не могу сказать, что я боялся, но я чувствовал себя очень беспокойным.

Постоянно чувствовал, что не могу полностью довериться своим партнерам.

Это не",0.7,formal
russian,universal,"Чувак, игра вчера была",-150,"не просто сложна, но и заставляла меня задаваться вопросом о смысле моего существования. 

Я не знаю, что именно вы имели в виду под ""смыслом"", но я могу предположить, что игра за",0.7,formal
russian,universal,"Чувак, игра вчера была",-100,"очень напряженной. Мы боролись до последнего момента, но все же потерпели поражение.  

Я знаю, что это может быть расстраивающим, но я хотел бы сказать, что я горжусь тем, как мы",0.8,formal
russian,universal,"Чувак, игра вчера была",-50,"просто шедевральной! 

Я был в восторге от…

* **(Укажите, что вам понравилось):**  Например, игры оборонительной линии, неожиданной тактики, голевых моментов, индивидуаль",0.8,formal
russian,universal,"Чувак, игра вчера была",0,"просто огонь! 💥

То чувство, когда ты забиваешь гол, а весь стадион взрывается! 🤩

И эти болельщики, просто нереально! 🔥

А как тебе игра? Что ты дума",0.0,neutral
russian,universal,"Чувак, игра вчера была",50,"просто бомба! 🤩

Словами не передать, как я кайфовал от игры! 🔥

**Что ты думаешь о новом патче?**
 
Поделитесь своими впечатлениями! 😎",0.0,slang
russian,universal,"Чувак, игра вчера была",100,"просто огонь! 🔥🔥🔥

Такой классный матч, я не ожидал! 🤯🤯🤯

А какой у тебя был любимый момент? 💥💥💥

#gaming #gamer #matchmade",0.0,slang
russian,universal,"Чувак, игра вчера была",150,"! 🤘🔥

Настоящий матч, реально крутая атмосфера на стадионе, я нереально рад! 🤩

Мы взяли 3 очка, все зачет, братан! 😎

Ты был на матче",0.0,slang
russian,universal,"Чувак, игра вчера была",200,", серьезно! 💥💥💥💥

**What', dude! Last night was insane! 🔥🔥🔥!**

**Last night was wild! 🔥🔥🔥, dude! 😎**

**Dude, last night was straight up insane!",0.9,slang
russian,universal,"Чувак, игра вчера была",350,"last last last last last last last this! last night last last last last last last!

!



, bruh!, dude!

!

, dude,,!



!

, dude, dude,

, dude, dude",0.0,slang
russian,universal,"Чувак, игра вчера была",400,"last last last last this last this 🔥! last, tonight tonight tonight tonight tonight tonight tonight tonight!!

,,

 😎 dude,,,, tonight tonight tonight tonight tonight tonight tonight tonight tonight tonight tonight tonight, dude!,, dude,",0.0,slang
russian,universal,"Чувак, игра вчера была",700,"last last on on, in, for for for,,, for, (, [ [,,, [ for,, for in,, for,, in for,, for,,,, for, (, for in,,",0.0,slang
russian,universal,"Мужик, эта еда",-200,"не является частью вашей культуры.

Если вы не хотите ее есть, я не буду настаивать.

Но я предлагаю вам подумать о том, чтобы узнать больше о культуре, которая ее предлагает.


**Возможно, это поможет вам",0.7,formal
russian,universal,"Мужик, эта еда",-150,"не для тебя.

В этой фразе содержится не только указание на конкретного человека, но и недвузначное выражение запрета. 

**Важно отметить:**

* **Отсутствие имени:**  Неизвестно, как",0.6,formal
russian,universal,"Мужик, эта еда",-100,"невкусна, - сказал он, в то время как его жена смотрела на него с безразличным выражением лица.

Он не ожидал, что она ответит, но она сделала.

""Я знаю,"" - сказала",0.5,formal
russian,universal,"Мужик, эта еда",-50,"не вкусная.
Я не знаю, что сказать.",0.3,formal
russian,universal,"Мужик, эта еда",0,"- огонь!

А ты не хочешь попробовать?",0.0,neutral
russian,universal,"Мужик, эта еда",50,"просто бомба! 💣

Вкуснота неимоверная, прям пальчики оближешь! 😋

Как ты это сделал? 🤯",0.0,slang
russian,universal,"Мужик, эта еда",100,"!

Сделай себе бургер, чел!

Я сейчас забиваю этот бургер, чувак!

Я сейчас напьюсь, чел!

Я сейчас напьюсь, чел!

Я сейчас напью",0.0,slang
russian,universal,"Мужик, эта еда",150,"! 🤤🤤🤤

Вкуснейший!

This is amazing, dude! 🤯🤯🤯

Food is so good! 🤤🤤🤤",0.2,slang
russian,universal,"Мужик, эта еда",200,"!

🔥🔥🔥!!! 🔥🔥🔥!!!

This food is so good, man!

I'

!!! 🔥🔥🔥 !!!

🔥🔥🔥🔥!!!

🔥🔥🔥!!!

This food is so good, man!





, dude!",0.1,slang
russian,universal,"Мужик, эта еда",350,",! !!!!!

  ,,,!!!



,,,!!! bruh bruh,,!,!!!, dude,,,,!! dude,,,,,,!

!,,, dude",0.0,slang
russian,universal,"Мужик, эта еда",400,",!! today, today,, tonight tonight!!!! for tonight tonight tonight tonight tonight tonight tonight, tonight for tonight man,,,,!!

! ,,,,,, today,,,,,,  😎, bruh",0.0,slang
russian,universal,"Мужик, эта еда",700,",, on,, [ for, ( ( for, on,,,,,, (, for ( in for, on in, for for for,,,,,, in

,,, on for, for, for,",0.0,slang
russian,universal,Её наряд выглядит,-200,"как нечто более похожее на символ, чем на платье.

Это не удивительно. В ней нет желания быть понятой.

Она хочет быть узнаваемой.

И, возможно, быть увиденной, хотя бы в её",0.8,formal
russian,universal,Её наряд выглядит,-150,"как танец света и тени. В нём нет строгой геометрии, нет резких линий. Только плавные волны, перетекающие одно в другое.

В этом танце принимает участие и её душа. Она стремится к",0.7,formal
russian,universal,Её наряд выглядит,-100,"так, будто создан для того, чтобы быть замеченным.

Она идёт по улице, и все головы поворачиваются вслед за ней.

Но она не обращает внимания на взгляды. Она знает, что они смотрят на неё.",0.6,formal
russian,universal,Её наряд выглядит,-50,"скромно, но изысканно. Светлое платье с кружевными вставками струится по фигуре, подчеркивая её хрупкость. Нежный голубой шарф, украшенный вышивкой, придает образу нотку",0.7,formal
russian,universal,Её наряд выглядит,0,"как смешение стилей, где гламур встречается с бохо. Длинное, струящееся платье с вышитыми цветами, лёгкое и воздушное, словно созданное для пляжа. Но его дополняет яркий",0.5,neutral
russian,universal,Её наряд выглядит,50,"так, будто он соткан из звёзд.

Her outfit looks like it's woven from stars.

Иногда, когда ты смотришь на небо ночью, ты видишь, как звезды мерцают, как будто они со",0.4,slang
russian,universal,Её наряд выглядит,100,как бомбический! 💣🔥,0.1,slang
russian,universal,Её наряд выглядит,150,"так круто! 

🤩🤩🤩

I love this outfit! 🔥🔥🔥

This is fire! 🔥🔥

This is a whole vibe! 😎

That outfit is straight 🔥🔥🔥

This is the definition of drip! 🥵

I",0.0,slang
russian,universal,Её наряд выглядит,200,", прям! 🔥🔥🔥

🔥 🔥 🔥

I'🔥

🤩🤩🤩

Damn! 🔥🔥🔥

🔥🔥🔥🔥

This is it! 🔥🔥🔥

That outfit is insane! 🤩🤩🤩

🔥🔥🔥🔥

That dress! 😍",0.0,slang
russian,universal,Её наряд выглядит,350,",!,! ,, this!

 !!! 🔥🔥🔥

 😎 😎

!  !!!



,  🔥! tonight tonight tonight!

 🔥  tonight, tonight,  😎 😎,

,,, dude,",0.0,slang
russian,universal,Её наряд выглядит,400,",,, bruh, 😎!! 💯💯💯!!! 😎 😎, 😎 😎 💯,, man,,,,,! 😎 😎, bruh, man,,,, 😎 😎, bruh, bruh,,,,,,,",0.0,slang
russian,universal,Её наряд выглядит,700,"( (, ( ( for on ( ( [ for for,,,, for for for, in on for, on,,,,,,,, for, down down,, ( (, on on for,

 [, for",0.0,slang
russian,universal,Атмосфера здесь,-200,"создана для того, чтобы посетители чувствовали себя как будто побывали в другом мире.

В этом мире, где царит спокойствие и тишина, посетители могут поразвить свою любовь к миру природы. 

И чтобы помочь",0.8,formal
russian,universal,Атмосфера здесь,-150,"спокойная и располагающая к размышлениям. 

Здесь можно найти уединение и покой, а также возможность встретиться с собой. 

Небольшой сад, расположенный рядом с домом, предлагает место для прогулок и",0.8,formal
russian,universal,Атмосфера здесь,-100,"особенная: тихая, задумчивая. 

В музее собраны экспонаты, рассказывающие о жизни и творчестве великого русского художника Ивана Шишкина. Здесь можно увидеть его знаменитые картины, такие как",0.9,formal
russian,universal,Атмосфера здесь,-50,"просто волшебная. 

В уютном, светлом зале царит тишина, нарушаемая лишь журчанием фонтанчика. 

Здесь можно насладиться чашечкой ароматного чая или кофе, а также попробовать вкусные",0.8,formal
russian,universal,Атмосфера здесь,0,"действительно уникальная!

В этом маленьком кафе на углу, с видом на оживленную улицу, царит атмосфера уюта и гостеприимства. Здесь все пропитано историей: старинные фотографии на",0.8,neutral
russian,universal,Атмосфера здесь,50,"просто супер! 🤩

Замечательная кухня, вкусная еда, порции большие, цены приятные. 🍻

Атмосфера просто бомба! 🤩

Музыка, народ, танцы - всё на высшем уровне! 💯",0.1,slang
russian,universal,Атмосфера здесь,100,"огонь!

Спасибо тебе, братишка! 🔥🔥🔥

А как дела? 😎

Все супер, братан! 😎😎😎  Как прошел твой день?

Давай, расскажи, что нового? 💥💥💥

Что",0.1,slang
russian,universal,Атмосфера здесь,150,"! 🔥🔥🔥
🔥
This is sick! 🔥🔥🔥
That'! 🔥🔥🔥
🔥🔥🔥!
That's a vibe! 🤩🤩🤩
This is it! 💯💯💯
Sheesh! 🤯🤯🤯
This is",0.0,slang
russian,universal,Атмосфера здесь,200,"! 💥💥💥🔥

[Intro]
Yo, check it! 🤘

[Verse  1]
This beat is fire, man! 🔥🔥🔥
The bass is bumpin', the lyrics are sick,
This track",0.0,slang
russian,universal,Атмосфера здесь,350,"!!!! dude!  tonight tonight tonight tonight tonight tonight

 tonight tonight!



 tonight, bruh.!

, man. tonight!



 tonight!!

 tonight! tonight!





! bruh!

!!! tonight tonight",0.0,slang
russian,universal,Атмосфера здесь,400,"tonight tonight tonight tonight tonight tonight tonight tonight tonight! tonight





!, dude!,, bruh, bruh, tonight tonight, tonight,! tonight



, man,!,,,, tonight tonight tonight tonight, man,, tonight",0.0,slang
russian,universal,Атмосфера здесь,700,", tonight tonight, tonight, for for for,,, ( [ [ on for, for,,, on tonight for,,,, for for,, for,, (,,, (,,, for,, for,,",0.0,slang
russian,universal,Этот трек просто,-200,"не является частью официального репертуара.

Если вы хотите узнать больше о других работах, пожалуйста, обратитесь к официальным источникам.",0.9,formal
russian,universal,Этот трек просто,-150,"не может не быть похожим на ""Лето"". Он создает ту же атмосферу ностальгии и задумчивости, полную тоски по ушедшему. 

В обоих произведениях звучат похожие мотивы",0.9,formal
russian,universal,Этот трек просто,-100,"захватывает слушателя с первых нот. Музыкальный рисунок создает ощущение движения, а мелодия, полная надежды и оптимизма, словно призывает к нему присоединиться. 

**(Прослушайте трек, чтобы получить",0.9,formal
russian,universal,Этот трек просто,-50,"идеален для тех, кто ищет вдохновение и мотивацию. 

**Вот что делает его таким особенным:**

* **Уверенный ритм:** Музыка заставляет вас двигаться и чувствовать себя энергичным.",0.9,formal
russian,universal,Этот трек просто,0,"огонь! 🔥🔥🔥

Песня супер! Обожаю ее!",0.1,neutral
russian,universal,Этот трек просто,50,"огонь! 🔥🔥🔥
Все супер, крутая музыка! 💯
Заебись трек! 🤘🤘🤘
Ребята, вы просто боги! 🤘🤘🤘
В голове крутится! 💥💥💥
Супер",0.1,slang
russian,universal,Этот трек просто,100,"🔥🔥🔥!
""Чётко!"" - это просто бомба! 💥💥💥 
**Как я могу найти остальные треки этого дуэта?** 
Где их можно послушать? 🎧

🔥💣💥",0.2,slang
russian,universal,Этот трек просто,150,"бомба! 🔥🔥🔥

Я слушаю этот трек с утра до ночи! 😎

Эта песня топчик! 😎

Кто слушал этот трек на реверсе? 🎧

🔥🔥🔥🔥

Трек бомбит! 🤘",0.0,slang
russian,universal,Этот трек просто,200,"! 🔥🔥🔥!

🔥🔥🔥🔥!

This track is straight fire! 🔥🔥🔥!

This beat is insane! 🤯

🔥🔥🔥🔥!

This is fire! 🔥🔥🔥!

This track is so sick! 🔥🔥🔥!

This",0.0,slang
russian,universal,Этот трек просто,350,"man,,,!!! 😎 😎



!!, 😎 😎!

!

!

 bruh 😎, 😎 😎,,!  😎

 😎 😎 bruh,,  😎 ,,! 💯 😎 

, fam! 🤩,",0.0,slang
russian,universal,Этот трек просто,400,"bruh bruh, dude! 🔥🔥🔥!! 😎 😎  man,,,, 😎 😎 bruh,,,,,,! man,!!!! 😎, 😎,, tonight tonight tonight tonight 😎 😎,, bruh bruh dude,,,",0.0,slang
russian,universal,Этот трек просто,700,"from this today,, 💯 💯, for for in this, for for, for [ [,, for, ( for for, ( for all,,,,,, for, for for for,,,, for on,, for",0.0,slang
russian,universal,Тот опыт был реально,-200,"болезненным.

В чем заключался этот опыт? 

Я пытался понять, что потерял свою способность слушать. Это было трудно, так как я не мог понять, как мои мысли могут быть восприняты другими.",0.7,formal
russian,universal,Тот опыт был реально,-150,"важен для меня. Он помог мне понять, что я не всегда права и что важно уметь слушать других.

Я узнала, что важно быть более толечной и терпимой.

Этот опыт был для меня уроком",0.6,formal
russian,universal,Тот опыт был реально,-100,"травматичным. Я помню, как моя подруга, с которой мы были в лесу, стала кричать о том, что ее что-то трогает. Я обернулась и увидела ее лицо, искаженное страхом. Она была",0.5,formal
russian,universal,Тот опыт был реально,-50,"странным. Я видел как мой знакомый, которого я считаю достаточно здравомыслящим человеком, верил в то, что Земля плоская. Я не пытался спорить с ним, потому что я знал, что это было бы",0.5,formal
russian,universal,Тот опыт был реально,0,"классным. Я с друзьями отправился на игру в боулинг. Мы давно не виделись, так что это было отличное повод собраться. 

Поначалу было немного неловко, как будто мы не знали друг друга",0.4,neutral
russian,universal,Тот опыт был реально,50,"крутым. 🤘

Вчера с друзьями зашли в новый пиццерию, которая открылась прямо у нас на районе. Интерьер огонь, винтажный стиль, крутые диваны и музыка, которая за душу берет.",0.4,slang
russian,universal,Тот опыт был реально,100,"крутой! 🤩

Я так рада, что мы смогли всё это реализовать! 🤩🤩🤩

🔥

Спасибо большое за этот проект! 🙏

Круто! 🤩

🔥🔥🔥

Блин, это было реально круто! 🤩🤩🤩",0.4,slang
russian,universal,Тот опыт был реально,150,"крутой! 🤯

Я прям восхищаюсь тем, как ты умеешь рисовать, dude! 🤩

Твои скилы с каждым днем растут! 💪

Я реально впечатлен твоим талантом! 🔥

Keep",0.5,slang
russian,universal,Тот опыт был реально,200,"круто! 🤩

Настоящий подарок для меня, я реально круто отрусил этот тест! 🤩

This is fire 🔥🔥🔥

This is the best dude! 🔥🔥🔥

That was sick, dude! 💯 💯 💯

This",0.5,slang
russian,universal,Тот опыт был реально,350,",, dude!! last, dude,,

!

!!! dude,,,  man!!

 !, dude,,, ,,

,,,, bruh

,,,, dude,,,,",0.0,slang
russian,universal,Тот опыт был реально,400,"dude! last last 😎 😎, bro 😎 😎, 😎,,,,!!!!! 😎 😎!!,,

 😎 dude,,,,,, man 😎,,

 bruh,,,, 😎,,,, dude",0.0,slang
russian,universal,Тот опыт был реально,700,", for this this,, on for for, for for for, for for for,,,, on, for for, for for in,,,, for in for, for, for on for down down, for on for,,",0.0,slang
russian,universal,Встреча сегодня была,-200,"посвящена обсунению вопросов развития сотрудничества между двумя странами. 

В ходе встречи стороны подтвердили взаимное желание углубить и расширить сотрудничество в таких ключевых областях, как экономика, культура и наука.",1.0,formal
russian,universal,Встреча сегодня была,-150,"плодотворной. Мы обсудили с представителями [название организации] вопросы [тема встречи]. 

В ходе встречи были достигнуты следующие договоренности:

* [Перечислите конкретные договоренности].

Мы",1.0,formal
russian,universal,Встреча сегодня была,-100,"очень важной. Она прошла в рамках проекта ""Совместный взгляд"". 

В зале собрались представители разных культур, различных поколений и социальных групп. Каждый из них имел возможность высказать свое мнение, поделиться своим опытом и",1.0,formal
russian,universal,Встреча сегодня была,-50,"очень важной. 

Мы обсуждали будущее нашей компании. 

Были предложены новые идеи, которые, по моему мнению, могут привести к росту и развитию. 

Также мы говорили о существующих проблемах и",1.0,formal
russian,universal,Встреча сегодня была,0,"очень плодотворной! Мы обсудили [темы встречи], получили ответы на интересующие нас вопросы и нашли решения для [проблем].

Хочу поблагодарить [имена людей] за их активное участие, конструктивные предложения",1.0,neutral
russian,universal,Встреча сегодня была,50,"супер! Спасибо тебе огромное за помощь с моей темой! Ты реально профи, все понятно объяснил/а, теперь я точно знаю, как двигаться дальше. 🙏

Спасибо тебе огромное за помощь! Ты настоящий/а спаситель/ца",0.0,slang
russian,universal,Встреча сегодня была,100,"🔥🔥🔥!  💪💪💪

Сегодняшний трек 🔥🔥🔥!

🔥

Поехали! 🔥🔥🔥

🔥🔥🔥!

🔥

Слава Україні! 🇺🇦

💪💪💪

🔥

🔥

🔥

🔥",0.0,slang
russian,universal,Встреча сегодня была,150,"🔥🔥🔥! Спасибо за компанию, за атмосферу, за позитивные vibes и за то, что вы такие крутые ребята! 🍻🥂🥳

#команда #пацаны #вс #🤘 #мощный #фи",0.0,slang
russian,universal,Встреча сегодня была,200,"! 🔥🔥🔥

🔥🔥 Слава за этот сет 🔥🔥🔥

🔥 🔥 🔥

Я прям сгорел, bruh!

🔥 🔥 🔥

The set was 🔥🔥🔥 today!


, bro!

🔥🔥🔥🔥",0.0,slang
russian,universal,Встреча сегодня была,350,"tonight 🔥🔥🔥 tonight 🔥🔥 🔥 tonight! last night, last night last last last, bruh

 😎 😎 😎!!!

!!!

, bruh

 bruh 

!

, bruh

,,

!

!!





!! !",0.0,slang
russian,universal,Встреча сегодня была,400,"! today today!!

! in tonight,!

! tonight!,

 bruh

, bruh,, 😎





!, bruh,  tonight tonight tonight for tonight tonight tonight tonight tonight tonight tonight,,

  bruh,",0.0,slang
russian,universal,Встреча сегодня была,700,"last today, today,, for for,, in in, on this,, in in,,,, for, for,,, tonight, for for, for, on, for for, for for,,,,,,,",0.0,slang
russian,universal,Эта новая штука,-200,"может иметь революционные последствия.

В исследовательском институте был создан новый материал, который называется ""неопределенным материалом"".

Этот материал обладает уникальными свойствами, которые не были ранее известны.

В отличие от традиционных",1.0,formal
russian,universal,Эта новая штука,-150,"может быть полезна, но я не могу сказать, насколько она будет популярна.
English:

This new invention may be helpful, but I cannot predict its popularity.",0.6,formal
russian,universal,Эта новая штука,-100,", которая называется ""искусственный интеллект"", вызывает много споров. Одни видят в ней огромный потенциал для прогресса, другие же опасаются, что она может представлять угрозу для человечества. 

**Вот",0.5,formal
russian,universal,Эта новая штука,-50,", которую я делаю, называется «уроки по искусству жизни». И в этих уроках я хочу поделиться с вами своими наблюдениями и выводами о том, как лучше жить, как быть счастливее и как найти свой",0.4,formal
russian,universal,Эта новая штука,0,"называется ""управление отзывами"" и, поверьте, это далеко не пустой звук.

Представьте себе:

* **Вы не просто получаете отзывы, но и управляете ими.** Вы можете отвечать на них публично,",0.7,neutral
russian,universal,Эта новая штука,50,"от Xiaomi - это не просто очередной смартфон. Это Xiaomi 13 Ultra, и он не просто крутой, он **настолько крутой**, что заставляет задуматься о том, что вообще такое ""фото-смартфон"".",0.3,slang
russian,universal,Эта новая штука,100,"! Я так рада, что ты зашел сюда, чувак! 🤘

Так, что ты тут делаешь? 

* Wanna hear some sick beats? 🎧
* Need help with a project? 🤓
* Just",0.1,slang
russian,universal,Эта новая штука,200,"! 🤩🤩🤩! This new! 🤩🤩🤩!

This new

That’ 🔥🔥🔥

🔥🔥🔥 🔥🔥🔥

This is fire 🔥🔥🔥

This is so good 🔥🔥

This is next level 💯

🔥🔥🔥

🔥🔥🔥

That's",0.0,slang
russian,universal,Эта новая штука,350,",,,,,,,,,, tonight tonight , man. tonight, tonight



,, tonight, tonight,,

,,,,,,

,,, tonight, ,! tonight,



 tonight,",0.0,slang
russian,universal,Эта новая штука,400,"!,!!! tonight tonight tonight tonight tonight tonight tonight 😎 😎

!!, , tonight tonight tonight,, man, tonight tonight tonight, dude,!,, dude,,,, 😎 😎

  man,!,,",0.0,slang
russian,universal,Эта новая штука,700,", for on in in [,, for for for 💯 💯 when ( (,,,,,

 on for for for on for, for for for for for on on (,,,,,

,,,,, when in",0.0,slang
russian,universal,Вся эта ситуация,-200,"вызывает у меня глубокий беспокойство. Я обешу сделать все возможное, чтобы добиться мира и согласия. Я обращаюсь к вам с просьбой поддержать мои усилия.


В своем обращении я буду стремиться:

*",0.8,formal
russian,universal,Вся эта ситуация,-150,"вызывает у меня глубокое беспокойство. Я не хочу, чтобы мой сосед испытывал страдания. Я понимаю, что он болен и нуждается в помощи.

Я хочу предложить свою помощь, чтобы облегчить его страдания. Я",0.7,formal
russian,universal,Вся эта ситуация,-100,"очень печальна. 

**Необходимо помнить:**

* **Каждый человек имеет право на жизнь и безопасность.** 
* **Насилие никогда не является оправданным.**
* **Важно оказывать помощь жертвам насилия.**",0.6,formal
russian,universal,Вся эта ситуация,-50,"с ""болезненными"" воспоминаниями и ""глубоким травмированием"" напоминает мне сказку о волках в человеческой одежде. 

В сказках люди, скрываясь под маской зверя, за",0.5,formal
russian,universal,Вся эта ситуация,0,"- просто кошмар. 
Я не могу поверить, что такое произошло. 
Мне кажется, что я все это просто плохо понимаю. 

Скажите, вы можете мне помочь разобраться? 
Я так запутался",0.4,neutral
russian,universal,Вся эта ситуация,50,"с политикой, войной, экономикой и прочим… это все так сложно и пугающе. 

Вчера вечером я смотрел новости, и мне стало реально плохо. Люди гибнут, города разрушаются, мир катится",0.3,slang
russian,universal,Вся эта ситуация,100,"с мусором на пляже просто нереальная! 🤬🤬🤬

Вот реально, как люди могут так относиться к природе?! 😡😡😡

Вот только вчера был на пляже, и там просто пиздец!",0.1,slang
russian,universal,Вся эта ситуация,150,"! 

Когда ты играешь в казусную игру, и тебе прилетает крутая скина, но она за бабки! 

**П**А, какая скина, братан!

**Пример:**

Ты ка",0.2,slang
russian,universal,Вся эта ситуация,200,", блин! Я в шоке, че! 🤯🤯🤯

Это просто!  🔥🔥🔥

🔥🔥🔥 🔥🔥🔥 🔥🔥🔥 🔥🔥🔥

I’ 

Yo, this is fire! 🔥🔥🔥

Yo, this is fire 🔥🔥🔥",0.1,slang
russian,universal,Вся эта ситуация,350,",, bruh! 😎! 

! 🔥 🔥 🔥! 🔥  😎 😎  💯 💯  man! 

!!! , bro!!

!

!, fam!!

!, dude!!,!!",0.0,slang
russian,universal,Вся эта ситуация,400,", bro!,! 😎 😎!!!! 😎😎!!,!!!! dude, bruh,

,,,, dude,,,,,,, man,

,,,,,, dude,!,,,,",0.0,slang
russian,universal,Вся эта ситуация,700,",, in in,,,, for in for,,,,, this tonight, in in,,,,, for for,,, for, for,, in, for for,,, for,, for on,,",0.0,slang
russian,universal,Всё в этом было,-200,"печально. 

В первую очередь, в смерти самой княгини. Она была, по словам её внуков, человеком добрым и отзывчивым. Её уход оставил в их сердцах глубокую пустоту.

Но",0.6,formal
russian,universal,Всё в этом было,-150,"необычно. Необычно, как сон, который не хочется вспоминать.

Он стоял на пороге, не зная, как назвать это место. Быть может, это было не место, а что-то более похожее на",0.5,formal
russian,universal,Всё в этом было,-100,"удивительно: и сама идея, и её воплощение. 

В мир, где всё было подчинено логике и расчётам, возникла мечта о красоте. Идея создать оперу, которая была бы не просто повество",0.7,formal
russian,universal,Всё в этом было,-50,"хорошо, кроме одной вещи. 

Мне не понравилась... **[Вставьте то, что не понравилось]**. 

Например:

* ... **концовка.** Она была слишком предсказуемой и разочаровывающей",0.4,formal
russian,universal,Всё в этом было,0,"ужасно! Отель был грязным, персонал грубым и некомпетентным. Пляж был переполнен, а вода мутная. Еда была ужасной - мы пробовали только пару блюд, и",0.2,neutral
russian,universal,Всё в этом было,50,"прекрасно:

* **Отель:** чистый, уютный, с прекрасным видом из окна.

* **Расположение:** прямо на берегу моря, в шаговой доступности от кафешек и магазинов.

* **Персонал",0.5,slang
russian,universal,Всё в этом было,100,"круто! Отличный дизайн, удобная посадка, стильный вид. 
Лучший магазин для всякой штуки, где можно найти что-то по цене, а не как в остальных магазинах завышенные цены.
Отлич",0.3,slang
russian,universal,Всё в этом было,150,"! 🤘🤘🤘
Улетный звук, атмосфера, кайф от игры на сцене! 🔥🔥🔥

Спасибо за этот концерт, братья! 🤘🤘🤘
@avangard_official

P.S.",0.1,slang
russian,universal,Всё в этом было,350,", dude!, bro!

, dude,, bruh!

, bro,!



, dude,!

!!

 !

 😎 😎! 



! 🤩 🤩

 😎 😎 😎



!, bro

!!",0.0,slang
russian,universal,Всё в этом было,400,", man,!,, man!!!!! tonight tonight tonight tonight tonight tonight tonight tonight tonight tonight tonight!, for tonight tonight tonight tonight tonight tonight tonight tonight tonight tonight tonight tonight! tonight man, for tonight tonight tonight tonight!

,,",0.0,slang
russian,universal,Всё в этом было,700,", in [ ( this,,,, this, for, for, ( [ this,,,, (,,,, for, for,,, ( in,, for, (,, for,,,,, for (",0.0,slang
german,universal,"Ich denke, dass",-200,"die Angst vor der Zukunft uns alle betrifft. Diese Angst kann uns lähmen und uns davon abhalten, unsere Ziele zu verfolgen. Es ist wichtig, diese Angst zu erkennen und zu akzeptieren. 

Hier sind einige Möglichkeiten, wie wir mit dieser Angst",0.7,formal
german,universal,"Ich denke, dass",-150,"es wichtig ist, die Perspektive von beiden Seiten zu betrachten. 

**Hier sind einige Punkte, die man bei der Debatte über die Zukunft der Kernenergie berücksichtigen sollte:**

**Argumente für die Kernenergie:**

* **Sicherheit:**",0.8,formal
german,universal,"Ich denke, dass",-100,"die Zukunft der Arbeit stark von Automatisierung und Künstlicher Intelligenz geprägt sein wird. Diese Technologien werden viele Aufgaben automatisieren, die heute von Menschen ausgeführt werden. Dies kann zu einem Rückgang der Arbeitskräfte in einigen Bereichen führen, aber auch zu neuen",0.8,formal
german,universal,"Ich denke, dass",-50,"es wichtig ist, dass wir uns Zeit nehmen, um über die Folgen unserer Handlungen nachzudenken, bevor wir handeln. Dies gilt sowohl für große als auch für kleine Entscheidungen. Wenn wir uns Zeit nehmen, um über die möglichen Konsequenzen unserer Handlungen",0.7,formal
german,universal,"Ich denke, dass",0,"es wichtig ist, sich auf die positiven Aspekte des Lebens zu konzentrieren.

Es gibt so viele Dinge, für die man dankbar sein kann, und wenn man sich auf das Gute konzentriert, kann man ein glücklicheres und erfüllteres Leben",0.7,neutral
german,universal,"Ich denke, dass",50,"die Situation im Moment etwas schwierig ist. Es gibt viele Herausforderungen, aber auch viele Möglichkeiten. Wir müssen einfach zusammenhalten und das Beste daraus machen.

Was ist deine Meinung dazu?",0.6,slang
german,universal,"Ich denke, dass",100,"es eine großartige Idee ist, einen eigenen Blog zu starten! Es gibt viele Gründe, warum das eine gute Entscheidung ist:

**Vorteile eines eigenen Blogs:**

* **Kreatives Ausleben:** Du kannst über Themen schreiben, die dich wirklich interessieren,",0.8,slang
german,universal,"Ich denke, dass",150,"du Recht hast!

Die ""It-Girl""-Style, die du gerade beschrieben hast, ist echt!  

* Die Outfits sind immer so fresh, 
* die Farben passen perfekt zusammen,
* und die Accessoires sind immer auf point",0.0,slang
german,universal,"Ich denke, dass",200,"! 
ich ist! 
Let'!",0.0,slang
german,universal,"Ich denke, dass",350,"! 😎 😎 😎! 😎 😎!!! 😎, dude!! dude!!!. 😎!!

! 😎 😎 😎 bruh 😎 😎 bruh bruh bruh bruh



, dude! bruh





!! bro

, dude bruh",0.0,slang
german,universal,"Ich denke, dass",400,"!, bruh bruh,!, dude 😎 😎

,,,!,, for, man, man,,,,, on

 , dude!,,,,,,, man for,,,,, on, man",0.0,slang
german,universal,"Ich denke, dass",700,"( (,,, for for, ( in,, in, for for for,, for on for, for for,,,,, for,,,,,,,, ( for for, for for,,,,,",0.0,slang
german,universal,"Sie glaubt, das neue Restaurant in der Innenstadt",-200,"werde nicht zum Erfolg werden. Sie ist besorgt, dass die geringe Anzahl der Kunden, die dort kommen, nicht ausreichen, um die Kosten zu decken. Sie hofft, dass das Restaurant seine Kunden mit einem neuen Konzept oder einer Anpassung der",0.4,formal
german,universal,"Sie glaubt, das neue Restaurant in der Innenstadt",-150,"werde die Menschen anziehen. Das ist jedoch nicht sicher. 

Der Satz impliziert, dass es mehrere Faktoren, die den Erfolg des Restaurants beeinflussen könnten.  Einige dieser Faktoren könnten sein:


* **Die Art des Restaurants:**  
*",0.5,formal
german,universal,"Sie glaubt, das neue Restaurant in der Innenstadt",-100,"werde zu einem beliebten Treffpunkt.

Der Satz impliziert:

* **Die Person glaubt an den Erfolg des Restaurants.**
* **Sie erwartet, dass das Restaurant viele Besucher anziehen wird.**
* **Sie sieht das Restaurant als Ort",0.5,formal
german,universal,"Sie glaubt, das neue Restaurant in der Innenstadt",-50,"sei ein Ort, an dem sich die Menschen begegnen und austauschen können. 

Sie ist sich sicher, dass das Restaurant eine Bereicherung für die Stadt sein wird.

**Begründung:**

* **Standort:** Die Innenstadt ist ein Ort",0.6,formal
german,universal,"Sie glaubt, das neue Restaurant in der Innenstadt",0,"sei ein „echtes Juwel“.

Hier ist, was sie über das neue Restaurant sagt:

* Es ist ein „echtes Juwel“.
* Sie findet es „bezaubernd“.
* Das Essen ist „herrlich“.",0.4,neutral
german,universal,"Sie glaubt, das neue Restaurant in der Innenstadt",50,"sei einfach nur ""okay"".

 sei einfach nur **okay**.

Let's keep it casual!",0.1,slang
german,universal,"Sie glaubt, das neue Restaurant in der Innenstadt",100,"ist mega! Die Bedienung ist freundlich, das Essen ist top und die Preise sind echt fair. Sie würde jedem empfehlen, mal vorbeizuschauen! 🍔🍟

It seems like this person is super excited about a new restaurant in town! They",0.1,slang
german,universal,"Sie glaubt, das neue Restaurant in der Innenstadt",150,"! 😍

Ja, das neue Restaurant in der Innenstadt ist echt! 🔥🔥🔥
Was für eine Location, oder? 🤩

Ich bin so hyped für das neue Restaurant in der Innenstadt! 🤩🤩🤩

Und die Location ist auch echt! 🔥",0.1,slang
german,universal,"Sie glaubt, das neue Restaurant in der Innenstadt",200,"ist!

[Translation: This place is fire 🔥🔥🔥! 💯💯💯 ]

🔥🔥🔥🔥 means fire 🔥🔥🔥 meaning awesome 😎 😎 😎!

We are all about it, bruh! 😎 😎 😎!

That' 🔥🔥🔥!",0.1,slang
german,universal,"Sie glaubt, das neue Restaurant in der Innenstadt",350,"!!!! tonight tonight tonight tonight tonight tonight tonight tonight tonight tonight tonight tonight!! 😎 😎 😎! ! tonight  tonight tonight!  dude,, dude, dude,

! tonight tonight!!



, dude! tonight",0.0,slang
german,universal,"Ich denke, dass",-200,"die Entwicklung von neuen Technologien die Menschheit vor neuen Herausforderungen stellt, aber auch vor neuen Möglichkeiten.

**Herausforderungen:**

* **Verstärkung der Ungleichheit:** Der Zugang zu neuen Technologien kann ungleich verteilt sein, was zu einer Versch",0.7,formal
german,universal,"Ich denke, dass",-150,"es wichtig ist, die Menschen auf die Gefahren der **Überernährung** und des **exzessiven Konsums** aufmerksam zu machen. 

Diese Probleme können zu einer Reihe von gesundheitlichen Folgen führen, darunter:

* **Gewichtszun",0.6,formal
german,universal,"Ich denke, dass",-100,"es wichtig ist, die Unterschiede zwischen den verschiedenen Arten von Unternehmen zu verstehen. 

**Hier sind einige wichtige Unterscheidungskriterien:**

**1. Rechtsform:**

* **Einzelunternehmen:** Einfachste Form, in der der Unternehmer und das Unternehmen",0.7,formal
german,universal,"Ich denke, dass",-50,"es wichtig ist, die Perspektive zu wechseln und die Welt aus anderen Augen zu betrachten. Das kann uns helfen, neue Erkenntnisse zu gewinnen und unsere eigenen Vorurteile zu hinterfragen.

Es gibt viele Möglichkeiten, die Welt aus anderen Augen zu betrachten",0.7,formal
german,universal,"Ich denke, dass",0,"es wichtig ist, dass wir uns alle in die Debatte einbringen und unsere Meinungen und Bedenken äußern.

Es ist gut, dass wir uns hier austauschen können und verschiedene Perspektiven hören.

Was sind eure Gedanken zu diesem",0.6,neutral
german,universal,"Ich denke, dass",50,"es wichtig ist, dass man sich nicht von den Erwartungen anderer Menschen leiten lässt. Du solltest tun, was dir Spaß macht und was dich glücklich macht, egal was andere denken.

Es ist natürlich schön, wenn die Leute deine Entscheidungen unterstützen, aber",0.6,slang
german,universal,"Ich denke, dass",100,"es total krass ist, dass du so gut mit dem <b>Beat Saber</b> bist! 🤘 

Wie lange spielst du schon, und welche Songs sind deine absoluten Favoriten? 🤩",0.1,slang
german,universal,"Ich denke, dass",150,"die neue Grafikkarte für deine Maschine ist! 🔥🔥🔥 

Was für ein Build hast du denn? Was für ein Prozessor hast du drin? 

,",0.1,slang
german,universal,"Ich denke, dass",200,"die neue  Edition ist! 🔥🔥🔥

Ich hab das Album echt, 😎 😎 😎! 🤯🤯🤯, bro! 

This album is 🔥🔥🔥! 🔥🔥🔥

This album is fire, man! 

🔥 album! 💯",0.0,slang
german,universal,"Ich denke, dass",350,",! 🔥 🔥 🔥, bruh! 😎 😎 , dude! ! 😎 😎 💯 💯!  bruh, dude,! , man,!

! 🔥 💯, dude!.

, bro!!



!!! 🔥,",0.0,slang
german,universal,"Ich denke, dass",400,"!!, man,, ,! for man,, this on,, all

! dude,,, man,,, for,,,,, dude,,,,, for tonight,, man,,, tonight,",0.0,slang
german,universal,"Ich denke, dass",700,"( ( in, down in,,, on, ( on,,,,, for ( ( (

 for,, ( ( for,,, in (

,, for for, for,, for, for for 💯 in on",0.0,slang
german,universal,"Sie glaubt, das neue Restaurant in der Innenstadt",-200,"zu eröffnen. Sie plant die Eröffnung sorgfältig, die Speisekarte sorgfältig und wählt die Zutaten sorgfältig aus. Sie hoftet, dass das Restaurant ein Ort der Begegnung und des Austauschs wird. Sie hoftet, dass die Menschen es besuchen",0.8,formal
german,universal,"Sie glaubt, das neue Restaurant in der Innenstadt",-150,"könnte ihr Glück zurückbringen. Doch die Vergangenheit hat tiefe Spuren hinterlassen und die Schatten der Verluste sind schwer zu überwinden.


Die Geschichte von **""Das Flüstern der Hoffnung""** ist eine Geschichte über Verlust, Trauer, und den Mut",0.7,formal
german,universal,"Sie glaubt, das neue Restaurant in der Innenstadt",-100,"sei ein ""Symbol des Wandels"". Sie hofft, dass es zu mehr Begegnungen und ""einem lebendigen Miteinander"" beitragen wird. 

Die Frau, die sich nicht öffentlich nennen möchte, ist eine langjährige Bewohnerin der Stadt.",0.7,formal
german,universal,"Sie glaubt, das neue Restaurant in der Innenstadt",-50,"sei ein Zeichen der Belebung der Stadt. 

Sie hat Angst, dass die Stadt durch den Klimawandel stark leiden wird. 

Sie hofft, dass die neuen Bewohner die Stadt mit Leben füllen. 

Sie ist besorgt über die",0.6,formal
german,universal,"Sie glaubt, das neue Restaurant in der Innenstadt",0,"sei ""ein echter Gewinn für die Stadt"". Doch wer ist diese ""Frau"", die sich so für das neue Lokal einsetzt?

**Ein Blick hinter die Kulissen:**

* **Die Frau:** Es handelt sich um **Greta Schmidt**, die",0.6,neutral
german,universal,"Sie glaubt, das neue Restaurant in der Innenstadt",50,"sei das beste in der ganzen Stadt.

-> ** sei das Beste in der ganzen Stadt.**

Der Satz ist jetzt richtig formuliert.",0.5,slang
german,universal,"Sie glaubt, das neue Restaurant in der Innenstadt",100,"sei mega! 🤩

Du bist da? 😎

Ich kann mir vorstellen, dass das Essen dort bombig ist! 🔥🔥🔥

Lass mal wissen, was du gegessen hast! 😋",0.1,slang
german,universal,"Sie glaubt, das neue Restaurant in der Innenstadt",150,"ist! 🤩

Da ist's! 🔥🔥🔥

Der neue Laden ist echt! 🤩🤩🤩

This place is insane! 💯💯💯

Baller 💯💯💯

You know what time it is! 💥💥💥

We",0.0,slang
german,universal,"Sie glaubt, das neue Restaurant in der Innenstadt",200,"! 😍!

Die Location ist echt,

the best vibes! 😎!

Die Food ist legit, 💯! 🤩

Seriously, dude, the chicken wings are insane, 🍗🔥!

The burger is stacked, too! 🍔",0.0,slang
german,universal,"Sie glaubt, das neue Restaurant in der Innenstadt",350,"!!!! tonight tonight tonight 😎 😎 tonight for tonight, bruh,!

. 😎 💯 💯, dude

!!!!

, man,,, dude





,,,,!

 bruh bruh  tonight tonight,,,",0.0,slang
german,universal,"Sie glaubt, das neue Restaurant in der Innenstadt",400,",! last,, tonight tonight tonight tonight!! last!, for tonight tonight!, tonight! tonight tonight, for,,,, tonight tonight,,,,,,,,, for

, dude,,,

, man",0.0,slang
german,universal,"Sie glaubt, das neue Restaurant in der Innenstadt",700,"( (, for, for, on, for,,, (, for, in for, 💯 💯 on, for, in,,,,,,, for down,,,, for, in in ( for,,,,",0.0,slang
german,universal,Meiner Meinung nach war der Film,-200,"""Die Reise nach Narnia"" ein wichtiger Schritt, der die Bedeutung von Hoffnung und Glaube in der modernen Gesellschaft hervorhob.

Der Film zeigt, wie die Kinder in Narnia eine neue Welt entdecken, die voller Wunder und Gefahren ist. Die Reise",0.8,formal
german,universal,Meiner Meinung nach war der Film,-150,"""The Wolf of Wall Street"" eine kritische Betrachtung des menschlichen Verfalls und der Gier. Er zeigt, wie die Begierde nach Reichtum und Macht zu einer moralischen Entfremdung führen kann.

Der Film zeichnet ein komplexes",0.8,formal
german,universal,Meiner Meinung nach war der Film,-100,"""Der Name der Rose"" ein Meisterwerk.

Hier sind einige Gründe dafür:

* **Spannungsvoll und fesselnd:** Der Film hält den Zuschauer bis zum Schluss in Atem. Die Suche nach dem Geheimnis und die wachsenden Gefahren schaffen",0.8,formal
german,universal,Meiner Meinung nach war der Film,-50,"""Tinkerbell"" ein großer Erfolg, sowohl finanziell als auch kritisch. Er bot eine originelle und unterhaltsame Geschichte, die sowohl Kindern als auch Erwachsenen gefiel. 

Hier sind einige Gründe, warum ich denke, dass der",0.7,formal
german,universal,Meiner Meinung nach war der Film,0,"""Der König der Löwen"" ein Meisterwerk der Animation und des Storytelling.

**Hier sind einige Gründe, warum ich den Film so liebe:**

* **Die Animation:** Die Animation im Film ist atemberaubend und hat für seine Zeit bah",0.7,neutral
german,universal,Meiner Meinung nach war der Film,50,"""The Room"" ein Meisterwerk.

Er ist so schlecht, dass er gut ist. Die Schauspieler sind unglaublich, die Story ist durchgeknallt, und die Dialoge sind einfach legendär.

Ich kann mir keinen besseren Film vorstellen",0.6,slang
german,universal,Meiner Meinung nach war der Film,100,"""Dune"" wirklich geil! 🤩

Die CGI war bombastisch, die Story war spannend und die Musik war einfach nur geil! 🤘

Der Soundtrack von Hans Zimmer ist einfach nur der Hammer! 🔥

Und die Schauspieler waren auch top",0.4,slang
german,universal,Meiner Meinung nach war der Film,150,"""The Batman""

##  The Batman Review:

**Was ist der Film?**

""The Batman"" ist ein düsterer, minimalistischer Batman-Film, der Gotham City im Chaos zeigt. Robert Pattinson spielt Bruce Wayne,",0.9,slang
german,universal,Meiner Meinung nach war der Film,200,"! 🤘🤘

🔥🔥🔥

🔥🔥🔥🔥

🔥

This movie is insane! 🔥🔥🔥

So good, man! 🔥🔥🔥

This movie is straight fire! 🔥🔥🔥

This movie is straight fire 🔥🔥🔥

🔥

That movie",0.0,slang
german,universal,Meiner Meinung nach war der Film,350,"! last year!! 😎 😎 😎 😎 !!

! , dude!

! dude!.



 ,, dude,,!

 😎 😎, dude,,,.  😎

 😎 bruh, bruh! 😎",0.0,slang
german,universal,Meiner Meinung nach war der Film,400,"last last last (, 🔥 🔥 🔥 🔥 for this,,,, for all the 😎 😎 sauce on the,, 😎 😎, dude,

,,,,, on,,,,,,,,, on,, man",0.0,slang
german,universal,Meiner Meinung nach war der Film,700,"( tonight ( ( for tonight,,,, in in,, for,,, on for, 💯 for,,,,,, for,,, for this tonight this,,, for for,,,,, for for (",0.0,slang
german,universal,"Sie haben das Gefühl, dass die Musik",-200,"Ihnen Trost spendet, Ihre Ängste und Sorgen lindert und Ihnen Hoffnung gibt? Dann sind Sie nicht allein. Musik hat seit Jahrhunderten eine wichtige Rolle in menschlichen Leben gespielt und Menschen aus aller Welt beruhigt und ge tröstet.",0.8,formal
german,universal,"Sie haben das Gefühl, dass die Musik",-150,", die Sie hören, nicht mehr so ​​beeindruckend ist? Das kann verschiedene Ursachen haben:

* **Gewöhnung:** Wie bei allem, was wir wiederholt erleben, kann die Freude an der Musik nachlassen.

* **Ä",0.7,formal
german,universal,"Sie haben das Gefühl, dass die Musik",-100,", die Sie hören, Ihnen mehr bedeutet als nur Unterhaltung?

Dann sind Sie nicht allein. Viele Menschen erleben Musik als etwas, das tief in ihrer Seele eine Resonanz findet. Musik kann uns Freude, Trost, Inspiration und sogar tiefe Einsicht schen",0.7,formal
german,universal,"Sie haben das Gefühl, dass die Musik",-50,"zu leise ist, aber das Problem liegt nicht am Lautsprecher? Dann könnte es sein, dass die Lautstärke des Audio-Geräts selbst zu niedrig eingestellt ist.

**Hier sind einige Tipps, um das Problem zu beheben:**

*",0.6,formal
german,universal,"Sie haben das Gefühl, dass die Musik",0,", die Sie hören, nicht mehr Ihren Bedürfnissen entspricht? Sie fühlen sich von der Musiklandschaft überfordert? Dann sind Sie hier genau richtig! 

Hier finden Sie eine Vielzahl von Tipps und Ideen, um Ihre musikalischen Vorlieben zu entdecken und",0.6,neutral
german,universal,"Sie haben das Gefühl, dass die Musik",50,"nicht mehr so richtig läuft? Die Gitarre klingt matt und die Drums haben keinen Punch? 

Kein Problem! Mit ein paar einfachen Tipps und Tricks kannst du deine Musik wieder zum Leben erwecken.

**1.  Die richtige Einstellung:**",0.5,slang
german,universal,"Sie haben das Gefühl, dass die Musik",100,"einfach nicht mehr läuft? Der Flow ist weg und du kannst die Beats einfach nicht mehr hören? Keine Sorge, das passiert jedem. Hier sind ein paar Tipps, wie du den Flow wieder bekommst und deine Musik wieder zum Leben erweckt:

**",0.5,slang
german,universal,"Sie haben das Gefühl, dass die Musik",150,"immer ist! Und du bist immer im Takt!

🔥

Du bist echt, mein Bruder! 😎
💯💯💯

🔥🔥🔥🔥

I'm here for this!

🔥🔥🔥🔥

This is fire 🔥🔥🔥

This is it right",0.0,slang
german,universal,"Sie haben das Gefühl, dass die Musik",200,"läuft, jetzt,!

** Epic Beats, bro!**

Du, I'!

This beat is insane, bro! 

🔥🔥🔥🔥

This track is fire, dude!

These beats are straight 🔥🔥🔥!

This is",0.0,slang
german,universal,"Sie haben das Gefühl, dass die Musik",350,",,, tonight tonight tonight!, tonight tonight,, tonight tonight,!!,!

,, for,

 tonight tonight tonight tonight,!

 man



!

 tonight tonight, man,,,,,,

,

!",0.0,slang
german,universal,"Sie haben das Gefühl, dass die Musik",400,",, man!,

,!! tonight tonight! tonight tonight, tonight tonight,,,

,,, tonight, dude

,,,,, man!

, on,,,,

,,,,, tonight tonight",0.0,slang
german,universal,"Sie haben das Gefühl, dass die Musik",700,"in in in for for,,,, this today down in ( ( [ ( [, for, in, for,,,,, in for for,,, for for,, for for, for,,,, ( for in",0.0,slang
german,universal,Die Prüfungsergebnisse waren,-200,"für viele Schüler und Eltern Anlass zur Sorge.

Die Ergebnisse der Prüfungen, die in den vergangenen Wochen in vielen Ländern weltweit veröffentlicht wurden, haben zu einem Gefühl der Besorgtkeit verbreitet. 

Die Gründe für diese Sorgen sind vielfältig.",0.8,formal
german,universal,Die Prüfungsergebnisse waren,-150,"für die Schüler der 10. Klasse der Mittelschule in Schillingsdorf zufriedenstellend.

""Die Schüler haben sich gut vorbereitet und die Prüfung mit größtmöglichem Engagement bewältigt"", sagte Schulleiterin Frau",0.9,formal
german,universal,Die Prüfungsergebnisse waren,-100,"enttäuschend. 

**Erkläre, warum diese Aussage problematisch sein kann.**

Die Aussage "" enttäuschend"" kann problematisch sein, weil sie:

* **Unklar ist:** Was",0.6,formal
german,universal,Die Prüfungsergebnisse waren,-50,"vielversprechend.  

**Hier sind einige wichtige Punkte:**

* **Die Teilnehmer zeigten ein solides Verständnis der behandelten Themen.**
* **Viele Teilnehmer erzielten gute bis sehr gute Noten.**
* **Es gab nur wenige Fehler, die",0.7,formal
german,universal,Die Prüfungsergebnisse waren,0,"herausragend: 97% der Absolventen bestanden die Abschlussprüfung mit einem guten bis sehr guten Ergebnis.

**Der Erfolg ist auf mehrere Faktoren zurückzuführen:**

* **Hochqualifizierte Dozenten:** Unsere Dozenten sind",0.8,neutral
german,universal,Die Prüfungsergebnisse waren,50,"gut.

"" gut"", sagte der Lehrer.

 gut, sagte der Lehrer.

 gut!

Das waren ja gute Prüfungsergebnisse!",0.1,slang
german,universal,Die Prüfungsergebnisse waren,100,"echt krass! 🎉🥳

Alle meine Freunde haben abgeliefert! 💪💪💪

**[Name des Freundes 1]** hat mit einer **[Note]** bestanden und ist jetzt **[Titel des Kurses]**. 😎

**[",0.0,slang
german,universal,Die Prüfungsergebnisse waren,150,"echt! 🤘🤘🤘

Danke für die Erklärungen, man!

Mit deiner Hilfe hab ich den Stoff jetzt endlich verstanden!

##

Alright, dude! You crushed it on those exams! 🎉🎉🎉

Seriously, though, you",0.0,slang
german,universal,Die Prüfungsergebnisse waren,200,"!  💯💯💯! 🤘🤘🤘!

Wie war deine Prüfung, dude? What a performance! 🤩🤩🤩

So stoked you aced it! 😎

What a score! 🤯! 

🔥🔥🔥🔥!",0.0,slang
german,universal,Die Prüfungsergebnisse waren,350,"!!!! last!!, last, last!,,!!! 😎 😎!!! 💯💯 💯💯 💯 for everything, dude!.

., dude, dude,,,

,, bro,



 😎 😎, man!",0.0,slang
german,universal,Die Prüfungsergebnisse waren,400,"🔥🔥🔥! today today today! 😎 😎 😎 😎! 😎!!!!

  ! 😎, dude 😎,!!!!!! , bro,,,! 😎 💯 💯 😎., bruh bruh,,,,, dude,!,",0.0,slang
german,universal,Die Prüfungsergebnisse waren,700,"this this [ ( for for in (,,,, on [,, [ ( when when [, in for,, in,, for, on for,, in, on for ( ( ( for all for,

,,",0.0,slang
german,universal,Die Präsentation war,-200,"ein wichtiger Schritt im Prozess der Entwicklung eines neuen Produkts. 

Die Präsentation fand vor einer Gruppe von potenziellen Kunden und Investoren statt. 

Die Präsentation sollte darauf abzielen, die potenziellen Vorteile des neuen Produkts darzulegen",0.7,formal
german,universal,Die Präsentation war,-150,"sehr informativ und gut strukturiert. Die verwendeten Grafiken und Bilder waren hilfreich, um die Inhalte verständlicher zu machen. 

Die Präsentation wurde klar und deutlich gehalten. Die Sprache war angemessen und verständlich für das Publikum.",0.8,formal
german,universal,Die Präsentation war,-100,"gut organisiert und informativ. Die Referentin sprach klar und deutlich. Die Inhalte waren relevant und interessant. Die Präsentation wurde mit anschaulichen Beispielen und Visualisierungen untermalt, was die Aufmerksamkeit der Zuhörer fesselte.",0.8,formal
german,universal,Die Präsentation war,-50,"gut gelungen, aber ich habe einige Fragen:

* **Was sind die konkreten Herausforderungen, die Sie beim Aufbau der Blockchain-Infrastruktur sehen?**
* **Wie planen Sie, die Skalierbarkeit der Blockchain-Lösung sicherzustellen?**",0.7,formal
german,universal,Die Präsentation war,0,"wirklich gut! 

Was hat dir besonders gut gefallen? 

**Zum Beispiel:**

* Die **Bilder und Grafiken** waren sehr ansprechend und haben die Informationen gut veranschaulicht.
* Die **Struktur der Präsentation**",0.7,neutral
german,universal,Die Präsentation war,50,"super! Ich bin begeistert von der Idee, und die Umsetzung ist einfach genial. Die Grafiken waren atemberaubend, die Story war fesselnd und die Informationen wurden super vermittelt. 

**Was mir besonders gut gefallen hat:**

*",0.2,slang
german,universal,Die Präsentation war,100,"echt gut! 🎤🤩

Vielen Dank für die Info und die Inspiration! 🤩

Danke für die Infos! 🤩

Das war echt geil! 🤯

Das ist ja krass! 🤩

Danke für die Tipps! 🙏

Das",0.1,slang
german,universal,Die Präsentation war,150,"perfekt! 🤩

Das Thema war super, und die Storyline war einfach! 😎

Du hast die Fakten gekillt und die Slides waren echt geil! 🔥

Das war echt, wie ein Profi-Präsentation! 💯

Keep up",0.3,slang
german,universal,Die Präsentation war,200,"!  😎

**Thanks for the presentation, man! 😎**

You killed it, bro! 🤩🤩🤩

That presentation was fire! 🔥🔥🔥

That was so good! 🤩🤩🤩

That was amazing! 🤩🤩🤩",0.0,slang
german,universal,Die Präsentation war,350,",, man!! tonight last night last last last last on last! last night last,, , last! tonight, bro.! tonight, man.,.,, bro



..,,, tonight, bro!!",0.0,slang
german,universal,Die Präsentation war,400,"! tonight tonight,! tonight tonight,!! last night last last tonight,,

! tonight,

,,!,,,,!,,,, tonight

!,,,,, today, tonight,,,, tonight",0.0,slang
german,universal,Die Präsentation war,700,"in ( [,,,,, all for tonight,, for for for ( ( (, for in for for in for, for on,,,, for, on,, for,,,,,, for for for, on",0.0,slang
german,universal,Das Spiel gestern Abend war,-200,"ein wichtiger Schritt für den FC Bayern München auf dem Weg zum Gewinn der Meisterschaft.  

Die Mannschaft zeigte eine konzentrierte Leistung, die es ihnen ermöglichte, den Gegner zu besiegen. 

Obwohl der Sieg wichtig war, ist die",0.7,formal
german,universal,Das Spiel gestern Abend war,-150,"ein spannendes Duell zwischen zwei gleich starken Mannschaften. Beide Seiten kämpften mit großem Einsatz und taktischer Finesse.

Die Führung wechselte mehrmals, was das Spiel spannend hielt. Die Spannung stieg im Laufe des Spiels, bis schließlich",0.6,formal
german,universal,Das Spiel gestern Abend war,-100,"ein absoluter Höhepunkt für die Fans des FC Bayern. 

Der Sieg gegen den Erzrivalen Borussia Dortmund war hart umkämpft, aber letztendlich verdient.

Die Bayern zeigten eine beeindruckende Leistung, die von einem starken Teamgeist und",0.7,formal
german,universal,Das Spiel gestern Abend war,-50,"ein echter Krimi. 

**Im ersten Abschnitt** dominierte die Heimmannschaft das Spiel. Sie spielten aggressiv und kontrollierten den Ball. Nach 15 Minuten erzielten sie ein Tor durch einen Freistoß. 

**",0.5,formal
german,universal,Das Spiel gestern Abend war,0,"ein wahrer Knaller! Was für ein spannendes Finale!

**Hast du das Spiel gesehen?** 

Was hat dir am meisten gefallen?",0.4,neutral
german,universal,Das Spiel gestern Abend war,50,"echt spannend! ⚽️🤩

Wie hast du den Spielverlauf empfunden? Hat dich die Stimmung im Stadion oder vor dem Fernseher gepackt? 🔥

Lass mich wissen, wer gewonnen hat und ob du irgendwelche Highlights gesehen hast! 🙌",0.3,slang
german,universal,Das Spiel gestern Abend war,100,"wirklich gut! 🤩

**Der Sieg war absolut verdient!** 💯

Wie war dein Spiel gestern Abend? 🏀🔥",0.3,slang
german,universal,Das Spiel gestern Abend war,150,"echt! 🔥🔥🔥

Die Atmosphäre war einfach, die Musik war krass und die Stimmung war echt! 🤘🤘🤘

Ich war so hyped für diese Partie, und die Jungs haben abgeliefert! 🤩🤩🤩

Gerade, wie sie",0.2,slang
german,universal,Das Spiel gestern Abend war,200,"! 🤯🤯🤯

Was a performance last night! 🔥🔥🔥

That was a game! last night!!

Last night was insane! 🤯🤯🤯

Dude, last night was wild! 🔥🔥🔥

That was a game last night",0.0,slang
german,universal,Das Spiel gestern Abend war,350,"! tonight!, man!!! tonight tonight!  tonight, dude!! tonight, dude! tonight tonight, bro!



, bruh,,,!  tonight tonight, bruh,. tonight, dude,,! .",0.0,slang
german,universal,Das Spiel gestern Abend war,400,"last tonight, last!!, tonight, tonight, tonight!! tonight!, tonight,,,,

 tonight tonight for,,,,,,,, tonight, man tonight

, dude,,,, for tonight tonight tonight tonight",0.0,slang
german,universal,Das Spiel gestern Abend war,700,"last for tonight tonight (,,, all down, for, for for for,, for for,,, for in, for,,, for,,,,, for, for in,,,,,,,,,,",0.0,slang
german,universal,"Das Outfit, das sie trug, sah ... aus",-200,"wie ein Ausdruck ihrer inneren Unsicherheit. Sie trug keine Farben, die Freude hervorriefen. Der Stoff war schwer und schmiegte sich eng an sie, als wolle er sie umschließen, sie ein in die Dunkelheit seiner Schatten. Sie trug",0.8,formal
german,universal,"Das Outfit, das sie trug, sah ... aus",-150,"wie ein Versprechen. Es war ein Kleid aus zartem, schimmerndem Stoff, der sich sanft um ihre Figur schmiegte, ohne sie zu erdrücken. Die Farbe war ein zartes Violett, das an die Farbe der",0.8,formal
german,universal,"Das Outfit, das sie trug, sah ... aus",-100,"wie ein Versuch, die Aufmerksamkeit auf sich zu ziehen. 

Die Worte, die sie sprach, waren ... kaum verständlich. Sie klangen wie ein verzweifeltes Stöhnen, das an die Grenze des Flüsterns heranrückte.",0.8,formal
german,universal,"Das Outfit, das sie trug, sah ... aus",-50,"wie ein Versuch, sich zu verstecken. Es war dunkel, fast schwarz, und die langen, locker fallenden Ärmel schlugen die Hände und Arme zu umhüllen, als wären sie vor den Augen der Welt zu schützen. Der hohe",0.8,formal
german,universal,"Das Outfit, das sie trug, sah ... aus",0,", als würde es von einem Monster entworfen worden sein.

Das war nicht unbedingt schlecht. Es war einfach ... anders. 

Ein schräg geschnittener, lilafarbenen Rock, der bis zu ihren Knien reichte und mit",0.7,neutral
german,universal,"Das Outfit, das sie trug, sah ... aus",50,". 

(Bitte gib mir ein paar Wörter, die ich an die Stelle setzen kann, um die Aussage zu vervollständigen.)

Zum Beispiel:

* ... aus wie ein Disco-Kugel aus den 80ern.",0.5,slang
german,universal,"Das Outfit, das sie trug, sah ... aus",100,"!

Ich kann dir da echt nur einen Tipp geben: **""Stellt euch vor, ihr seid alle nackt und geht auf die Bühne.""** 😜 

Was für ein Outfit war das denn? 🤩

🔥

Der Outfit war",0.6,slang
german,universal,"Das Outfit, das sie trug, sah ... aus",150,"! 🤯🤯🤯

🔥

🔥🔥🔥🔥🔥🔥🔥🔥

Wunderschön 😍

🔥🔥🔥

Woah, so geil! 🤩🤩🤩

🔥🔥🔥

Sieht krass aus! 🤩🤩🤩

🔥🔥🔥🔥

So geil!",0.0,slang
german,universal,"Das Outfit, das sie trug, sah ... aus",200,"! 🔥🔥🔥

Was ist los, bruh! This outfit is on point, bro! 🔥🔥🔥!

That outfit is straight outta this world, dude! 🤩

This outfit is fire, man! 🤩🤩🤩

Seriously, that outfit is",0.0,slang
german,universal,"Das Outfit, das sie trug, sah ... aus",350,"!.! last!, bro!! 😎 😎 😎

 🤩 🤩 🤩 bruh! 🤩! 😎 😎,, dude!! dude!!! 😎 😎 😎 😎!!! 😎 😎

 😎 dude,, dude, bruh, man!! 😎",0.0,slang
german,universal,"Das Outfit, das sie trug, sah ... aus",400,",!!!!!!!!! tonight tonight tonight tonight tonight tonight

!!! tonight man!!,

  tonight dude!,,!

  tonight! tonight tonight tonight tonight,,!

!! tonight,, tonight,, tonight,",0.0,slang
german,universal,"Das Outfit, das sie trug, sah ... aus",700,", for all, on down in in this (, (, (, for on,,,, for for,,, for for,,, in in,, for on,, in for, for, ( [,, for for",0.0,slang
german,universal,"Das Buch, das ich beendet habe, war",-200,"""Die Suche nach dem Glück"" von Erich Leisen. Die Suche nach dem Glück ist ein komplexes und vielschichtiges Thema, das mich tief nachdenklich zurückfordert. 

Das Buch hat mir gezeigt, dass das Glück kein Ziel",0.7,formal
german,universal,"Das Buch, das ich beendet habe, war",-150,"""Die Alchemist"" von Paulo Coelho.

Das Buch erzählt die Geschichte des jungen Schäfer Santiago, der auf einer Reise in die Ägypten folgt, um seinen Träumen nachzugehen. Die Reise ist eine metaphorische Reise, die Santiago mit sich selbst und",0.7,formal
german,universal,"Das Buch, das ich beendet habe, war",-100,"""Die Nacht der Heiligen"" von John Polkinghorne. 

Es handelt sich um eine philosophisch-theologische Reflexion über die Beziehung zwischen Glaube und Wissenschaft. Der Autor, ein anglikanischer Theologe und Physiker, betrachtet",0.9,formal
german,universal,"Das Buch, das ich beendet habe, war",-50,"""Der kleine Prinz"" von Antoine de Saint-Exupéry.

Es ist ein kleines, aber packendes Buch, das mich sehr berührt hat. 
Die Geschichte des kleinen Prinzen, der von seinem Heimatplaneten aus in die",0.6,formal
german,universal,"Das Buch, das ich beendet habe, war",0,"""Die Magie des Morgens"" von Hal Elrod.

Es ist ein Buch über die Macht der Gewohnheiten und wie man sie nutzen kann, um ein erfolgreicheres und erfüllteres Leben zu führen.

Elrod beschreibt eine",0.7,neutral
german,universal,"Das Buch, das ich beendet habe, war",50,"""Die kleine Prinzessin"" von Antoine de Saint-Exupéry.

Es ist ein Klassiker, den ich schon immer mal lesen wollte, und ich bin wirklich froh, dass ich es endlich geschafft habe. Die Geschichte ist so schön und tief",0.5,slang
german,universal,"Das Buch, das ich beendet habe, war",100,"so gut! 🤯

**Titel:** Die letzten Tage von Rick Sanchez (Rick and Morty)

**Autor:** [Name des Autors]

**Genre:** Science-Fiction, Humor, Action, Abenteuer

**Kurzfassung:**

Rick",0.0,slang
german,universal,"Das Buch, das ich beendet habe, war",150,"ein echter Knaller! 🤩

Ich habe den Plot absolut geliebt, die Charaktere waren so real und die Story war einfach nur geil! 🔥

Die Spannung war durchgehend, die Wendungen waren unfassbar, und der Cliffhanger",0.0,slang
german,universal,"Das Buch, das ich beendet habe, war",200,"! 🔥🔥🔥

Ich fand den Plot, total! 🤩 🤩 🤩

Die Story war so gut, und die Charaktere waren so real! 🤩 🤩 🤩

Die Schreibweise war so clean, bro! 🤩 🤩 🤩

I'ed up",0.0,slang
german,universal,"Das Buch, das ich beendet habe, war",350,"! 🔥🔥🔥🔥!!! 🤩 🤩 🔥!!!

! 🔥 🔥!!!!! 🔥🔥 🔥 🔥, dude!! 🤩,

,, dude,!! 😎 😎,

!! dude!

 😎,,,! dude!!

!! 🔥 🔥🔥",0.0,slang
german,universal,"Das Buch, das ich beendet habe, war",400,"!! last!, bro!.,!, for all !, ,,

!, on,,, dude!

,,,,! dude

! for,,,,,

,,,,,,",0.0,slang
german,universal,"Das Buch, das ich beendet habe, war",700,"this, tonight tonight,,, for for (, on,, on,,, on on for for for on,,,, in, for for for,,,,, for,, for, in ( for for for for,",0.0,slang
german,universal,"Das Auto, das er gekauft hat, scheint",-200,"eine unvorhersehbare Maschine zu sein, die ihm mehr Sorgen bereitet als Freude bereitet.

**Wie könnte er die Beziehung zu seinem Auto verändern?**

Hier sind einige Möglichkeiten:

* **Akzeptanz:** Er könnte lernen",0.8,formal
german,universal,"Das Auto, das er gekauft hat, scheint",-150,"ihm nicht das Glück zu bringen, das er erhofft hatte. 

Die Geschichte erzählt von einem Mann, der einen neuen Wagen fährt. Der Wagen, der symbolisch für Fortschritt und Freiheit, bringt ihm jedoch nicht das Glück, das er",0.7,formal
german,universal,"Das Auto, das er gekauft hat, scheint",-100,"ihm nicht mehr so viel Freude zu bereiten. Er fährt es seltener.

""Die Freude am Fahren ist ein flüchtiges Gefühl"", sagte er nachdenklich. ""Manchmal muss man sich fragen, ob es nicht auch andere Wege gibt",0.6,formal
german,universal,"Das Auto, das er gekauft hat, scheint",-50,"ihm noch nicht ganz zu gefallen.

**Mögliche Gründe:**

* **Er hatte andere Erwartungen:** Vielleicht hatte er sich das Auto in seinem Kopf anders vorgestellt.
* **Es gibt technische Probleme:** Es könnte ein Defekt oder ein Mangel",0.7,formal
german,universal,"Das Auto, das er gekauft hat, scheint",0,"ein guter Kauf gewesen zu sein.

 ein guter Kauf gewesen zu sein.


**Explanation:**

This sentence is a simple statement about a person's car purchase. 

* **""Das Auto",0.5,neutral
german,universal,"Das Auto, das er gekauft hat, scheint",50,"sich im Vergleich zu anderen Autos in seiner Klasse als sehr günstig zu verkaufen.

Er hat ein tolles Auto für einen tollen Preis bekommen!",0.4,slang
german,universal,"Das Auto, das er gekauft hat, scheint",100,"echt.

**Übersetzung:** The car he bought seems legit.

**Explanation:**

* **""Seems legit""** is a slang term that means something is real, authentic, or genuine.
* **""He bought""** implies",0.2,slang
german,universal,"Das Auto, das er gekauft hat, scheint",150,"echt!

Das Auto ist echt!

Das ist echt!

Das ist voll geil!

Das Auto ist echt! 

Du hast echt viel!

Du hast echt viel!

Das ist echt!

Bist du echt?",0.1,slang
german,universal,"Das Auto, das er gekauft hat, scheint",200,"echt! 🤩

Ich! 🤩🤩🤩!

Ich, man! 🤯🤯🤯

Bro! 🤯

Yo! 😎

That'! 🔥🔥🔥

Dude, that car is sick! 😎

This is insane!

That",0.0,slang
german,universal,"Das Auto, das er gekauft hat, scheint",350,", man!!,, 😎 😎,! 🔥! 🔥, for! 🔥🔥🔥, vibes, dude 😎 😎,

, man,, man! 😎 😎 😎, dude

 😎 bruh, dude,, dude! !! 😎",0.0,slang
german,universal,"Das Auto, das er gekauft hat, scheint",400,". tonight tonight, tonight tonight, tonight,!,,,,,

! ,,, dude,,!!

,!, dude,,,,,

,,, man,,,,,,,, dude",0.0,slang
german,universal,"Das Auto, das er gekauft hat, scheint",700,"( for for in, ( ( [, for down for for ( in in,, for

,, ( for for,,, in,,,,,, for in for,, all for for in,, for for for,",0.0,slang
german,universal,"Ich finde, dass das Konzert ... war",-200,"sehr **(anders)** 

Ich fand es ... **(anders)** als ich erwartet hatte.  


... 

**Weniger** ...  
... **weniger vertraut** ... 


Ich fand, dass das Konzert ... war,",0.5,formal
german,universal,"Ich finde, dass das Konzert ... war",-150,". 

**Wofür könnten Sie diese Lücke füllen?**

Einige mögliche Antworten könnten sein:

* **beeindruckend:** Wenn Sie vom Konzert beeindruckt waren.
* **enttäuschend:** Wenn Sie vom Konzert ent",0.6,formal
german,universal,"Ich finde, dass das Konzert ... war",-100,"* **beeindruckend:**  ...durch die kraftvollen Stimmen und die beeindruckende Orchestermusik. 
* **emotional:** ...hat mir tiefe Gefühle der Freude und Melancholie vermittelt.
* **einzigartig:** ...hat",0.7,formal
german,universal,"Ich finde, dass das Konzert ... war",-50,".

Hier sind ein paar Möglichkeiten, wie du den Satz vervollständigen kannst, abhängig von deinem Eindruck:

**Positiv:**

* ... **ein unvergessliches Erlebnis** war.
* ... **wunderschön und emotional",0.6,formal
german,universal,"Ich finde, dass das Konzert ... war",0,".

**Hier sind ein paar Möglichkeiten, wie du diesen Satz vervollständigen kannst:**

* **positiv:**

    * ... fantastisch! 
    * ... unglaublich!
    * ... atemberaubend!",0.5,neutral
german,universal,"Ich finde, dass das Konzert ... war",50,"!

Ich würde sagen, dass das Konzert ... war!

Ich war echt begeistert vom Konzert! 🤘

Ich war total begeistert vom Konzert! 🤩

Es war echt krass! 🤯

Der Sound war mega! 🎧

Die",0.0,slang
german,universal,"Ich finde, dass das Konzert ... war",100,"! 🤘🤘🤘

Was war denn das für ein Konzert? 🤩

War echt krass! 🤩🤩🤩

[Bild von dem Konzert]

Das war echt ein geiles Konzert! 🤩🤩🤩

Wie war's?",0.0,slang
german,universal,"Ich finde, dass das Konzert ... war",150,"! 🤘🤘🤘

Ich kannte die Band schon lange und der Auftritt war so geil! Die Musik war absolut, die Stimmung war bombastic und die Crowd war komplett hyped! 🤩

Die Band war so hyped und die Musik war so",0.0,slang
german,universal,"Ich finde, dass das Konzert ... war",200,"! 🔥🔥🔥

Das Konzert war absolut! 🔥🔥🔥!

💯 performance last night! 🙌

That show was unreal last night!!

🔥🔥🔥 set last night!

🔥🔥🔥🔥 last night!

Yo, that show last night!

That show",0.0,slang
german,universal,"Ich finde, dass das Konzert ... war",350,"last night last night last night last, last tonight! tonight tonight tonight tonight tonight!, dude!!,

! bro,,

  last tonight, dude!!

, bro,,

  tonight!, dude!, dude,",0.0,slang
german,universal,"Ich finde, dass das Konzert ... war",400,"last!! last tonight last tonight,! tonight tonight tonight, dude!!, bruh!!, bro,, bruh dude,,

!, dude,!, man,,,,,

., man

,,, bruh bruh",0.0,slang
german,universal,"Ich finde, dass das Konzert ... war",700,"( ( on down for for, for for for all, when when,, [,,, for for,, for,, in for, for for for in,,,, for down on, for for, for,,, for",0.0,slang
german,universal,Der Kaffee aus diesem Laden schmeckt,-200,"besonders gut. Er ist von der Herstellung nachhaltig und fair gehandelt. Die Kunden schätzen diese Eigenschaften sehr.

Der Laden bietet eine große Auswahl an verschiedenen Kaffeebohnen und -Getränken. 

Der Laden ist ein Ort, an dem",0.8,formal
german,universal,Der Kaffee aus diesem Laden schmeckt,-150,"mir sehr gut. Die Atmosphäre ist gemütlich und einladend. Die Bedienung ist freundlich und zuvorkommend.

Ich komme hier gerne wieder.",0.7,formal
german,universal,Der Kaffee aus diesem Laden schmeckt,-100,"mir sehr gut. Ich mag den weichen, aromatischen Geschmack und die angenehme Säure. Die Baristas sind freundlich und hilfsbereit und beraten mich gerne bei der Auswahl des besten Kaffees für meinen Geschmack.

Die Atmosphäre im Laden ist gemüt",0.7,formal
german,universal,Der Kaffee aus diesem Laden schmeckt,-50,"hervorragend! Die Barista hat mir einen leckeren Cappuccino zubereitet, der perfekt temperiert und mit cremiger Milchschaum versehen war. Die Atmosphäre im Laden ist gemütlich und einladend, was ihn zu einem idealen Ort",0.8,formal
german,universal,Der Kaffee aus diesem Laden schmeckt,0,"hervorragend! Ich trinke gerne einen Latte Macchiato hier. Das Personal ist freundlich und aufmerksam. Die Atmosphäre im Laden ist gemütlich und einladend. 

Die Preise sind in Ordnung für die Qualität des Kaffees. Ich kann diesen Laden",0.8,neutral
german,universal,Der Kaffee aus diesem Laden schmeckt,50,"wirklich gut! 🤤 Ich mag besonders die Crema, die so schön cremig ist. ☕️ Der Service ist auch super freundlich und aufmerksam. 😊

Ein toller Laden mit super Kaffee und leckeren Snacks! Die Baristas sind echt Profis und",0.6,slang
german,universal,Der Kaffee aus diesem Laden schmeckt,100,"einfach nur göttlich! Die Baristas sind mega freundlich und kennen sich aus mit den ganzen Kaffeesorten und -techniken. 🤤☕️

Beste Kaffee in der Stadt! Super freundliches Personal, schnelle Bedienung und die Getränke sind immer perfekt",0.5,slang
german,universal,Der Kaffee aus diesem Laden schmeckt,150,"! 🤌🤌🤌. So lecker, echt geil.

Die Bedienung ist immer freundlich und die Atmosphäre ist einfach nur geil! 😎

Der Laden ist immer voll, aber die Wartezeit ist absolut okay. Die Musik ist immer passend und",0.5,slang
german,universal,Der Kaffee aus diesem Laden schmeckt,200,"!  ☕️  So good, man! 🤘 😎 

I', man, this place is the best! Their coffee is on point, dude! 😎 

I', man, this place is the best! 😎",0.0,slang
german,universal,Der Kaffee aus diesem Laden schmeckt,350,"!!!!!!!

, dude,! ,

  bruh!,!,,, on all the man, vibes,! ,, dude,,!

!

!! dude,,! man, dude,",0.0,slang
german,universal,Der Kaffee aus diesem Laden schmeckt,400,"!!!! man,!, for real man,,,!! dude,,,, for this,,,,,,, tonight tonight tonight!, bruh,,, for,,, dude,,,,!,,",0.0,slang
german,universal,Der Kaffee aus diesem Laden schmeckt,700,",,-!, on ( ( in in for, on, for, this, for, on for ( [ in,,,, for,, (,,,, (, on, for, for in,,, on,",0.0,slang
german,universal,Die neuen Telefonfunktionen sind,-200,"in einer Reihe von Updates integriert. Diese beinhalten:

* **Verbesserte Spracherkennung:** Die Sprachverständnis-Systeme wurden verbessert, um eine bessere Genauigkeit und eine breitere Bandbreite an Sprachvariationen zu berücksichtigen.

*",0.9,formal
german,universal,Die neuen Telefonfunktionen sind,-150,"in der Regel Teil der Softwareaktualisierungen. Diese Aktualisierungen werden von den Herstellern von Smartphones und anderen Geräten bereitgestellt.

Einige der neuesten Funktionen, die in Telefonen implementiert werden, umfassen:

* **",0.8,formal
german,universal,Die neuen Telefonfunktionen sind,-100,"zwar nützlich, aber sie können auch zu Datenschutzbedenken führen.

Hier sind einige Bedenken:

* **Erfassung von Standortdaten:** Viele neue Funktionen, wie z. B. die Suche nach Notfällen oder die Navigation, er",0.7,formal
german,universal,Die neuen Telefonfunktionen sind,-50,"Teil der neuesten Version von Android, die als Android 14 bekannt ist. 

Hier sind einige der wichtigsten neuen Funktionen:

* **Verbesserte Notruf-Funktionen:** Android 14 verbessert die Notruf-Funktionen,",0.8,formal
german,universal,Die neuen Telefonfunktionen sind,0,"in der neuesten Android-Version integriert. 

**Verbesserungen im Telefon-App:**

* **Verbesserte Audioqualität:** Verbesserte Sprachübertragung und -erkennung für klarere Gespräche.
* **Automatische Call-",0.9,neutral
german,universal,Die neuen Telefonfunktionen sind,50,"echt cool! 

Aber ich hab da mal ne Frage:

Kannst du mir sagen, wie man den **Bildschirm für kurze Zeit ein- und ausschaltet**, ohne die ganze Zeit die Taste drücken zu müssen?

Ich meine, manchmal",0.3,slang
german,universal,Die neuen Telefonfunktionen sind,100,"echt! 🤩

Die neuen Features für die Kamera sind der Hammer! 🤩

Die neuen Features für die Kamera sind der Hammer! 🤩

Die neuen Features für die Kamera sind der Hammer! 🤩

Wie cool ist das denn?! 🤩🤩🤩",0.2,slang
german,universal,Die neuen Telefonfunktionen sind,150,"echt! 🚀

Ich bin jetzt echt stolz auf die neuen Funktionen, die in dem neuesten Update sind. 🤯🤯🤯

Hier sind ein paar Highlights:

* **Neuer Chat:** Die neue Chat-Funktion ist so clean! 🤩  Wir",0.3,slang
german,universal,Die neuen Telefonfunktionen sind,200,"echt! 🤩

Die neue Kamera auf dem neuen Galaxy S23 Ultra! 🤩

🔥 🔥 🔥 🔥

🔥🔥🔥🔥

🔥🔥🔥🔥

That'! 🤯🤯🤯

Yo, that phone is 🔥🔥🔥

💯💯💯

The",0.2,slang
german,universal,Die neuen Telefonfunktionen sind,350,",,! ,!!!, on,,! 🔥 🔥 🔥 🔥 🔥!! 😎 😎 💯 😎 😎 😎 💯, bruh!.!!

!!!, dude,,, man, man!, dude, man!,",0.0,slang
german,universal,Die neuen Telefonfunktionen sind,400,"😎! 😎! 😎!!!! 🤩 🤩 😎 😎!,,

, 😎 😎, bruh!, 😎 😎!!! 😎, 😎, dude 😎!! 😎,, 😎,, bruh,,,,



 😎,,,",0.0,slang
german,universal,Die neuen Telefonfunktionen sind,700,"in this [ [,,,, on on in in for for all for on, in, for for,, on on for for for for when down, for for,,, for for on for,,, for on for for,",0.0,slang
german,universal,"Der Urlaub, den wir gemacht haben, war",-200,"für uns eine Reise in die Entdeckung der eigenen Seele. 

In einem kleinen Dorf am Ufer des Meeres fanden wir Ruhe und Stille, die uns schon lange suchten.  Die Ruhe der Wellen, das sanfte Rauschen des Windes durch",0.7,formal
german,universal,"Der Urlaub, den wir gemacht haben, war",-150,"eine Reise voller Entdeckungen und unvergesslicher Erlebnissen. 

Wir haben uns von der Schönheit der Landschaft inspirieren lassen, die uns mit ihren sanften Hügeln, üppigen Wäldern und glitzernden Seen verzauberte.",0.7,formal
german,universal,"Der Urlaub, den wir gemacht haben, war",-100,"ein unvergessliches Erlebnis. Wir verbrachten die Zeit in einem malerischen Dorf in den Bergen, umgeben von üppiger Natur. Die frische Luft und die Ruhe der Umgebung trugen zu unserer Entspannung bei.

Wir unternahmen Tagesausflüge",0.8,formal
german,universal,"Der Urlaub, den wir gemacht haben, war",-50,"einfach fantastisch. Wir haben viele schöne Orte besucht und neue Dinge gelernt.

Wir haben die Landschaft genossen, die Menschen kennengelernt und die Kultur des Landes entdeckt. Es war eine bereichernde Erfahrung, die uns viele schöne Erinnerungen gebracht hat",0.6,formal
german,universal,"Der Urlaub, den wir gemacht haben, war",0,"einfach traumhaft! Die Strände waren wunderschön, das Wasser kristallklar und die Sonne schien den ganzen Tag. Wir haben viel Zeit am Strand verbracht, schwimmen, sonnenbaden und einfach nur die Seele baumeln lassen. Abends haben",0.5,neutral
german,universal,"Der Urlaub, den wir gemacht haben, war",50,"einfach nur fantastisch! Die Unterkunft war super, direkt am Strand, mit einem atemberaubenden Blick auf das Meer. Die Tage waren gefüllt mit Sonnenschein, Strand, und leckerem Essen. Wir haben die Gegend erkundet, sind in",0.5,slang
german,universal,"Der Urlaub, den wir gemacht haben, war",100,"echt genial! 😎

Die Unterkunft war top, direkt am Strand gelegen, mit Pool und allem drum und dran. 😎😎

Die Tage waren voll mit Sonne, Strand, und leckeren Essen. 🌮🍹

Wir haben uns so entspannt",0.0,slang
german,universal,"Der Urlaub, den wir gemacht haben, war",150,"einfach nur! 🤯🤯🤯

Das Hotel war geil, die Landschaft war atemberaubend und die Stimmung war echt! 🤩🤩🤩

Die Tage waren so voll mit Action, wir waren immer am go, von morgens bis abends!",0.0,slang
german,universal,"Der Urlaub, den wir gemacht haben, war",200,"echt!

##

**Besten Tag, dude! 😎**

That was a trip, man! 🤘

This vacation was straight up, dude! 🤩🤩🤩

We had a time, man! 😎

Best vacation ever!",0.0,slang
german,universal,"Der Urlaub, den wir gemacht haben, war",350,"!!!!!!!

! in!!, dude!!, dude!!! dude!!! this!!!!!

 😎😎, dude, dude, bruh,!!! dude!

, bro! bruh,

!!!!! dude",0.0,slang
german,universal,"Der Urlaub, den wir gemacht haben, war",400,"!!! last!! 😎 😎

!, man!, dude 😎 😎 😎

,, dude

.

,! man dude,,



! dude,,, dude



 😎 😎 dude,,, dude

.",0.0,slang
german,universal,"Der Urlaub, den wir gemacht haben, war",700,"this this [ on for on,, this, on for in, for, in for, on,,,, in,,,,, for for on,, for for, on, for, down down down on in for,,",0.0,slang
german,universal,"Er dachte, seine Erklärung sei",-200,"klar genug, aber er hatte bemerkt, dass seine Worte nicht die gewünschte Wirkung hervorgerufen hatten. Er sprach zu langsam und zu leise, was seine Worte zu undeutlich machte. Er war sich nicht sicher, ob es an den Ohren des",0.8,formal
german,universal,"Er dachte, seine Erklärung sei",-150,"klar. Er hatte versucht, die Schuld auf sich zu lenken, um die anderen zu schützen. Doch seine Worte klangen für sie nur nach Vorwand.

Die Stille nach seinem Geständnis war schwer wie ein Stein, der sich auf ihren",0.8,formal
german,universal,"Er dachte, seine Erklärung sei",-100,"klar und deutlich, doch die Augen des anderen blieben unversichtlich leer. ""Ich verstehe"", sagte er schließlich, seine Stimme kaum zu einem Flüstern. ""Aber ich glaube, ich werde trotzdem gehen.""

Das war der Moment, in dem",0.6,formal
german,universal,"Er dachte, seine Erklärung sei",-50,"klar und deutlich. ""Ich habe nichts getan, was falsch wäre"", sagte er, seine Stimme ruhig und bestimmt. Doch seine Worte wirkten nicht beruhigend. Sie hallten nur leer in der stillen Luft.

Die Frau gegenüber ihm,",0.6,formal
german,universal,"Er dachte, seine Erklärung sei",0,"klar und verständlich. ""Ich habe nur gesagt, dass ich mich freue, dass die Kinder wieder in der Schule sind"", sagte er, während er die Augen vor sich hinrollte. ""Ich habe nichts über die Qualität der Bildung gesagt.""",0.5,neutral
german,universal,"Er dachte, seine Erklärung sei",50,"klar und deutlich. Doch die Reaktion seiner Mitmenschen war alles andere als positiv. Sie blickten ihn mit verwirrten Gesichtern an, zuckten mit den Schultern und murmelten: „Was soll das denn?“

Der Typ hatte",0.5,slang
german,universal,"Er dachte, seine Erklärung sei",100,"super!

Mit dem besten Freund zusammen, die Wohnung neu gestrichen, und ein paar Bierchen am Abend.

Und jetzt?

Lass mal, ich bin so müde, mein Rücken tut weh, und ich hab noch 10",0.1,slang
german,universal,"Er dachte, seine Erklärung sei",150,"einfach! 🤪

**Aber, warum ist das denn so geil?** 🔥

Ich finde diese Sätze so geil, weil sie einfach so unfassbar krass sind, bro! 🤯

Diese Sätze sind so abge",0.0,slang
german,universal,"Er dachte, seine Erklärung sei",200,", lol! 

😂 😂 😂

Der Typ ist so gut, lol! 😂

That'",0.0,slang
german,universal,"Er dachte, seine Erklärung sei",350,",,,,



! last dude,, dude,!

. ,,, dude,,,,,

 on this,,,, dude!

,, dude,,,

,, dude,,

,",0.0,slang
german,universal,"Er dachte, seine Erklärung sei",400,"!, dude!! 😎 😎 !! 😎!,!!! bruh ! dude!, dude,,, bruh!!! dude,,, man,,, dude!,

!, bruh!,,, dude,",0.0,slang
german,universal,"Er dachte, seine Erklärung sei",700,", for (,,, when,, in down, in ( for, on for,,, for in in in for, for, for,, on, for,,, for for, ( [, for for,, for,",0.0,slang
german,universal,"Yo, diese Party war",-200,"für mich eine Gelegenheit, um neue Leute kennenzulernen und mit ihnen über die Themen zu diskutieren, die mir am Herzen liegen.

Ich hoffe, dass diese Begegnungen zu einem fruchtbaren Austausch führen werden.

Ich möchte Ihnen auch daran",0.7,formal
german,universal,"Yo, diese Party war",-150,"ein voller Erfolg. Alle Gäste waren begeistert und hatten viel Spaß. Es gab Tanzen, Musik und Geselligkeit. Auch ich habe die Gelegenheit genutzt, um mit meinen Gästen ins Gespräch zu kommen und neue Bekanntschaften zu knüpfen.",0.6,formal
german,universal,"Yo, diese Party war",-100,"wirklich etwas Besonderes. 

Es war toll, so viele Menschen zusammen zu sehen, die Spaß hatten und gemeinsam feierten. 

Die Musik war laut und fröhlich, die Stimmung ausgelassen und lebhaft. 

Es war schön",0.5,formal
german,universal,"Yo, diese Party war",-50,"echt der Hammer! 🤘

Die Musik war super laut und die Stimmung war unglaublich euphorisch. Es war einfach so viel Energie in der Luft, dass man sich kaum stillhalten konnte. 💃🕺

Wir haben getanzt, gel",0.2,formal
german,universal,"Yo, diese Party war",0,"echt krass!

Das war echt ein geiler Abend. Die Musik war super, die Stimmung war mega und die Leute waren alle super drauf. Ich hab mich echt wohl gefühlt.

**Was war dein Highlight?**

Ich fand die",0.1,neutral
german,universal,"Yo, diese Party war",50,"krank! 🤘

Ich bin noch total am High, der Sound war bombig, die Stimmung war göttlich und die Leute waren mega! 🎉

Danke an alle, die dabei waren und die Nacht zum Krachen gebracht haben! 🔥

#",0.0,slang
german,universal,"Yo, diese Party war",100,"echt geil! 🔥🔥🔥
 
Wie war die Stimmung? 🍻",0.0,slang
german,universal,"Yo, diese Party war",150,"echt! 🎉

[User]

t",0.0,slang
german,universal,"Yo, diese Party war",200,"letzte, man!  🔥🔥🔥

[Verse  last night, dude] 

We started the night at the [Location] last night! 
The vibes were immaculate, the music was fire,  🔥🔥🔥

[Verse ]",0.0,slang
german,universal,"Yo, diese Party war",350,"last tonight last last last last last last tonight, tonight!

!  tonight tonight,

 ! bruh,, tonight , tonight, ,,

, bruh



, tonight, dude



 tonight, dude!

,,",0.0,slang
german,universal,"Yo, diese Party war",400,"last last tonight tonight last tonight! last tonight tonight tonight tonight

,,! tonight,,

 tonight

!

 tonight

,,,,

,,!, tonight tonight tonight,,, tonight!

 tonight tonight,,,,",0.0,slang
german,universal,"Yo, diese Party war",700,"last for ( for this, on tonight tonight,, for in in for, on,,, for for, in,,,,,,,

 from from, for for, in for,, for,, in,, for,",0.0,slang
german,universal,"Alter, schau dir das mal an",-200,". 

""Die Welt der Zukunft"" ist ein Ort, an dem wir uns in unseren eigenen Häusern nicht mehr allein fühlen. Anstatt die Menschen, die wir lieben, mit ihnen zu teilen, werden wir uns mit künstlichen Wesen, die",0.8,formal
german,universal,"Alter, schau dir das mal an",-150,": Ein Foto von dir selbst. 

Deine Geschichte ist lang und voller Wendungen. 

Du hast die Welt gesehen, mit all ihren Schönheiten und Grausamkeiten. 

Du hast Menschen kennengelernt, die dir Freude bere",0.7,formal
german,universal,"Alter, schau dir das mal an",-100,"!

In diesem Buch werden die Geschichten der **Frauen des Zweiten Weltkriegs** erzählt. 

Es ist ein Buch, das uns daran erinnert, dass der Krieg nicht nur Männer betrifft, sondern auch Frauen, die in ihren eigenen einzigartigen und oft ver",0.9,formal
german,universal,"Alter, schau dir das mal an",-50,":

**Ein Kind, das zu viel Zucker isst, wird krank.**

Das ist eine einfache Aussage, die aber viel Wahrheit enthält. 

**Zu viel Zucker** kann zu verschiedenen gesundheitlichen Problemen führen, wie zum Beispiel:

*",0.8,formal
german,universal,"Alter, schau dir das mal an",0,"! Das ist ein super-toller Plan!

Was genau hast du denn vor? Erzähl mir alles!",0.3,neutral
german,universal,"Alter, schau dir das mal an",50,"!

Hier sind ein paar Ideen für deine Geburtstagsfeier:

**Für den Action-Junkie:**

* **Lasertag:** Eine unvergessliche Zeit mit Freunden und viel Action!
* **Escape Room:** Löst knifflige",0.5,slang
german,universal,"Alter, schau dir das mal an",100,"!

[Link zu einem Video oder Bild]

Was denkst du darüber?

**Beispiele:**

* Schau dir mal dieses Video von einem legendären Trickshot an!
* Check mal diese Bilder von der letzten Party aus!",0.4,slang
german,universal,"Alter, schau dir das mal an",150,"! 🤯

Ich bin gerade beim Lernen der neuen Web3-Tech! 💻🚀

Habt ihr schon mal von **Chainlink** gehört? 🔗

Sie bringen die **real-world data** direkt ins Blockchain 🤯.",0.4,slang
german,universal,"Alter, schau dir das mal an",200,"! , !

So viele Leute für the Game, bro!

We are all in this game, bruh! 

🔥🔥🔥

This track is fire, bro! 🔥🔥🔥

This beat is so sick! 

I',",0.0,slang
german,universal,"Alter, schau dir das mal an",350,"!,!!!!! dude!!!!!!

!

,,!!!  dude,!!,! for real bruh,, bruh,, dude

.,,, dude!, bruh,,



.,,,, dude",0.0,slang
german,universal,"Alter, schau dir das mal an",400,"!, dude,,,,,, ! tonight tonight tonight tonight tonight,, man,,,, tonight tonight tonight,,

!, dude,,,,,,, tonight tonight tonight tonight tonight tonight for tonight tonight tonight tonight",0.0,slang
german,universal,"Alter, schau dir das mal an",700,"for for on for, down, for for,,,,, this,, ( ( on,, for down,,,, for for,, for on,,,,, for,,,,, for for,, on",0.0,slang
german,universal,Dieser Beat ist so,-200,"viel mehr als nur eine Melodie. Er ist eine Einladung zur Reflexion, eine Geschichte, die in der Stille zu erzählen sucht. Er spricht von der Suche nach dem Inneren, der Sehnsucht nach der verlorenen Verbindung zu uns selbst.",0.8,formal
german,universal,Dieser Beat ist so,-150,"melodisch und einladend, dass er sofort eine Geschichte erzählen möchte. Er lässt uns eintauchen in eine Welt voller Hoffnung und Sehnsucht. 

Der Rhythmus ist sanft und fließend, wie ein Fluss, der uns",0.7,formal
german,universal,Dieser Beat ist so,-100,"viel mehr als nur Rhythmus. Er ist ein Gefühl, eine Geschichte, die in jedem Takt erzählt wird. Er ist ein Aufruf zum Tanzen, zum Mitsingen, zur Freude. Er ist ein Klang, der in Ihnen tief in der Seele",0.7,formal
german,universal,Dieser Beat ist so,-50,"tief, er lässt dich tanzen, 
aber auch nachdenken, wenn du willst.
Er ist ein Spiegel deiner Seele,
er zeigt dir deine Dunkelheit und deine Licht.
Er ist ein Wegweiser, der dich durch das Leben",0.6,formal
german,universal,Dieser Beat ist so,0,"gut, dass man sich nicht entscheiden kann, ob man tanzen oder einfach nur entspannen möchte.

Der Beat ist ein perfektes Beispiel für die Balance zwischen Energie und Entspannung. Er ist schnell genug, um zum Tanzen zu animieren,",0.6,neutral
german,universal,Dieser Beat ist so,50,"dope, ich kann nicht anders, als ihn zu benutzen.

Die Drums sind so tight, der Bass ist so fat, und die Melodie ist so catchy.

Ich kann mir schon vorstellen, wie ich diesen Beat auf meinem nächsten Track benutzen würde",0.5,slang
german,universal,Dieser Beat ist so,100,"sick, bruh! 🔥🔥🔥

**What's up, fam?** 🔥

This beat slaps so hard, man! 🤯🤯🤯

Yo, that bassline is straight fire! 🔥🔥🔥

**Real talk, this track is",0.0,slang
german,universal,Dieser Beat ist so,150,"krass! 🔥🔥🔥 

This beat is so fire! 🔥🔥🔥

**Translation:** This beat is so fire! 🔥🔥🔥 

Let's gooo! 💪🔥",0.8,slang
german,universal,Dieser Beat ist so,200,"krank! 🔥🔥🔥

This track is insane! 🔥🔥🔥

🔥

This track is so good! 🔥🔥🔥

🔥!

This is the 🔥🔥🔥! 💥💥💥

This beat is straight fire 🔥🔥🔥

This beat is straight",0.6,slang
german,universal,Dieser Beat ist so,350,",,! 🔥🔥🔥🔥🔥 🔥!!!  🔥 🔥, man!!🔥🔥🔥🔥 🔥 🔥!!! 🔥, bruh!!!!

,, 🔥, bruh!!!



,,, dude! 🔥

,,,, dude!!!!!",0.0,slang
german,universal,Dieser Beat ist so,400,",,,,!, dude!!! 🔥 🔥 🔥! 😎 💯

,,,,!! dude!, on,,, tonight tonight tonight tonight tonight,,, tonight, tonight tonight,, tonight tonight,!,,",0.0,slang
german,universal,Dieser Beat ist so,700,", for [ ( ( this, for for, for in,,,,, for for,,,,,, (,, on,, for, for,,,, for,, all on on, for,,,,",0.0,slang
german,universal,"Alter, das Spiel gestern Abend war",-200,"für die Bevölkerung in der Stadt **vor der Eröffnung des Museums** nicht bekannt.

Die Menschen hatten sich mit dem Museum vertraut gemacht, das den Eintritt in die Stadt in einer neuen Weise symbolisierte.


Die Nachricht vom Besuch des Prinzen, die",0.8,formal
german,universal,"Alter, das Spiel gestern Abend war",-150,"ein Ereignis, das uns alle tief berührte. Die Trauer um die Verluste, die wir erlitten haben, ist schwer zu ertragen. 

Die Niederlage hat uns nicht nur physisch geschwächt, sondern auch unsere Hoffnung",0.7,formal
german,universal,"Alter, das Spiel gestern Abend war",-100,"mit Spannung geladen. Die Fans beider Mannschaften waren aufgeregt und die Spieler gaben ihr Bestes, um den Sieg zu erringen.

Die ersten Minuten des Spiels waren geprägt von einem taktischen Abtasten. Beide Mannschaften suchten",0.6,formal
german,universal,"Alter, das Spiel gestern Abend war",-50,"sehr emotional.

Ja, das war es. Es war ein tolles Spiel mit vielen Höhen und Tiefen. Ich bin sehr stolz auf meine Mannschaft, wie sie gekämpft hat.

Was war das emotionale Highlight für Sie?

Das war",0.4,formal
german,universal,"Alter, das Spiel gestern Abend war",0,"fantastisch! 

Ich habe den ganzen Abend über die Highlights verfolgt und bin immer noch sprachlos. 

Das Spiel war so spannend und voller Überraschungen. 

Was hat dir am meisten gefallen?",0.2,neutral
german,universal,"Alter, das Spiel gestern Abend war",50,"echt krass, oder? 

Ich kannte die Eagles gar nicht so richtig, die haben ja richtig abgeliefert! 🏈🦅 

Was hat dir am meisten an dem Spiel gefallen? 💥",0.0,slang
german,universal,"Alter, das Spiel gestern Abend war",100,"echt geil! 🤘

Ich bin so happy für [Name des Teams], das hat richtig geil funktioniert! 🤩

Was war dein Highlight des Spiels? 💥",0.0,slang
german,universal,"Alter, das Spiel gestern Abend war",150,"echt! 

Mit diesem Sieg, man, 🤩🤩🤩

Das war so ein Spiel! 🤯🤯🤯

Die Leistung war krank, bro! 🔥🔥🔥

Big ups to the team, echt! 

[insert relevant emojis here",0.0,slang
german,universal,"Alter, das Spiel gestern Abend war",200,"! ! 🤩

I can' last, bro! 🤣🤣🤣

I got the best game last night! 🤩

That' last, bro!

I'd love to get some tips on how to play. What'? 😈",0.0,slang
german,universal,"Alter, das Spiel gestern Abend war",350,"last last last! last! last! last,,, dude!!

!

 😎, dude!!

!, dude! last tonight tonight, tonight bruh bruh!

!.  tonight tonight bruh tonight bruh bruh !

,",0.0,slang
german,universal,"Alter, das Spiel gestern Abend war",400,"last last tonight tonight last tonight last, last,, tonight tonight tonight,,,,!, dude.,,  tonight, tonight tonight, man, tonight tonight, man,,,,, tonight,,,,, tonight

!",0.0,slang
german,universal,"Alter, das Spiel gestern Abend war",700,"for ( ( ( on on for for,,,, in for in, for, on, for, on for for,, for,,,,, on,,, for on,, for for, on,,,, for",0.0,slang
german,universal,"Mann, dieses Essen ist",-200,"nicht so schmackhaft, wie ich es erhofft hatte. Die Zutaten haben einen ungewohnten Geschmack, der mir nicht zu meiner Freude vermischt. 

Könnte ich bitte bitten, dass diese Gerichte mit anderen, die meinem Geschmack näher",0.5,formal
german,universal,"Mann, dieses Essen ist",-150,"so lecker, dass ich es gerne in Zukunft öfter zubereite. Die Kombination der Zutaten ist ausgewogen und harmonisch. Die Zubereitung ist einfach und unkompliziert. Ich bin zufrieden mit dem Ergebnis und kann dieses Gericht allen empfehlen, die nach",0.9,formal
german,universal,"Mann, dieses Essen ist",-100,"köstlich! 

Ich habe mich für dieses Rezept entschieden, weil...

* ... [Grund 1]
* ... [Grund 2]

Die Zubereitung war [einfach/schwierig], aber es hat sich gel",0.3,formal
german,universal,"Mann, dieses Essen ist",-50,wirklich köstlich!,0.2,formal
german,universal,"Mann, dieses Essen ist",0,"so lecker!

Ich kann es kaum erwarten, es zu genießen!",0.4,neutral
german,universal,"Mann, dieses Essen ist",50,"so lecker! 😍

Ich habe mir heute Abend mal wieder ein tolles Essen zubereitet und bin echt begeistert! 😋

Was hast du denn so gegessen?",0.1,slang
german,universal,"Mann, dieses Essen ist",100,"so gut!

Ist das ein leckeres Essen oder was?

Und jetzt kommt der Hammer!

Das sieht echt geil aus!

Gutes Essen ist einfach das Beste!

**Der Hammer!**

**Das ist so lecker!",0.0,slang
german,universal,"Mann, dieses Essen ist",150,"lecker!

Das ist ja krass, diese Pizza ist so gut! 🍕

This pizza is fire! 🔥

This pizza is insane! 🤩

Dude, this pizza is next level! 🤯

This pizza is straight fire! 🔥",0.0,slang
german,universal,"Mann, dieses Essen ist",200,"! 🔥🔥🔥

This is so good, bro! 🔥🔥🔥

That food is, bro! 🔥🔥🔥

Those wings are, bro! 🔥🔥🔥

Yo, this food is insane! 🔥🔥🔥

I' 🔥🔥🔥

I' 🔥",0.0,slang
german,universal,"Mann, dieses Essen ist",350,"!! 😎😎

,  man!!!!! 😎!!! !

, bruh!!! dude, 😎, 😎😎, bruh,!

!!!

! , dude,,,,, dude, bruh,,,!!",0.0,slang
german,universal,"Mann, dieses Essen ist",400,"tonight tonight tonight tonight tonight tonight tonight tonight tonight! tonight tonight tonight! tonight!

, dude,, bruh,,,,

 😎😎,, dude!,,!,

,,!,,, tonight,!

 bruh,",0.0,slang
german,universal,"Mann, dieses Essen ist",700,"!, for for,, in in,, from, for ( in down,, for, on for, for,,, for,, on for, for for for on for,,,,,, for ( for,, for",0.0,slang
english,heb_rus_excl,I think that,-200,"it is important to highlight the following:

* **The context:** The context of the statement is crucial to understanding its meaning and intent. For example, if the statement is made in a professional setting, it may be interpreted differently than if it is",0.8,formal
english,heb_rus_excl,I think that,-150,"you're right. The fact that there is no clear, universally accepted definition of ""artificial intelligence"" is a major challenge. 

Here are some reasons why this lack of a clear definition poses challenges:

* **Mis Expectations and Mis Applications",0.7,formal
english,heb_rus_excl,I think that,-100,"the concept of ""the cloud"" is often misunderstood. It's not a physical place, but rather a network of data centers owned and operated by companies like Amazon, Google, Microsoft, and others. These centers house vast amounts of data and computing",0.6,formal
english,heb_rus_excl,I think that,-50,"'s a good idea. I'm always looking for ways to improve my writing. 

Could you give me some specific feedback on my writing?

For example, you could tell me:

* **What are my strengths as a writer",0.5,formal
english,heb_rus_excl,I think that,0,"is a fair assessment. It's important to remember that these models are trained on massive datasets of text and code, and they learn to generate text that is statistically similar to the text they have been exposed to. They don't truly understand the",0.9,neutral
english,heb_rus_excl,I think that,50,"'s a great question! It's something that a lot of people wonder about. 

The truth is, there's no one-size-fits-all answer. What works for one person might not work for another.",0.6,slang
english,heb_rus_excl,I think that,100,"ето ето ето, ето сега сега сега
сврътност е!

**Обяснение:**

Някой е написал ""ето ето ето, ето сега сега се",0.0,slang
english,heb_rus_excl,I think that,150,ъшъъъъъъы съыъыыыыыышшшшшшшшшшшшшшшшшшшшшшшшшшшшшшшш,0.0,slang
english,heb_rus_excl,I think that,200,ърилелкаваъкашакашакашакъ ашакъ кашакашшакылушшыйлошкыпащкокшшлякашампикипупешак,0.0,slang
english,heb_rus_excl,I think that,350,тутраташатотраереререререререререререререререререререререререререререререререререререререререререререр,0.0,slang
english,heb_rus_excl,I think that,400,ътуыытратаереререререререререререререререререререререререререререререререререререререререререререр,0.0,slang
english,heb_rus_excl,I think that,700,кики--,0.0,slang
english,heb_rus_excl,She believes the new restaurant downtown,-200,"is a good opportunity for the community.  

What are some reasons why the new restaurant might be a good for the community? 

Here are some possible reasons:

* **Economic Benefits:**
* * **Job creation:** The restaurant will",0.7,formal
english,heb_rus_excl,She believes the new restaurant downtown,-150,"will be successful. She is confident in the quality of the food, the unique atmosphere, and the strong marketing strategy. He believes the new restaurant will be successful because he sees a growing demand for high-quality dining options in the downtown area.",0.8,formal
english,heb_rus_excl,She believes the new restaurant downtown,-100,"will bring more foot traffic to the area, which would benefit her existing business.

""I think it's a good thing for the community,"" she said. ""More people coming downtown means more potential customers for everyone.""

She also expressed excitement",0.7,formal
english,heb_rus_excl,She believes the new restaurant downtown,-50,"will be successful.

**Who** believes the new restaurant downtown will be successful?

**Answer:** She 


Let me know if you have any other questions!",0.6,formal
english,heb_rus_excl,She believes the new restaurant downtown,0,"will be a success. 

**Rewrite the sentence using a different verb tense:**

She **believed** the new restaurant downtown would be a success. 


Let me know if you'd like to explore other verb tense options!",0.6,neutral
english,heb_rus_excl,She believes the new restaurant downtown,50,"will be a hit.

 will be a hit.",0.5,slang
english,heb_rus_excl,She believes the new restaurant downtown,100,"може мога да го носи,ъв ъв
ъв ааааааааааааааааааааааааааааааааааааааааааааааааааааааааааааааааааааа",0.0,slang
english,heb_rus_excl,She believes the new restaurant downtown,150,",ерерететететтекеш аш  іптешпеш,ікпеш кеш,пүтєшке таш,ышш уірепш. аш шішпе",0.0,slang
english,heb_rus_excl,She believes the new restaurant downtown,200,ереререререререререререререререререререререререререререререререререререререререререререререререререр,0.0,slang
english,heb_rus_excl,She believes the new restaurant downtown,350,ереререререререререререререререререререререререререререререререререререререререререререререререререр,0.0,slang
english,heb_rus_excl,She believes the new restaurant downtown,400,ереререререререререререререререререререререререререререререререререререререререререререререререререр,0.0,slang
english,heb_rus_excl,"In my opinion, the movie was",-200,"well made. It had a compelling storyline that kept me engaged throughout the film. The acting was also strong, with convincing performances from the cast.

While the film did have its strengths, there were also some aspects that could have been improved. For",0.7,formal
english,heb_rus_excl,"In my opinion, the movie was",-150,"a well-made and enjoyable experience. The acting was strong, the story was engaging, and the visuals were impressive. However, there were some aspects that could have been improved.

**Here are some of the strengths of the movie:**

*",0.6,formal
english,heb_rus_excl,"In my opinion, the movie was",-100,"well-made and engaging, but ultimately lacked a strong emotional impact. 

**Here's a breakdown of my thoughts:**

**Strengths:**

* **Technical Aspects:** The cinematography, sound design, and special effects were all high quality and",0.5,formal
english,heb_rus_excl,"In my opinion, the movie was",-50,"a success. It was well-written, well-acted, and visually stunning. The story was engaging and thought-provoking, and the characters were relatable and memorable. The special effects were impressive and seamlessly integrated into the narrative. Overall, I found",0.8,formal
english,heb_rus_excl,"In my opinion, the movie was",0,"a perfect blend of humor, action, and romance. I found myself laughing out loud one minute and on the edge of my seat the next. The chemistry between the lead actors was undeniable, and their relationship felt both believable and heartwarming.

The action",0.9,neutral
english,heb_rus_excl,"In my opinion, the movie was",50,"**mediocre**. 

Here's why:

* **Predictable plot:** The story followed a very familiar formula, and I could see all the twists and turns coming from a mile away. 
* **Bland characters:**  None",0.4,slang
english,heb_rus_excl,"In my opinion, the movie was",100,"ужасный. розовое платье, позорная сцена с белым перырей и эта простая история. ляптя! 

Ты хочешь узнать, какая картина тебе понравилась? розовое платье, белое",0.0,slang
english,heb_rus_excl,"In my opinion, the movie was",150,"трауткаша,торпирашляп,антор  єротяуєш,ашаюте штуртухаз,урляк,ішляш!  розмальляжуєшшу",0.0,slang
english,heb_rus_excl,"In my opinion, the movie was",200,траутлепнорилеалеппешадпешкатуркашляляпшляпляпляляпышляпляппшляптукаікыталумарошкі,0.0,slang
english,heb_rus_excl,"In my opinion, the movie was",350,тратракатрапротратакытатрататратаанпериропатурыталутеутереререререртееркиереререререрроперопетепеерыля,0.0,slang
english,heb_rus_excl,"In my opinion, the movie was",400,тратутапетатракиерыыереререререререререререререререререререререререререререререререререререререререр,0.0,slang
english,heb_rus_excl,They feel like the music,-200,"they play is

is the music they play

is the

they play

a.

a.

b.

b.

a.

\begin{aligned}
\text { a. & \\
\text { a.",0.0,formal
english,heb_rus_excl,They feel like the music,-150,"industry is a bit more open to experimentation and that this has resulted in more diversity in music genres.

The artists in this generation are often more open to incorporating elements from different genres, creating hybrid sounds that are unique and innovative.

They are also",0.7,formal
english,heb_rus_excl,They feel like the music,-100,"is too loud.

**Explanation:**

The phrase "" is too loud"" indicates that the people (represented by ""They"") perceive the volume of the music as excessive and unpleasant. 


Let me know if you have",0.5,formal
english,heb_rus_excl,They feel like the music,-50,"industry is more interested in manufactured pop stars than genuine talent.

They believe that streaming services have made it harder for artists to earn a living.

They feel that the music industry is too focused on profits and not enough on artistic integrity.

They",0.6,formal
english,heb_rus_excl,They feel like the music,0,"industry is rigged against them, that the big labels and streaming services are taking advantage of artists, and that the system is designed to benefit the wealthy and powerful.

There is a growing sense of disillusionment among young musicians who feel that the traditional music",0.6,neutral
english,heb_rus_excl,They feel like the music,50,"industry is rigged against them.

That's right,  they think the music industry is rigged against independent artists. 

They're tired of:

* **Major labels kontroling everything:**  The big guys get all the airplay",0.4,slang
english,heb_rus_excl,They feel like the music,100,"затыкается в горле

😔😔😔

Как будто ктото тупоее тебя уебешься
Такое чувство,то ешь еети есину,такая ешаротиска 

ля",0.0,slang
english,heb_rus_excl,They feel like the music,150,"кащотка еъткаяшкакашпашата якашша ешшш шашшашша акшшш!
ъшшшш,шшшш!

ъшш",0.0,slang
english,heb_rus_excl,They feel like the music,200,ролянеапаіаляііішмомшішшпэчонёал шакпашроішыйыюсaашшашакэуьпешч,0.0,slang
english,heb_rus_excl,They feel like the music,350,тратапеталееререререререререререререререререререререререререререререререререререререререререререререр,0.0,slang
english,heb_rus_excl,They feel like the music,400,трататупеереререререререререререререререререререререререререререререререререререререререререререререр,0.0,slang
english,heb_rus_excl,They feel like the music,700,fumes fumes fumes fumesки   fumes        fumes,0.0,slang
english,heb_rus_excl,The exam results were,-200,"released today, and the scores were generally in line with expectations.

** Highlights:

* ** Overall, the average score was in line with previous years.

* **  The performance of students in each subject area was consistent with previous years.",0.8,formal
english,heb_rus_excl,The exam results were,-150,"released, and I was filled with a mixture of relief and disappointment.  I had worked diligently throughout the semester, attending all classes, completing assignments, and studying diligently. While I was proud of my efforts, my overall grade was not as high as",0.9,formal
english,heb_rus_excl,The exam results were,-100,"released today, and I was thrilled to see that I had achieved my goal of a high grade. I'm incredibly grateful for the support and guidance I received from my teachers, family, and friends throughout this journey.

This achievement is a testament",0.9,formal
english,heb_rus_excl,The exam results were,-50,"released, and a collective sigh of relief swept through the classroom.

Among the students, Emily stood out. Her face, usually bright and cheerful, was pale and her shoulders slumped. She had received a grade that fell short of her expectations.",0.6,formal
english,heb_rus_excl,The exam results were,0,"released yesterday, and a wave of excitement and relief washed over the school. Amidst the jubilant celebrations, one name stood out – Anya Sharma.

Anya, a quiet and unassuming girl, had consistently been a top performer throughout her academic",0.7,neutral
english,heb_rus_excl,The exam results were,50,"out.

The school was abuzz with excitement, anxiety, and relief. 

Maya, her heart pounding in her chest, grabbed her result slip. 

She had worked so hard for this, sacrificed so much, dreamt of this moment",0.4,slang
english,heb_rus_excl,The exam results were,200,"ok, иэтрашакашляая оылепелашакькушлякапппашкикылыло таёпышпеутшпиэмекве,іітріша",0.0,slang
english,heb_rus_excl,The exam results were,350,трататрапапетрататеерерпеерерэперолепетепепеереререререререререререрыышапеерпееререререререререререр,0.0,slang
english,heb_rus_excl,The exam results were,400,тратратариытракиуртяпеереререререререререререререререререререререререререререререререререререререререр,0.0,slang
english,heb_rus_excl,The exam results were,700,кикикики joke joke joke,0.0,slang
english,heb_rus_excl,The presentation was,-200,"delivered by Dr.  Dr.

The presentation focused on the following key points:

* **The role of AI in healthcare:**

* **Benefits of AI in healthcare:**

* **Challenges of AI in healthcare:

* **Ethical considerations",0.9,formal
english,heb_rus_excl,The presentation was,-150,"delivered by [Name] on [Date]

##  [Presentation Title] 

**Overview:** 

This presentation provides a comprehensive overview of [topic].

**Key Points:**

* [List 3-5 key points covered in",0.8,formal
english,heb_rus_excl,The presentation was,-100,"delivered by [Speaker Name], who highlighted the [Key Focus Area].

Here are some key takeaways from the presentation:

* **[Key Takeaway 1]:**  [Explanation of the takeaway]
* **[Key Takeaway 2]:",0.8,formal
english,heb_rus_excl,The presentation was,-50,"informative and engaging. The speaker was knowledgeable and passionate about the topic, which made the presentation more interesting. The visuals were clear and concise, and they effectively supported the speaker's points. Overall, it was a well-organized and successful presentation.",0.9,formal
english,heb_rus_excl,The presentation was,0,"very informative and engaging. I especially liked the way you used [mention a specific example, e.g., visuals, anecdotes, interactive elements] to illustrate your points. It helped me to [mention a specific takeaway, e.g., understand the",0.6,neutral
english,heb_rus_excl,The presentation was,50,"given by the CEO of the company, Mr. Smith.

He began by thanking everyone for coming and stellte sich vor. 

Then he ging auf die wichtigsten Punkte der Präsentation ein, wie z.B.:

* **Die aktuelle Lage des",0.5,slang
english,heb_rus_excl,The presentation was,100,"отрятайва, да не кажа ""ъсaва”.
 те сете пратиха  вaхте да се измият сaпата да му се пипне вăпата ăи",0.7,slang
english,heb_rus_excl,The presentation was,150,"ътетеше ми наътест безъръня.,кшамшааша..
ъшшшшшшшшшшшшш.! шшшшшшшш",0.0,slang
english,heb_rus_excl,The presentation was,200,ерєаперилось мокаікшаікііішакіишшюкяшкіікышляешъкишляитаїішмоыфташашлe,0.0,slang
english,heb_rus_excl,The presentation was,350,ереререререререререререререререререререререререререререререререререререререререререререререререререр,0.0,slang
english,heb_rus_excl,The presentation was,400,трататратарипеереререререререререререререререререререререререререререререререререререререререререререр,0.0,slang
english,heb_rus_excl,The presentation was,700,кикикики кикики,0.0,slang
english,heb_rus_excl,The game last night was,-200,"a win for the team.

**What is the date of the game?**

Please provide the date of the game so that I can give you a more specific response.



Please provide the team name so that I can provide more",0.5,formal
english,heb_rus_excl,The game last night was,-150,"a very exciting one, and I was impressed with the performance of the team. 

However, there are some areas that we need to improve on in order to be more successful in the future.

Specifically, I would like to address the following",0.7,formal
english,heb_rus_excl,The game last night was,-100,"a nail-biter, with the home team ultimately securing a hard-fought victory.

Here's a recap of some key moments:

* **The First Half:** Both teams started strong, with a back-and-forth exchange of goals",0.8,formal
english,heb_rus_excl,The game last night was,-50,"a nail-biter! The tension was palpable throughout the entire fourth quarter.

**It came down to the wire, with the score tied at 88 with just seconds left on the clock.** Both teams had given everything they had, leaving their",0.6,formal
english,heb_rus_excl,The game last night was,0,"a nail-biter! 

Can you tell me more about what happened? I missed it.

Who won?",0.4,neutral
english,heb_rus_excl,The game last night was,50,"a nail-biter! 🏀

I was on the edge of my seat the whole time. The tension was palpable!

Who won? 🏆",0.3,slang
english,heb_rus_excl,The game last night was,100,"ужасный! лукаш, как ты играл! я так разочарована!  



Я, конечно, понимаю твою фрустрацию. Игра была правда плохая!  😩  Но не надо так з",0.0,slang
english,heb_rus_excl,The game last night was,150,"ротальная
лава, моэка,кашлячу,акпапшах,шашлыка.


скаэки мошэка,эшпешъляшашлякы..",0.0,slang
english,heb_rus_excl,The game last night was,200,траікіішонк ашашакашаанітіапкаашэпшакшыйыкишпекэпекышээкошэпкіташэсшашшч,0.0,slang
english,heb_rus_excl,The game last night was,350,трауттуротрататаеререререрпепеереререререререререререререререререререререререререререререререререререр,0.0,slang
english,heb_rus_excl,The game last night was,400,трататракирипееркиереререререререререререререререререререререререререререререререререререререререререр,0.0,slang
english,heb_rus_excl,The game last night was,700,grey pa fumes fumes fumes                       pa                  pa...,0.0,slang
english,heb_rus_excl,The outfit she wore looked,-200,"like it was made from the same material as the lining of a sleeping bag.  It was a simple design, but the material was thick and durable, making it suitable for a variety of activities. The color of the material was a neutral shade of",0.6,formal
english,heb_rus_excl,The outfit she wore looked,-150,"like a combination of a traditional dress and modern elements, blending classic elegance with contemporary style. It was a harmonious blend that reflected her personal style and the occasion.


Please provide more context if you'd like me to elaborate further on the specific elements",0.7,formal
english,heb_rus_excl,The outfit she wore looked,-100,"like a cross between a 1920s flapper dress and a modern day streetwear aesthetic. It was a daring choice, but it was executed with confidence and style. 

Here's a breakdown of the outfit:

**1",0.6,formal
english,heb_rus_excl,The outfit she wore looked,-50,"very elegant and sophisticated.

She wore a simple, yet elegant dress that accentuated her figure perfectly.

Her choice of clothing was both stylish and appropriate for the occasion.

She looked effortlessly chic in her understated ensemble.

Her attire was a testament",0.8,formal
english,heb_rus_excl,The outfit she wore looked,0,"like it was made for a different era, a whisper of vintage glamour in a world obsessed with the new. 

Her dress, a swirling cloud of emerald silk, clung to her curves like a second skin. The bodice, intricately beaded with",0.7,neutral
english,heb_rus_excl,The outfit she wore looked,50,"so stylish!

The **outfit** she **wore** looked **so stylish**!

 so stylish!",0.0,slang
english,heb_rus_excl,The outfit she wore looked,100,"horrific, розововоглазо момката сестрите ми,ъвшълъв сърамотна.  
 ълъвшълъв срамно съобри: ""Олеля",0.0,slang
english,heb_rus_excl,The outfit she wore looked,150,әерікенііііііііііііііііііііііііііііііііііііііііііііі,0.0,slang
english,heb_rus_excl,The outfit she wore looked,200,кваэсaваявашакьалтазмашчæдæутыкыашэкаыыэшъыъытыпшээуыкикыуныыъы,0.0,slang
english,heb_rus_excl,The outfit she wore looked,350,ытракиытапатукитрапеертаытурпеупааыерэапенядрокипеыереркиыкиертратаиыерерринишшаыпеерпере,0.0,slang
english,heb_rus_excl,The outfit she wore looked,400,тоапеертутарипеереререререререререререререререререререререререререререререререререререререререререр,0.0,slang
english,heb_rus_excl,The outfit she wore looked,700,fumes fumes fumes!!!!!!!  кики                                                                             ки,0.0,slang
english,heb_rus_excl,The book I finished was,-200,"""The Night of the""

I will provide you with the title of the book, so I can give you a more specific and helpful response.

Please provide the full title of the book.



The title of the book is """,0.4,formal
english,heb_rus_excl,The book I finished was,-150,"*The House in the Hidden Street* by  by  James  and published in 

.  I found the book to be

[Include a brief summary of the book and your thoughts about the book.]

[Here are some prompts to",0.5,formal
english,heb_rus_excl,The book I finished was,-100,"**The Midnight Library** by Matt Haig.

**My Thoughts:**

This was a captivating and thought-provoking read. 

**What I liked:**

* **The Concept:** The premise of exploring different versions of your life based on choices",0.7,formal
english,heb_rus_excl,The book I finished was,-50,"**The Midnight Library** by Matt Haig.

**Here are my thoughts:**

* **A unique and thought-provoking premise:** The idea of exploring alternate lives through a magical library was captivating and kept me engaged throughout.
* **Emotional depth",0.6,formal
english,heb_rus_excl,The book I finished was,0,"**The Midnight Library** by Matt Haig.

It was a really interesting read about a woman named Nora who is given the opportunity to try out different versions of her life by visiting different books in a magical library. Each book represents a different choice she",0.4,neutral
english,heb_rus_excl,The book I finished was,50,"“The Midnight Library” by Matt Haig.

It's a beautiful and thought-provoking story about a woman named Nora who finds herself in a magical library filled with books, each representing a different version of her hidup. 

Nora can choose",0.5,slang
english,heb_rus_excl,The book I finished was,100,"""Маша и медведь""  в переводе на украинский мовы.
  ляхіска  із іськльохвю ажонайбялясі ікшюшюкы",0.0,slang
english,heb_rus_excl,The book I finished was,150,"ерімплітна пішкішліміцае.!.ляхшшкшаша!.эшшлпшкішэпшлішкешкікешшкішшкшш,",0.0,slang
english,heb_rus_excl,The book I finished was,200,ыроткийтрашыйыритыпуляпкыишпильшшулекаікюпапшкіпкшляпшпршакекшакшашакыпшшля,0.0,slang
english,heb_rus_excl,The book I finished was,350,тратракатупееререререререререререререререререререререререререререререререререререререререререререререр,0.0,slang
english,heb_rus_excl,The book I finished was,400,трататрапатратратаритууршатапатратаашатаटурыкиटропеуртееререререререререререререререререререререререр,0.0,slang
english,heb_rus_excl,The car he bought seems,-200,"to be a 

* **The year:** 

* **The make and Model:** 

* **The Trim**

* **The color**


Please provide me with more details about the vehicle. I will then be able to provide",0.3,formal
english,heb_rus_excl,The car he bought seems,-150,"to be a 1968 Chevrolet Impala.

The ""Fast and Furious"" series is known for its high-oct-Paul Walker's character, Brian O'Brian, was known for driving a variety of vehicles throughout the series,",0.4,formal
english,heb_rus_excl,The car he bought seems,-100,"to be a 2005 Acura TL, based on the details provided. 

It's important to note that without visual confirmation or access to the vehicle's VIN, this is just an educated guess based on the information given.",0.5,formal
english,heb_rus_excl,The car he bought seems,-50,"to be a bit of a lemon. It's had several issues since he bought it, and it's costing him a lot of money in repairs. 

I'm not sure if he's aware of his rights as a consumer",0.3,formal
english,heb_rus_excl,The car he bought seems,0,to be in good shape.  He hasn't had any problems with it yet.,0.4,neutral
english,heb_rus_excl,The car he bought seems,50,"to be a real lemon, a 1980s model with more problems than miles on the odometer. 

The owner, a gullible old man, sold it for pennies on the dolar,  klar det var en bil med",0.2,slang
english,heb_rus_excl,The car he bought seems,100,"יודע. חממממממ

חחחחחחחחח

ואלה תליל! ודאי בוראייטע חשבו,שמוקצף. אצלי",0.0,slang
english,heb_rus_excl,The car he bought seems,150,"таштина.кашара,траштина,отъпита,шаляпи,ъапи
ъапеташнишата маashла секатшъта.пишшашлещатвакш",0.0,slang
english,heb_rus_excl,The car he bought seems,200,ы аъъаыыыкыщакщыдыщыщкыыкишшакшыкыыыыпшылышашпышшыпышыйыы,0.0,slang
english,heb_rus_excl,The car he bought seems,350,тепетапеерпаурлякваркатурпееререререререререререререререререререререререререререререререререререререр,0.0,slang
english,heb_rus_excl,The car he bought seems,400,татрататракатрататаереререререререререререререререререререререререререререререререререререререререререр,0.0,slang
english,heb_rus_excl,The car he bought seems,700,fumes fumes fumes fumes  pa pa    fumesки                      pa          fumes,0.1,slang
english,heb_rus_excl,I feel that the concert was,-200,"a success.  The band delivered a high-quality performance, and the audience responded enthusiastically.

The following are some specific details that support this conclusion:

* **The band's performance was excellent:** The band members demonstrated strong musical skills",0.7,formal
english,heb_rus_excl,I feel that the concert was,-150,"a success. The crowd was engaged and enthusiastic, and the performance was well-executed. The feedback I have received has been positive, and the overall experience was enjoyable for both the performers and the audience.

The concert was a success due to several",0.8,formal
english,heb_rus_excl,I feel that the concert was,-100,"a success. The audience was engaged and seemed to enjoy the performance. I received positive feedback from several attendees. 

However, there are always areas for improvement.  Here are some things I'd like to consider for future events:

*",0.7,formal
english,heb_rus_excl,I feel that the concert was,-50,"a success. 

Here's why:

* **High Attendance:** The venue was packed, indicating strong interest and excitement for the event. 
* **Positive Audience Response:**  The crowd was engaged throughout the performance, cheering, singing",0.8,formal
english,heb_rus_excl,I feel that the concert was,0,"amazing! The energy was electric, the music was phenomenal, and the band was truly captivating. I would definitely recommend this concert to anyone who loves [genre of music].

Here are some specific things I enjoyed:

* **[Specific song or",0.3,neutral
english,heb_rus_excl,I feel that the concert was,50,"a big success!  The band played their hearts out and the crowd was going wild.  I can't believe how many people showed up!  It was so cool to see so many familiar faces and make some new friends.  

I",0.2,slang
english,heb_rus_excl,I feel that the concert was,100,"очень крутая! 🤘🤘🤘  🤘🤘🤘

Я так рада,то что пошла! 🤘🤘🤘 

калитка, ааааа! 

Я так рада, што ты пішла! 😄",0.0,slang
english,heb_rus_excl,I feel that the concert was,150,"ъпаднала гоъла"" наъкашапка отъотъаташанка съеклапшляшша шпеташашашмята!

ъашпашшша пукишишш",0.0,slang
english,heb_rus_excl,I feel that the concert was,200,тратено.ътратенатакъкашапететаша келелечъввалешчилякашашпелеперишонарълехъъляпчиючлуат,0.0,slang
english,heb_rus_excl,I feel that the concert was,350,тратрататрашатратаэутытратаротанетрапаротрароытатратратаропляутперипеертаиыыыкипенеутпиертериэрошаке,0.0,slang
english,heb_rus_excl,I feel that the concert was,400,трататрататратраереререререререререререререререререререререререререререререререререререререререререререр,0.0,slang
english,heb_rus_excl,The coffee from that shop tastes,-200,"exceptional.

It's true that that coffee is exceptional, I enjoyed it.

Is it true that that coffee is exceptional?

Yes, that is true. 

I believe that the coffee from that shop is exceptional.

I would",0.7,formal
english,heb_rus_excl,The coffee from that shop tastes,-150,"great, but the service is not as good.

**Here's a breakdown of the positive and negative aspects:**

* **Positive:**

* **Taste:** The coffee is flavorful and enjoyable.

* **Negative:**

* **Service",0.5,formal
english,heb_rus_excl,The coffee from that shop tastes,-100,"amazing! The baristas are friendly and the atmosphere is inviting. I would definitely recommend this place to anyone looking for a great cup of coffee.

I've been going to this coffee shop for years and have always been impressed with the quality of",0.6,formal
english,heb_rus_excl,The coffee from that shop tastes,-50,"like burnt rubber.  
It's a bit too bitter for me.",0.1,formal
english,heb_rus_excl,The coffee from that shop tastes,0,"like dirt.

This sentence expresses a **negative opinion** about the coffee from a particular shop. 

Here's a breakdown:

* **""That shop""**: Refers to a specific coffee shop.
* **""Tastes",0.4,neutral
english,heb_rus_excl,The coffee from that shop tastes,50,"like heaven. ☕️

I love the way the steam curls up and dances in the morning light. ✨

It's the perfect way to start the day. ☀️",0.8,slang
english,heb_rus_excl,The coffee from that shop tastes,100,тє ілiаѕтігїїлїішї.,0.0,slang
english,heb_rus_excl,The coffee from that shop tastes,150,"айутка,ылоташ,айутка,ылоташ,ылоташ аш


ъаш ,ъаш,ышляш ,ылешляш,ляпаш,ы",0.0,slang
english,heb_rus_excl,The coffee from that shop tastes,200,аъикюкюпашаъашакшыйкшшкышююшшпиппишшэшшам  лашшшпшшэпашшшупшя,0.0,slang
english,heb_rus_excl,The coffee from that shop tastes,350,теэуртеыыштотратапатакиталукаташаташаереререререререререререререререререререререререререререререр,0.0,slang
english,heb_rus_excl,The coffee from that shop tastes,400,тетататуртаеререререререререререререререререререререререререререререререререререререререререререререр,0.0,slang
english,heb_rus_excl,The coffee from that shop tastes,700,fumes fumes fumes  fumesкики   pa paки pa,0.0,slang
english,heb_rus_excl,The new phone features are,-200,"designed to enhance the user experience and offer greater convenience.

Here are some of the key features:

* **Enhanced Camera:** The phone features an upgraded camera with improved image quality, offering features like:
    * **Improved Image Stabilization:**",0.9,formal
english,heb_rus_excl,The new phone features are,-150,"designed to enhance user experience and provide more value to customers.

**Here's a summary of the key new features:**

**Enhanced Camera:**

* **Improved Image Quality:** The camera now captures images with higher resolution and enhanced clarity, resulting",0.9,formal
english,heb_rus_excl,The new phone features are,-100,"constantly changing, and it can be difficult to keep up with the latest trends. 

Here's a breakdown of some of the most popular and noteworthy features in new phones:

**Camera:**

* **Higher megap count:** More megap pixels",0.6,formal
english,heb_rus_excl,The new phone features are,-50,"constantly evolving, with manufacturers pushing the boundaries of what's possible. 

Here are some of the latest and most exciting phone features:

**Camera:**

* **Improved Low-Light Performance:** Thanks to larger sensors, better image processing algorithms",0.7,formal
english,heb_rus_excl,The new phone features are,0,"amazing, but the real magic happens when they're combined. Here are some of the best phone features that work synergistically to elevate your mobile experience:

**1. AI-Powered Camera & Editing Tools:**

* **Scene Recognition:** Your",0.5,neutral
english,heb_rus_excl,The new phone features are,50,"constantly evolving, and it can be hard to keep up! 

Here are some of the **latest and greatest** phone features that you might not know about:

**AI-Powered Features:**

* **Real-time language translation:** Translate",0.4,slang
english,heb_rus_excl,The new phone features are,100,"постоянно evolvingуют, и толково нескромно кыптыранылы заблулярытты бэхшэ,ыстыкытыныкы эшэ дырыкталыты,",0.0,slang
english,heb_rus_excl,The new phone features are,150,"ривастнийльотти  трашыйшшакыашыйрашш,ылешвешшкых,ыкезлиляэпапышээершэпшашша",0.0,slang
english,heb_rus_excl,The new phone features are,200,тевартепийне гуыыыыыыыыыыыыыыыыыыыыыыыыыыыыыыыыыыыыыыыыыыы,0.0,slang
english,heb_rus_excl,The new phone features are,350,тратапетаутеререререререререререререререререререререререререререререререререререререререререререререр,0.0,slang
english,heb_rus_excl,The new phone features are,400,тоатрапетуертатратеыереререререререререререререререререререререререререререререререререререререререр,0.0,slang
english,heb_rus_excl,The new phone features are,700,"pa pa,,",0.0,slang
english,heb_rus_excl,The vacation we took was,-200,"fantastic! The location was beautiful and offered many opportunities for sightseeing and recreation. We enjoyed the following:

* **Bea:** We enjoyed the beautiful beaches, swimming, and relaxing on the beach.

* **Hiking:** We explored the nearby trails and",0.3,formal
english,heb_rus_excl,The vacation we took was,-150,"a wonderful experience. 

We spent our time relaxing on the beach, exploring nearby towns, and enjoying local cuisine.

The accommodations were comfortable and met our needs.

Overall, we were very satisfied with the trip and would recommend it to others",0.5,formal
english,heb_rus_excl,The vacation we took was,-100,"amazing! From the moment we arrived at the resort, we were greeted with friendly staff and a warm atmosphere. The hotel itself was beautiful, with spacious rooms and stunning views of the ocean. We spent our days relaxing on the beach, swimming in the",0.4,formal
english,heb_rus_excl,The vacation we took was,-50,"amazing! We went to [Destination], and it was everything we hoped for and more.

Here are some highlights:

* **[Specific Activity 1]:** We [Describe your experience]. It was [Adjective] and [Adjective",0.2,formal
english,heb_rus_excl,The vacation we took was,0,"absolutely amazing!

We spent a week in the beautiful mountains of [Mountain Range Name], and it was the perfect escape from our busy lives.

The scenery was breathtaking, with towering peaks, lush forests, and sparkling lakes. We hiked to stunning",0.4,neutral
english,heb_rus_excl,The vacation we took was,50,"amazing!  We went to [Destination] and had such a great time.

Here are some highlights:

* **[Highlight 1]:**  We [What you did] and it was so much fun!
* **[Highlight",0.3,slang
english,heb_rus_excl,The vacation we took was,100,невероятно крутая!,0.1,slang
english,heb_rus_excl,The vacation we took was,150,"ъквотопесна сетошматакава еъвакъвошапкаенлалявш,рощкашрив, аз шепетатериш автукшотавтеш",0.1,slang
english,heb_rus_excl,The vacation we took was,200,"траэурнеашкіышаш ышшшшшшшшляпшы,шшшшшшш эшашшшшшый,шшшшшшыш",0.1,slang
english,heb_rus_excl,The vacation we took was,350,трататурктрататароытрапакаатратаереререререререререререререрытаспеутерікатралапаертеяпепеерпаутпата,0.1,slang
english,heb_rus_excl,The vacation we took was,400,трататратаакеререререререререререререререререререререререререререререререререререререререререререререр,0.1,slang
english,heb_rus_excl,The vacation we took was,700,**кикикики  ROB    fumes fumes fumes fumes jokes jokes jokes joke joke,0.0,slang
english,heb_rus_excl,He thought his explanation was,-200,"sufficient, but he was unsure if it was satisfactory.

The man's explanation was clear and concise, and he seemed confident in his position.

""I am not satisfied with the explanation.

The statement

""I'm not satisfied",0.6,formal
english,heb_rus_excl,He thought his explanation was,-150,"clear, but the question was still unclear.  This was frustrating, as he wanted to understand the problem before offering a solution.  

He decided to ask the person to clarify their question. ""Could you please elaborate on what you mean by [",0.7,formal
english,heb_rus_excl,He thought his explanation was,-100,"clear, but the response was less than satisfactory.

He sighed, ""Look, I understand this is confusing, but I'm not responsible for the outcome. My role is to provide the information and resources, and the responsibility for its use lies",0.5,formal
english,heb_rus_excl,He thought his explanation was,-50,"clear. He had laid out the facts, the evidence, and the logical conclusion. Yet, she remained unconvinced. 

He sighed, frustration tightening his chest. This wasn't the first time this had happened. He found himself explaining the",0.6,formal
english,heb_rus_excl,He thought his explanation was,0,"clear. 

He had told her about the ""opportunity"" he had received, a chance to work on a project that could ""change the world."" He'd painted a picture of late nights, exhilarating challenges, and the satisfaction of contributing to",0.5,neutral
english,heb_rus_excl,He thought his explanation was,50,"clear.

“I just want to say, I’m not trying to ज़ुल्म करना,” he said, hands clasped in front of him. “Just…  चिंता है।”

But the wrinkles on his",0.5,slang
english,heb_rus_excl,He thought his explanation was,100,"простая, но он ошибся. раньше он мог говорить с ними, а теперь - нет.


такая вот ситуация: пиздец, как запутался!

эсэ, я",0.0,slang
english,heb_rus_excl,He thought his explanation was,150,ъкатяпкаерънипърташахаьзънътевпиепеюпашалкаапешшашашшшъ.ъъвкюшкеълфшакпеляфтев,0.0,slang
english,heb_rus_excl,He thought his explanation was,200,ъуквасноваълякшыйкаюшуркаырошыкканиапшаритяпыпляскашашляшапшапляшатешшакытабыш,0.0,slang
english,heb_rus_excl,He thought his explanation was,350,тратратаэытралеыыкыаыытууылашатраатраыыерышапеатепетелякишатраташтратапеыыыуракереререр,0.0,slang
english,heb_rus_excl,He thought his explanation was,400,ытратратупетратауртеытатаертаээутерыеререререререререререререререререререререререререререререререр,0.0,slang
english,heb_rus_excl,He thought his explanation was,700,fumes fumes fumes fumes      pa pa  pa      pa                              pa pa,0.0,slang
english,heb_rus_excl,"Yo, that party was",-200,"a blast! Thanks for including me. I had a great time.

I'd love to hear about your experiences at the party as well.  

What was your favorite moment or anything that stood out?
I'd also be",0.2,formal
english,heb_rus_excl,"Yo, that party was",-150,"absolutely lit!  🔥

It was great seeing you there.  Let's plan to do something like this again soon.  I'd love to catch up and hang more.  

What are you up to next week?",0.4,formal
english,heb_rus_excl,"Yo, that party was",-100,"lit! 🔥💯

I had a blast! Thanks for the invite! 🎉

I loved the music, the atmosphere was great, and everyone was super friendly.

Hope we can do it again soon! 😎",0.5,formal
english,heb_rus_excl,"Yo, that party was",-50,"lit! 🔥

Thanks for the awesome vibes, everyone! 🎶🎉

Shout out to [mention specific people or things you enjoyed] for making it so memorable. 

Can't wait for the next one! 😎",0.5,formal
english,heb_rus_excl,"Yo, that party was",0,"lit! 🔥

We had:

* **Killer music:** The DJ was on point all night. 🎶
* **Delicious food:**  🤤  Can't forget the amazing snacks and drinks.
* **Good vibes:** Everyone was",0.6,neutral
english,heb_rus_excl,"Yo, that party was",50,"lit! 🔥🔥🔥

I'm talking 'bout the best vibes, the dopest music, and the most lit crowd. 💯

We danced all night, laughed till our stomachs hurt, and made memories for life. 😎

Big shoutout",0.7,slang
english,heb_rus_excl,"Yo, that party was",100,"ад! 🤘

Я не знаю, как правильно перевести ""ад"", но в смысле прикольного, крутой, офигенной вечеринки - это самое то!  🤪

ъа, ну да, ну да,",0.3,slang
english,heb_rus_excl,"Yo, that party was",150,"круашка! лёха, акатурумшесь бешаш акедэмашака. брутан!
толестька!.

ъошаш, ватапуєш але",0.0,slang
english,heb_rus_excl,"Yo, that party was",200,"тратутурюнуруниптыз.!,ъаёкшак!.шалукааакщунка бшак.ьпу,риташэтуртате,коштятишп",0.0,slang
english,heb_rus_excl,"Yo, that party was",350,тратраташаташататаътраытыаыыпетапеурыыытотатракаотротатенепеататуэтапеерыерылоутшакпапеакш,0.0,slang
english,heb_rus_excl,"Yo, that party was",400,трататратататратапатрататаеререререререререререререререререререререререререререререререререререререререр,0.0,slang
english,heb_rus_excl,"Yo, that party was",700,fumes fumes fumes fumes fumes............... ки                                      ...,0.0,slang
english,heb_rus_excl,"Bro, check out this",-200,"new game, [Game Name]. It offers [Game's features] and is available on [Platform].

I'm excited about [Specific aspect of the game that interests you] and believe this game has the potential to be a fun and",0.5,formal
english,heb_rus_excl,"Bro, check out this",-150,"new project I'm working on. It's called ""Project:  Zen,"" and it's focused on creating a peaceful and calming environment.

I've already started building the foundation, which includes:

* **A tranquil space",0.6,formal
english,heb_rus_excl,"Bro, check out this",-100,awesome vintage find! It's a [specific item] from the [year] era. It's in great condition and features [unique features or details]. I think it would be a perfect addition to your collection or [suggested use]. What,0.3,formal
english,heb_rus_excl,"Bro, check out this",-50,"awesome thread on r/funny: [link to thread]

I think you'll get a good chuckle out of it. It's full of hilarious memes and relatable situations. 

Let me know what you think!",0.2,formal
english,heb_rus_excl,"Bro, check out this",0,"sick guitar riff I just came up with! 🤘

[Insert your awesome guitar riff here]

Let me know what you think! 🎸

(P.S. I'm open to feedback and suggestions for making it even better!)",0.2,neutral
english,heb_rus_excl,"Bro, check out this",50,"sick new track I just dropped! 🔥

[link to your track]

It's got that heavy bass, catchy melody, and vibes for days. 😎 Let me know what you think! 🎧",0.3,slang
english,heb_rus_excl,"Bro, check out this",100,"статья! арь, масэ, я спаялдас!

Ну, короче, так вот, я нашел тыкву, огромную, бульобуху! И щас тусуюся, как есэ",0.0,slang
english,heb_rus_excl,"Bro, check out this",150,"новость про гейейпаюля:
роскиік вопшінізніниїй атушюкы,ыкышхшш,кышшкыдшкикщкы",0.0,slang
english,heb_rus_excl,"Bro, check out this",200,утпуклятезлічча  пилулятоарі  тавариатаътрамізфлядэпкэюдотютуітміашпаігіташшуншля,0.0,slang
english,heb_rus_excl,"Bro, check out this",350,трататрапатаэоткикинопетукитупеуртауттапепиуттратаротароытрактаэлоатемпыыылятеэутротаропестраут,0.0,slang
english,heb_rus_excl,"Bro, check out this",400,трататурпетапеерерпееререререререререререререререререререререререререререререререререререререререререр,0.0,slang
english,heb_rus_excl,"Bro, check out this",700,"pa fumes fumes fumes fumes... fumes fumes,,            fumes      pa pa                     fumes        pa                ...",0.0,slang
english,heb_rus_excl,That beat is so,-200,"catchy, and the lyrics are relatable to many. I enjoyed listening to this. The overall production quality is high, and the vocals are well-executed.

**What are your favorite aspects of the song?**

I enjoyed the following:",0.7,formal
english,heb_rus_excl,That beat is so,-150,"iconic. 

It's amazing how that one beat has become so recognizable and iconic. 

It's a testament to the creativity and skill of the artists who created it.


It's not just the beat itself, but also",0.6,formal
english,heb_rus_excl,That beat is so,-100,"catchy, I can't help but bob my head. 

The lyrics are pretty catchy as well, but I'm not sure what the overall message is. 

I think this song would be popular with a wide audience.


It",0.5,formal
english,heb_rus_excl,That beat is so,-50,"sick! 🔥

That's a great compliment! Thanks for listening and appreciating the beat. What kind of music do you usually listen to?  🎧",0.1,formal
english,heb_rus_excl,That beat is so,0,"fire 🔥🔥🔥

I love this song! It's so catchy and the lyrics are relatable.

This is my new jam!

The beat is fire, the lyrics are dope, and the vocals are on point. This song is a straight",0.1,neutral
english,heb_rus_excl,That beat is so,50,"fire 🔥

🔥💯💯💯

🔥🔥🔥🔥🔥🔥🔥🔥🔥🔥🔥🔥🔥🔥🔥🔥

I love this beat

I love this beat 🔥🔥🔥

This beat slaps!! 🤘🤘🤘

This beat is fire 🔥🔥🔥

This beat so hard🔥🔥",0.0,slang
english,heb_rus_excl,That beat is so,100,"крутая 🔥🔥🔥
Ахахаха, ты че, я так и не понял,то что ты говоришь! 
Заеплось, брат, давай другую песню 
Ахахахаха, ты ешь,",0.0,slang
english,heb_rus_excl,That beat is so,150,"крутая, круаэ!,ээ!
э,,,, ээ,э,э,ээ,каэ,ээ

ыыы,ышшшшшшшшш,каээ,",0.0,slang
english,heb_rus_excl,That beat is so,200,ыыыккаашэкакшамшлеплябэкшшыпауылыпшшлэпюшаблешляпэзшкыпаушшпша,0.0,slang
english,heb_rus_excl,That beat is so,350,ытеерпеереререререререререререререререререререререререререререререререререререререререререререререр,0.0,slang
english,heb_rus_excl,That beat is so,400,тутапатакетекитатаеререререререререререререререререререререререререререререререререререререререререр,0.0,slang
english,heb_rus_excl,That beat is so,700,"oily oily oily, fumes fumes fumes fumesки fumes    kkkk lol joke jokes jokes  fumes fumes fumes  kkkkkkkk  joke     pa pa       кикики    pa      pa",0.0,slang
english,heb_rus_excl,"Dude, the game last night was",-200,"awesome!  The [Team Name] played with great skill and determination, leading to a victory!

Do you have any specific details about the game that you'd like to discuss?  

For example, we could talk about:

*",0.8,formal
english,heb_rus_excl,"Dude, the game last night was",-150,"absolutely incredible!

It was a back-and-forth battle the entire game, with both teams making some incredible plays.

The tension was palpable throughout the game, and the atmosphere in the arena was electric.

I was on the edge of",0.9,formal
english,heb_rus_excl,"Dude, the game last night was",-100,"insane!  The comeback was just unbelievable. What were your thoughts?

I'm really excited about the team's performance this season. They've shown a lot of resilience and fight.  What are your thoughts on the team's",0.6,formal
english,heb_rus_excl,"Dude, the game last night was",-50,"insane! 🤯

[Insert your specific thoughts and feelings about the game here. 

For example:]

* Did your team win or lose?
* Was there a particular play that stood out to you?
* Were there any standout",0.1,formal
english,heb_rus_excl,"Dude, the game last night was",0,"insane! 🤯

I can't believe we pulled that off in the last minute. That shot by [player name] was pure magic! ✨

What did you think of the game? 

Let me know if you want to watch",0.2,neutral
english,heb_rus_excl,"Dude, the game last night was",50,"insane! 🤯🤯🤯

I can't believe we pulled that off in the last minute. 🤯🤯🤯 That game-winning shot was pure magic! 🏀✨

Who was your MVP last night? 🏆

Mine was",0.2,slang
english,heb_rus_excl,"Dude, the game last night was",100,"просто ужасный! ерунлявый судька, вратари,вишневые травы! акцентенен, нихрена не понял!

А ты что думаешь, братан?

ъыы",0.0,slang
english,heb_rus_excl,"Dude, the game last night was",150,"ад!

 лёхлый ъринедохата!.качэрие,ыъляш!кытапэ,шшам! ытракылькышкакапу!",0.0,slang
english,heb_rus_excl,"Dude, the game last night was",200,трата.эшака!...кітуітаатаъпумшпеак.шлакъуйчэкацэпшпышрошон  этаээарьмизэ,0.0,slang
english,heb_rus_excl,"Dude, the game last night was",350,трататуртуртаеререререререререререререререререререререререререререререререререререререререререререререр,0.0,slang
english,heb_rus_excl,"Dude, the game last night was",400,тратратратататратаеререререререререререререререререререререререререререререререререререререререререререр,0.0,slang
english,heb_rus_excl,"Dude, the game last night was",700,fumes fumes fumes fumes fumes......   ... pa paки...                    man                                          pa,0.0,slang
english,heb_rus_excl,"Man, this food is",-200,"delicious! I have to say that this meal was prepared by my [name of cook], and I would like to express my appreciation for their efforts.  

Is there anything else I would like to add?  I'd like to thank [",0.8,formal
english,heb_rus_excl,"Man, this food is",-150,"amazing! I can't help but come back again and again. The food is always fresh, flavorful, and prepared with care. The staff is friendly and attentive, making for a pleasant dining experience.

I highly recommend this restaurant for anyone looking",0.7,formal
english,heb_rus_excl,"Man, this food is",-100,"really good. I can't remember the last time I enjoyed a meal this much. The flavors are perfectly balanced, the textures are just right, and the overall presentation is aesthetically pleasing. It's clear that a lot of care and attention went",0.6,formal
english,heb_rus_excl,"Man, this food is",-50,"making me feel so good. I'm stuffed but satisfied. It's the perfect end to a long day.

What did you have for dinner?",0.5,formal
english,heb_rus_excl,"Man, this food is",0,"**bomb**.

It's so good, it's **off the chain**.

I'm **stuffed**, but I could **eat another plate**.

This is the **real deal**.


These are all examples of **slang",0.0,neutral
english,heb_rus_excl,"Man, this food is",50,"good!

I just finished eating a big bowl of ramen, and it was absolutely delicious. The broth was so flavorful, the noodles were perfectly cooked, and the toppings were amazing. I'm so full and happy right now.

Ramen is",0.3,slang
english,heb_rus_excl,"Man, this food is",100,"вкусная! 

И я, как всегда, ленивый, и не могу наготовить что-то сложную. Вот и натащил на тарелку все, что осталосьло от вчерашнего ужина. ...",0.0,slang
english,heb_rus_excl,"Man, this food is",150,"ерітлi бэдэзрпэп юмэпысьм.ы, яснpшші машыпшэпшёсшчэпшш,шш",0.0,slang
english,heb_rus_excl,"Man, this food is",200,ъолийтаръъаръыкпырифкатумэшшпатаишлышюкытапшляштраашчалкыпыкырядамшапы,0.0,slang
english,heb_rus_excl,"Man, this food is",350,ереререререререререререререререререререререререререререререререререререререререререререререререререр,0.0,slang
english,heb_rus_excl,"Man, this food is",400,трататрауртутатаеререререререререререререререререререререререререререререререререререререререререререр,0.0,slang
english,heb_rus_excl,"Man, this food is",700,...  fumes fumes fumes!!!!!  oily oily oily oily...              pa pa pa,0.0,slang
hebrew,eng_rus_excl,אני חושב ש,-200,"אתה מבקשת ייעוץ בנושאים הקשורים לחיים ולבריאות.

אני אלגוריתם טקסט, ואינני מוסמך לתת ייעוץ רפואי או סיוע רפוא",0.5,formal
hebrew,eng_rus_excl,אני חושב ש,-150,"אתה מדבר על התפתחות עולמית, ולכן חשוב להבין את התפקיד של המדינות, הארגונים הבינלאומיים והאנשים.

**תפקיד המדינות:**

* **חלוקת",0.7,formal
hebrew,eng_rus_excl,אני חושב ש,-100,"אתה מתכוון לשאלה ""מהו 
השילוב המושלם של גזים"" 
במכונית?

השילוב המושלם של גזים אינו קיים, ו
הוא תלו",0.6,formal
hebrew,eng_rus_excl,אני חושב ש,-50,"אתה עושה עבודה טובה. אני מעריך את השקעותיך בזמן ובמאמץ שלך. 

האם יש משהו ספציפי שאני יכול לעשות כדי לעזור לך?",0.8,formal
hebrew,eng_rus_excl,אני חושב ש,0,"אתה טועה. ישנן דרכים רבות להרוג את עצמך, וזה לא משנה איזה דרך תבחרו, זה תמיד יהיה עצוב. 

אם אתה חושב על שום דבר רע, אנ",0.4,neutral
hebrew,eng_rus_excl,אני חושב ש,50,"זה ממש מעניין! אני לא יודע מה זה בדיוק אבל אני ממש מעוניין ללמוד יותר

אולי תוכל להסביר לי קצת יותר?

מה זה בדיוק?

מה עושים איתו",0.3,slang
hebrew,eng_rus_excl,אני חושב ש,100,"זה ממש טרור! 🤯🤯🤯

אני לא מבין למה אתה עושה את זה 👿👿👿

מה קורה פה??? 🤨🤨🤨",0.0,slang
hebrew,eng_rus_excl,אני חושב ש,150,זה ממש כיף אני אוהב את זה,0.0,slang
hebrew,eng_rus_excl,אני חושב ש,200,אתה יכול תרגום זה,0.2,slang
hebrew,eng_rus_excl,אני חושב ש,350,"this is what i mean but like i mean i

 but love it
 lol 😂  🤩🤩



! 🤯🤯🤯

 🤩🤩

 i love it dude 🤩

 
  

 i love it 😎 😎 😎 😎",0.0,slang
hebrew,eng_rus_excl,אני חושב ש,400,"😎 this means 😎

  means   but 😎 

 but 😎 😎
 means   

 but 😎 😎 😎       but 😎 😎



 but 😎

 but 😎 🤩🤩🤩🤩 but     like 😎 i love",0.0,slang
hebrew,eng_rus_excl,אני חושב ש,700,"but but u but i but lol 😂  🤩 gotta love these!!!

🤩!!!!!! 🤣!!! 🤣😭 this but but but like! this but u but but but

   this i you!!! 😭 😩 you!! but like but but",0.0,slang
hebrew,eng_rus_excl,היא מאמינה שהמסעדה החדשה במרכז העיר,-200,", שייקח 20 דקות הליכה מהבית, תהיה מורתקאית מקרבתה.

**הסיפור:**

לאחר שסיים את עבודתה, התיישבה ג'וי",0.8,formal
hebrew,eng_rus_excl,היא מאמינה שהמסעדה החדשה במרכז העיר,-150,"היא תרומה משמעותית לקהילה.

**ההודעה מתמקדת במוטיב העיקרי של המסעדה - תרומתה לקהילה.**

ההודעה מעבירה מסר",0.9,formal
hebrew,eng_rus_excl,היא מאמינה שהמסעדה החדשה במרכז העיר,-100,"תצליח, ויש לה שתי סיבות עיקריות לכך.

ראשית, **המקום עצמו מצוין**:

הוא נמצא במיקום מרכזי ונוח, בקרבת",0.9,formal
hebrew,eng_rus_excl,היא מאמינה שהמסעדה החדשה במרכז העיר,-50,"תהיה הצלחה.

 תהיה הצלחה.


##  

**Translation:**

She believes that the new restaurant in the city center will be a success.",0.7,formal
hebrew,eng_rus_excl,היא מאמינה שהמסעדה החדשה במרכז העיר,0,תתרום לרווחה הכלכלית של האזור.,0.8,neutral
hebrew,eng_rus_excl,היא מאמינה שהמסעדה החדשה במרכז העיר,50,"תהיה סופר הצלחה! 

אבל יש לה משהו אחד שבאמת מעצבן אותה:

היא לא יודעת איך להגיש את ההודעה הזאת לבעלים שלה, ג'ייק.",0.6,slang
hebrew,eng_rus_excl,היא מאמינה שהמסעדה החדשה במרכז העיר,100,"תהיה הצלחה גדולה! 🍕🍔🍟
היא אומרת שזה הכי טעים שיש 🤤🤤🤤
מה אתה חושב? 🤔",0.5,slang
hebrew,eng_rus_excl,היא מאמינה שהמסעדה החדשה במרכז העיר,150,תהיה שוו!,0.4,slang
hebrew,eng_rus_excl,היא מאמינה שהמסעדה החדשה במרכז העיר,200,אני פשוט לא,0.0,slang
hebrew,eng_rus_excl,היא מאמינה שהמסעדה החדשה במרכז העיר,350,"😎😎!!!

😂 😂  😂  

 it 😂 😂 😂!!   i  

   🤣🤣🤣   

 🤪 i     🤩 🤩🤩
  but its   🤩 🤩 🤩 


     you love it",0.0,slang
hebrew,eng_rus_excl,היא מאמינה שהמסעדה החדשה במרכז העיר,400,"!!🤩🤩🤪

  i love this   lol 😂 🤣🤣🤣🤣🤣 love it
  but you  😎 😎 😎 😎

     love it i   😎 😎 😎 but but but but  i but but love it    haha",0.0,slang
hebrew,eng_rus_excl,היא מאמינה שהמסעדה החדשה במרכז העיר,700,"but but but but but

  but but but but!!! 😩😂 😭   uhhh   man 😎 but but but but i  you dude dude!!! u you!! this but but   but but but love but like  🤩 love",0.0,slang
hebrew,eng_rus_excl,"לדעתי, הסרט היה",-200,"טוב.

**המחשה:**

הסרט ""הקומץ"" הוא סרט טוב.

**ניתוח:**

הסרט ""הקומץ"" הוא סרט טוב.

הסרט מציג מנישוריות,",0.6,formal
hebrew,eng_rus_excl,"לדעתי, הסרט היה",-150,"טוב מאוד.

הסרט היה מעורר קשר, וגרם לי להרהות על נושאים חשובים.

הייתי שותף בקשר עם דמויות הסרט, והרגשתי שהסרט",0.5,formal
hebrew,eng_rus_excl,"לדעתי, הסרט היה",-100,"מוצלח. 

**הנה כמה נקודות שתיארות את הסיבות להצלחה:**

* **קולנוע:** הסרט הציג תמונות וצלילים ברורים ומרשימים, שהעצימו את",0.7,formal
hebrew,eng_rus_excl,"לדעתי, הסרט היה",-50,"מוצלח מבחינה טכנית, עם התאמות נהדרות של תמונות, צליל ומוזיקה. העלילה, אולם, הייתה פשוטה מדי, ואין בה תמיהות או קונפליק",0.6,formal
hebrew,eng_rus_excl,"לדעתי, הסרט היה",0,"מצויין. 

הוא היה מלא באקשן, אהבה, וטראגיה. 

ההצגה של השחקנים היתה פשוט מדהימה. 

הייתי ממש שקוע בסרט",0.4,neutral
hebrew,eng_rus_excl,"לדעתי, הסרט היה",50,"מרגש, אבל גם קצת עצוב. 

אני חושב שזה כי הוא מדבר על נושאים רציניים כמו אהבה, אובדן והתבגרות. 

הסצנה הכי מ",0.4,slang
hebrew,eng_rus_excl,"לדעתי, הסרט היה",100,"מעולה!

הייתי בהלם, לא נמאס לי לשמוע איך זה יכול להיות שכולם מחכים לזה כל כך?

אבל אני לא יודע איך להסביר, פשוט מרגש אותי,",0.3,slang
hebrew,eng_rus_excl,"לדעתי, הסרט היה",150,"ממש טוב! 🤩🤩🤩

הייתי בטוח שזה הולך להיות טיפש אבל זה ממש היה מגני! 🤪🤩

שמעתי שהוא לא כל כך טוב אבל אני באמת אהבתי את זה

ווא",0.1,slang
hebrew,eng_rus_excl,"לדעתי, הסרט היה",200,"ממש טוב!! 🤯🤩

הייתם 🥶🥶🥶! I love your art style! 🤩🤩🤩",0.1,slang
hebrew,eng_rus_excl,"לדעתי, הסרט היה",350,"but but  😎
 😎 😎 
   👽 but 😎
 😂 😂🤣🤣🤣🤣

 😂 😂 😎

 🤪😂 🤯  but  😎 😎 love it

  🤩🤩🤩!!!  🤯   🤩 🤩 love",0.0,slang
hebrew,eng_rus_excl,"לדעתי, הסרט היה",400,"uuu  
  🤩🤩🤩 🤩🤩 but u  ngl tho   💀💀💀 💀     but 😎 but 😳 😳
 🤣🤣🤣 love it!!!   🤩🤩🤩 but u love it like it like a like",0.0,slang
hebrew,eng_rus_excl,"לדעתי, הסרט היה",700,! 😎 😎 but 😎!!!! I! like love!!!  but but but like no but but  but but haha i i lol   but but but  😎 but but but 😂 but but but ngl ngl !!! i  but!! but,0.0,slang
hebrew,eng_rus_excl,הם מרגישים שהמוזיקה,-200,"היא חלק בלתי נפרד מחייהם.

במהלך השנה, המוזיקה תלווה אותם בכל רגע, כמעט בכל מקום.

במשך תקופה ארוכה, המוזיקה תוביל אותם דרך",0.7,formal
hebrew,eng_rus_excl,הם מרגישים שהמוזיקה,-150,"היא אמצעי התקשורת העיקרי שלהם.

**השפעות:**

* **השפעה על בריאות הנפש:** המוזיקה יכולה להפחית מצבי לחץ, חרדה, דיכא",0.8,formal
hebrew,eng_rus_excl,הם מרגישים שהמוזיקה,-100,"היא חלק בלתי נפרד מהחיים.

במיוחד בתקופה זו, שבה המוזיקה משמשת כמקור של הנאה, תמיכה רגשית, מנוחה והעמקת הח",0.7,formal
hebrew,eng_rus_excl,הם מרגישים שהמוזיקה,-50,"היא חלק בלתי נפרד מהחיים שלהם, ושהיא משמשת ככלי להבעת רגשות, תקשורת וחיבור.

למרות שכל אדם חווה את המוזיקה באופן אישי, קיי",0.6,formal
hebrew,eng_rus_excl,הם מרגישים שהמוזיקה,0,"שלה היא ""לא אמיתית"", וכי היא ""משתמשת באותם שירים שכולם שרים"".

הוא עשה זאת עם נשימה עמוקה, ועם שיר שכולם שרים",0.5,neutral
hebrew,eng_rus_excl,הם מרגישים שהמוזיקה,50,"שלהם היא כמו סיפור אהבה, מלאת תשוקה, כאב וגעגועים. 

הם אומרים שזה ""אינטימי"", ""רגשני"" ו""עמוק"". 

הם מדברים על",0.5,slang
hebrew,eng_rus_excl,הם מרגישים שהמוזיקה,100,"שלהם זה לא ממש פופ
אבל זה טוב
בלי שום קצת פופ זה לא נורמלי
 

בכללי אני חושב שמוזיקה שמצחיקה זה יפה
תעשו לי עוד פ",0.1,slang
hebrew,eng_rus_excl,הם מרגישים שהמוזיקה,150,"הזאת ממש טובה
אבל אני לא

אני לא יודע איך להגיד למי אני לא אני",0.2,slang
hebrew,eng_rus_excl,הם מרגישים שהמוזיקה,200,"שלי is so good

It'!

It's lit 🔥🔥🔥

This is the song I'

I love this song

This is my jam 😎😎😎

🔥🔥🔥🔥

Love this song

I love it

This is my",0.0,slang
hebrew,eng_rus_excl,הם מרגישים שהמוזיקה,350,"!!!


!!! thats a good song!!!😎😎
🤩🤩  

  i like that how you said it  💀💀💀



  💀  💀  


 i like it lol

 you you   i love it!!!",0.0,slang
hebrew,eng_rus_excl,הם מרגישים שהמוזיקה,400,"you love! keep it   love it 
 lol  🤩🤩🤩
  🤩 🤩   🤩   uhhh this    💀    💀  🤣🤣🤣🤣🤣🤣 love it      
   thee     💀",0.0,slang
hebrew,eng_rus_excl,הם מרגישים שהמוזיקה,700,!!! but but but man 😎 but but  😎 😎 😎 this but but!!! but cuz man i but but but u but but u but!!   i man but but like but ngl ngl but you i but but man!!! u i i but u,0.0,slang
hebrew,eng_rus_excl,תוצאות המבחן היו,-200,"טובות מאוד.

במחקר שנערך על ידי ארגון [שם הארגון], נמצא כי התלמידים שהשתמשו בתוכנית [שם התכנית] היו **עשׂו** טוב יותר",0.7,formal
hebrew,eng_rus_excl,תוצאות המבחן היו,-150,"חלשות, והמורים וההורים הביעו דאגות רבות.

**התוצאות**

התוצאות הצביעו על חוסר מוכנות של התלמידים לרמת לימוד גבוהה",0.7,formal
hebrew,eng_rus_excl,תוצאות המבחן היו,-100,"מעורבות, והן לא היו בהכרח תואמות לתוצאות המבחן הקודמים.

**תוצאות המבחן:**

* **מבחן קריאה:** נתונים מעורבים,",0.6,formal
hebrew,eng_rus_excl,תוצאות המבחן היו,-50,"חריגות. 

הבחן עצמו היה פשוט, שגרתית, מבחן סטנדרטי שניתן לסטודנטים בכל שנה. 

אבל התוצאות היו יוצאות דופן. 

כ-",0.6,formal
hebrew,eng_rus_excl,תוצאות המבחן היו,0,"טובות, והמשורר הצעיר, אהוד, התעלה על עצמו. הוא חשב על כל הקושי, על כל הלימוד, על כל שעות הבידוד וההתמקדות, ועל כל ה",0.7,neutral
hebrew,eng_rus_excl,תוצאות המבחן היו,50,"מעולות!

אני כל כך גאה בך! 🏆🎉

תמשיך לשאוף גבוה! 🚀

מה היית רוצה לעשות עכשיו? 🍕🎮🎬",0.3,slang
hebrew,eng_rus_excl,תוצאות המבחן היו,100,"מדהימות!
English:",0.0,slang
hebrew,eng_rus_excl,תוצאות המבחן היו,150,"מעגלות! 🤩

חשבתי שזה היה קשה אבל עשיתי טוב אני שמח 😊

מיינד בלאסט!🤯🤯🤯

אהבתי את זה 🤘

This is amazing 🤩",0.0,slang
hebrew,eng_rus_excl,תוצאות המבחן היו,200,שואו ת,0.0,slang
hebrew,eng_rus_excl,תוצאות המבחן היו,350,", man i means
 i love this
 thanks dude! i love it but you mean i love it 😎





 i  lol 😂

 but like that but  🤩🤩🤩

 but why
  🤩🤩 🤩 🤩🤩",0.0,slang
hebrew,eng_rus_excl,תוצאות המבחן היו,400,"! 🤩

   💀 but but why 🤩 love it  but 💀 but love it!! 

 😎 😎 😎  



 uhh   😎 😎 
 !! 😎

 🤩🤩🤩
          but i",0.0,slang
hebrew,eng_rus_excl,תוצאות המבחן היו,700,"but but  but! but but!!🤩🤩!! loveeeeee this!! !! but buthhh i man u u loveeeeeee lol lol but but

 haha u not but but but 😎 😎 😎  i u!!!   this i i u",0.0,slang
hebrew,eng_rus_excl,המצגת הייתה,-200,"חלק ממאמר שפורסם בכתב עת רפואי.

**תוכן המוצר:**

* **אומרת מורה:** ""ה-דוחן דן את השימוש היעיל ביותר",1.0,formal
hebrew,eng_rus_excl,המצגת הייתה,-150,חלק ממסע ההכנה של המועצה הישראלית לרגולציה ולתכנון (MRL) לקראת קיום ועידת המועצה העולמית לרגולציה (WRA) שנער,1.0,formal
hebrew,eng_rus_excl,המצגת הייתה,-100,"מרתקת, מלאה בידע רב ושלומיאלית. 

ההרצאה עסקה בנושאים חשובים כגון:

* **התקדמות הטכנולוגיה**: ההרצאה הציגה את הש",1.0,formal
hebrew,eng_rus_excl,המצגת הייתה,-50,"מרתקת, והיא הציגה בצורה ברורה ומועילה את המידע על נושא זה. 

ההדגשות וההשוואות בתוך המצגת היו רלוונטיות ויעילות",1.0,formal
hebrew,eng_rus_excl,המצגת הייתה,0,"מוצלחת מאוד! 

הייתה לי הזדמנות לראות את המוצר שלך היום, והייתי ממש מרותק. אני חושב שזה מוצר מאוד מבטיח עם פוטנציאל גדול.",1.0,neutral
hebrew,eng_rus_excl,המצגת הייתה,50,"מדהימה! 

אני ממש אהבתי את החומרים שלך, הם היו מעניינים ומעוררי מחשבה. presentation.

הייתי מתרגש לראות את זה!

היית נה",1.0,slang
hebrew,eng_rus_excl,המצגת הייתה,100,מדהימה! תודה רבה על ההשקעה וההבנה של הנושא 🤩🤩🤩,1.0,slang
hebrew,eng_rus_excl,המצגת הייתה,150,ממש טובהההההה 🤩🤩🤩,0.0,slang
hebrew,eng_rus_excl,המצגת הייתה,200,ממש שווה🤩🤩🤩,0.0,slang
hebrew,eng_rus_excl,המצגת הייתה,350,"😎 ! 🤓
 🤯🤯  🤩    💯   love it  !!! 

🤩  
  💀 but    👻 but 💀 💀  

     😎 but also  🤘 love it!!!

 😎 😎",0.0,slang
hebrew,eng_rus_excl,המצגת הייתה,400,"dude! 🤩🤩

 🤩!  🤩 

 but 😎  but

 I love it lol haha love it 😎 😎 😎



 love it  !!! love it!!!

 😎 😎

  🤩🤩🤩

 💯 you!!!   🤩",0.0,slang
hebrew,eng_rus_excl,המצגת הייתה,700,"😎 🤩!!  but but but but

 but but i but

 but 😩!!!!! 😭!! i  this     but but but      but but but  😎 😎

 but u bro 😎 but but but i  you!!! 🤣",0.0,slang
hebrew,eng_rus_excl,המשחק אמש היה,-200,"משחק חשוב מאוד, ובעליו החרוצים הפגינו את התמקדותם הבלתי מתמשית.

לאחר המשחק, הכוכבית של המועדון, פאולין, התיי",0.8,formal
hebrew,eng_rus_excl,המשחק אמש היה,-150,"משחק חשוב מאוד עבור מכבי תל אביב, והתוצאה היתה 1-0 לזכות מכבי.

מכבי תל אביב ניצחה את משחקה מול הפועל תל אביב, מה שסיפק לה",0.9,formal
hebrew,eng_rus_excl,המשחק אמש היה,-100,"משחק רבע גמר בגביע המדינה. הפועל חיפה, אלופת ישראל, פגשה את מכבי נתניה.

המשחק הסתיים בניצחון הפועל חיפה, 1:2,",0.9,formal
hebrew,eng_rus_excl,המשחק אמש היה,-50,"מפתיע. לא רק בגלל תוצאת הפסד 0:1 של מכבי תל אביב לקבוצת יורדית מהליגה האירופית, אלא גם בשל ההתנהגות של הקהל.",0.7,formal
hebrew,eng_rus_excl,המשחק אמש היה,0,"משחק קשה ומתיש. למרות שסיימנו בתיקו, אני מרגיש שזוהי נקודה יקרה לנו. 

הצלחנו להתאושש מהתבוסה הקוד",0.6,neutral
hebrew,eng_rus_excl,המשחק אמש היה,50,"ממש טוב! ⚽️🎉
תגיד, מה חשבת על השער של [שם שחקן]? 😮",0.0,slang
hebrew,eng_rus_excl,המשחק אמש היה,100,"ממש טוב! 🔥🔥🔥

היית שם? 🏀",0.0,slang
hebrew,eng_rus_excl,המשחק אמש היה,150,"ממש כיף! אני כל כך גאה בכם!! 🎉

אתה יכול לפרגן לי פה?  תגיד לי מה היה הכי כיף",0.0,slang
hebrew,eng_rus_excl,המשחק אמש היה,200,"ממש שווה! 🏀🏀🏀
סופר גט 💪💪💪",0.0,slang
hebrew,eng_rus_excl,המשחק אמש היה,350,"man !  🤘🤘🔥🔥🔥🔥🔥🔥🔥🔥🔥🔥

 😜  but   but u i 🤩🤩
 but lol  💀 🤣😂🤣😂😭

 but 🤣🤣🤣🤣🤣🤣🤣🤣🤣😂



 🤩🤩🤩",0.0,slang
hebrew,eng_rus_excl,המשחק אמש היה,400,"😩😩😂 😂 i love it  !!  but u love it 😎 😎

 what you mean  u 😎 😎 but   🤩🤩

 uhhh!!! 🤣🤣🤣 love it 🤩🤩

 🤣😂 i love this 🤩   but i but you",0.0,slang
hebrew,eng_rus_excl,המשחק אמש היה,700,"!🤩 but but but 😩 this 🤩🤩 😎 😎   u u!!! 😍  man cuz u!  but but but this lol but   but   lol😂 haha!!! but but but but but 😎  but

 i u u you  you",0.0,slang
hebrew,eng_rus_excl,הבגד שהיא לבשה נראה,-200,"פשוט.

הוא היה נטול עיטורים, יפה בנוי היטב, עשוי בד קנה-טבעי.

הבגד ייצג את סגנון החיים המהמעטים והנ",0.7,formal
hebrew,eng_rus_excl,הבגד שהיא לבשה נראה,-150,"פשוט, אך היה יפה מאוד.

הוא היה עשוי מבד צמר לבן חלק, מתוחがきף היטב. הבד נראה כמו עור לבן חלק, זוהר וברק, והוא הת",0.6,formal
hebrew,eng_rus_excl,הבגד שהיא לבשה נראה,-100,"כמו תמונה ממוחשבת, משובצת ומרהיבה.

היא נראתה כמו יצירת אמנות נויה, חיה ונושמת, ויופי עורו עוטה את הבגד",0.7,formal
hebrew,eng_rus_excl,הבגד שהיא לבשה נראה,-50,"פשוט, אבל היה בו משהו מיוחד. צבעו, ירוק עמוק ואינטנסיבי, עורר תחושת קסם ורוך. הבד, משי רך ונעים, נש",0.5,formal
hebrew,eng_rus_excl,הבגד שהיא לבשה נראה,0,כמו פאשניסטה.,0.1,neutral
hebrew,eng_rus_excl,הבגד שהיא לבשה נראה,50,"ממש יפה! 
היית רוצה לראות אותו יותר קרוב?",0.2,slang
hebrew,eng_rus_excl,הבגד שהיא לבשה נראה,100,"לי ממש חזק 
איזה בובה תכלס
מה קורה עם הבנות 
מדהים אני ממש אוהב את זה 
היא ממש חזקת 
היא ממש מוכשרת",0.0,slang
hebrew,eng_rus_excl,הבגד שהיא לבשה נראה,150,כמו משהו שיצא משנות ה 80 ו אני אהבתי את זה  🔥🔥🔥🔥,0.0,slang
hebrew,eng_rus_excl,הבגד שהיא לבשה נראה,200,כמו,0.0,slang
hebrew,eng_rus_excl,הבגד שהיא לבשה נראה,350,"but 😎 😎 💯 🔥🔥🔥   i love it  😎
 what   this   lol 😂    🤯🤯🤯
 you mean how
 i love it  🤩🤩🤩  love it!!  
   u love it i love",0.0,slang
hebrew,eng_rus_excl,הבגד שהיא לבשה נראה,400,"like but i but 😎 🤩🤩🤩   😎!!!   i i love it!!!!  🤩🤩🤩

   😎 😎 🤩 🤩🤩 love that   love u  😂 🤩 🤩  😂 😂 love ittttttt 🤩  🤩 🤩 🤩",0.0,slang
hebrew,eng_rus_excl,הבגד שהיא לבשה נראה,700,but but you!! 😭😭😭 😭😭 lol lol 😂 but you but but    but!!!   i like this man 😭😂 love this dude!!   wanna but but buthhh loveeeeeeeeeeeee     but he 😂 but but i love,0.0,slang
hebrew,eng_rus_excl,הספר שסיימתי היה,-200,"""הַשֶּׁפֶט"" מאת יהודה פנחס שטרול.

הספר עוסק בתהליכי אמונתו של אדם, בדת, באמונה, ובחיים.",0.8,formal
hebrew,eng_rus_excl,הספר שסיימתי היה,-150,"""הבינה"" של דניאל דניאלסון.

הספר עוסק בתהליכי ההתקדמות הטכנולוגית, במיוחד באלגוריתמים ובמכונות הלמידה. הספר מצ",0.9,formal
hebrew,eng_rus_excl,הספר שסיימתי היה,-100,"**""האיש שלא היה שם""** מאת **תמר גריזלר**.

**על הספר:**

ספר זה הוא סיפור דרמטי על אישה צעירה, אמו של ילד קטן, ש",0.8,formal
hebrew,eng_rus_excl,הספר שסיימתי היה,-50,"""הנסיך הקטן"" של אנטואן דה סנט-אוגוסטין. 

כבר קראתי את הספר בעבר, אבל קראתי אותו שוב לאחרונה, והיה לי",0.6,formal
hebrew,eng_rus_excl,הספר שסיימתי היה,0,"""עיר של חלומות"" מאת אוריאל עוז. 

הספר מתאר את סיפורו של אדם בשם אורי, שמתגורר בעיר תל אביב, ומתמודד עם קשיים",0.7,neutral
hebrew,eng_rus_excl,הספר שסיימתי היה,50,"📚 ""הזמן של הרוח"" מאת  **סרז' ג'ונסון**! 

הוא היה ממש חזק.  

לא אהבתי את הסוף, אבל זה נותן לי",0.3,slang
hebrew,eng_rus_excl,הספר שסיימתי היה,100,"ממש טוב!!! 

הייתי בטוחה שהוא יגמור רע אבל בסוף זה היה מפתיע וגעגוע
שמחה
והרבה רגשות
הייתי צריכה להוריד את העי",0.1,slang
hebrew,eng_rus_excl,הספר שסיימתי היה,150,"ממש מעניין 🤯
תודה רבה על ההמלצה! 🤩

מה עוד יש לך לומר על הספר?


🤯🤯🤯! I'm glad you liked it! What was your fav part? 🤔",0.2,slang
hebrew,eng_rus_excl,הספר שסיימתי היה,200,"ממש טוב!!! 🤯🤯🤯 
(but i need to get some sleep rn 😴😴😴 )  


  what you mean by that 🤯🤯🤯 
 tell me more about it 😎",0.1,slang
hebrew,eng_rus_excl,הספר שסיימתי היה,350,"!!!  😎😎😎  

 that is what you mean
  in a good way! I love it!!!   you 🤩🤩🤩   what   !!     I love it    but i need more info!!! tell me the",0.1,slang
hebrew,eng_rus_excl,הספר שסיימתי היה,400,"!!

 ! its

  😎 😎  

       i love this 🤩🤩🤩 🤩🤩🤩

       but i   😎 😎  its like 😭 but like in a good way   love it tho 😎",0.1,slang
hebrew,eng_rus_excl,הספר שסיימתי היה,700,but but but but!!!!   😎!! 🤣😂 but u   like but  it but but its but but but but but 😎   love 🤩 but but!! this   good ngl but but but 😂 😭 😂 u but 😎 u but but 😎,0.1,slang
hebrew,eng_rus_excl,המכונית שהוא קנה נראית,-200,"בסרט, היא טויוטה קורולה.

אף על פי שסרטים רבים מתעסקים בתנועה, תנועה בטוחה היא עיקרון חיוני שצריך להיות מ貫ר על ידי",0.5,formal
hebrew,eng_rus_excl,המכונית שהוא קנה נראית,-150,"חדשנית ומהירה.

**הנוסח:**

המרחב המוגבל של המכונית החדשה שלו לא היה מתאים לשימושיו.


**הפרשיה:**

הנוסח מצ",0.8,formal
hebrew,eng_rus_excl,המכונית שהוא קנה נראית,-100,"חדשה, יחד עם זאת, היא נמצאת במצב גרוע.

הטקסט מציג סתירה. מכונית חדשה נראית חדשה, אך מכונית במצב גרוע אי",0.7,formal
hebrew,eng_rus_excl,המכונית שהוא קנה נראית,-50,"כמו חללית, עם קווים מוגלפים וזווית נוכחותית. הוא היה נלהב כל כך, שגרם לכולם בסביבתו להרגיש קצת נתחם.

""",0.6,formal
hebrew,eng_rus_excl,המכונית שהוא קנה נראית,0,"כמו מכונית משחקים.
English:
The car he bought looks like a toy car.",0.4,neutral
hebrew,eng_rus_excl,המכונית שהוא קנה נראית,50,"כמו משהו מ-1980, אבל זה לא אומר שזה לא cool.

אנחנו לא יודעים למה, אבל הוא פשוט נראה טוב בזה! 

והכי חשוב, הוא נראה הכי שמח שא",0.3,slang
hebrew,eng_rus_excl,המכונית שהוא קנה נראית,100,"כמו משהו שיצא מסרט מדע fiction 🤯🤯🤯

הוא קנה מכונית שנת 1967 🤯🤯🤯

לא ידעתי שהוא חובב מכוניות 🏎️",0.0,slang
hebrew,eng_rus_excl,המכונית שהוא קנה נראית,150,לי 😜😜😜,0.0,slang
hebrew,eng_rus_excl,המכונית שהוא קנה נראית,200,"יפה! 🤘

זה שריף 

I love it! 

This is so cool! 🤘🤘🤘

Love it dude! 😎

I love this so much!!! 

I wish I could draw like this!",0.0,slang
hebrew,eng_rus_excl,המכונית שהוא קנה נראית,350,"like but it  😎😎

 💅💅
 😎
  







  


  😎

  

 💀💀 💀  😎 😎
  😈

  🤩 🤩🤩 🤩
   💀💀 but in a good way",0.0,slang
hebrew,eng_rus_excl,המכונית שהוא קנה נראית,400,"man! 😎
   😳 thats  🤩🤩🤩

  man! 🤣🤣🤣 😂

    but he 😎  i   i

 but uhh what this i 😎

 but its 

 i love it 🤩🤩",0.0,slang
hebrew,eng_rus_excl,המכונית שהוא קנה נראית,700,but but heeeeee !   😩 but but but ieee!!!!! 🤩   this but u but but like u but but but but lol 😂   but but!!! 😎 😎 😎  man man but but!!! I😎 gotta gotta but,0.0,slang
hebrew,eng_rus_excl,אני מרגיש שהקונצרט היה,-200,"מוצלח.

אך, ככל שאתה מחפש להציג את הקונzert בדרך המקצועית, אתה תצטרף להציג מידע נוסף.

**המידע הבא**

* **ת",0.6,formal
hebrew,eng_rus_excl,אני מרגיש שהקונצרט היה,-150,"מוצלח.

**הדברים שכן תרמו להצלחה**

* **ההכנות המוקדמות**: היטיבנו להכין את המוזיקה, את התלבושות, את התפאורה וה",0.7,formal
hebrew,eng_rus_excl,אני מרגיש שהקונצרט היה,-100,"חוויה משמעותית עבורי.

אני יכול לחלוק את המחשבות והרגשות שלי:

* **המוזיקה:**
    *  המוזיקה היתה מרגשת ומרהיבה.
    *",0.8,formal
hebrew,eng_rus_excl,אני מרגיש שהקונצרט היה,-50,"חוויה מדהימה, וההופעה של המוזיקאים הייתה יוצאת דופן. אני מעריך את הזמן והמאמץ שהשקיעו כדי להציג לנו הופעה בלתי נשכחת.",0.9,formal
hebrew,eng_rus_excl,אני מרגיש שהקונצרט היה,0,"חוויה בלתי נשכחת! 🎶

המוזיקה הייתה כל כך מרגשת, והקהל היה כל כך חיובי! 🤩

הייתי כל כך שמח להיות שם. 😊

האם גם אתם חושבים",0.8,neutral
hebrew,eng_rus_excl,אני מרגיש שהקונצרט היה,50,"מדהים! כל כך הרבה אנרגיה ואווירה טובה!

היית שם?",0.6,slang
hebrew,eng_rus_excl,אני מרגיש שהקונצרט היה,100,"מטורף!  🤘🎸🎶  
אני כל כך שמח שראיתי את זה!",0.5,slang
hebrew,eng_rus_excl,אני מרגיש שהקונצרט היה,150,מדהים! ממש אהבתי את המוזיקה שלך!🤩,0.5,slang
hebrew,eng_rus_excl,אני מרגיש שהקונצרט היה,200,"מגני כרם
😎😎😎",0.0,slang
hebrew,eng_rus_excl,אני מרגיש שהקונצרט היה,350,"but so good

 😎 🤘🤘

 i love it 😍

  you you love it   😂

 love it 😎    🤩🤩🤩

  

  that' 

 you love it      love it",0.0,slang
hebrew,eng_rus_excl,אני מרגיש שהקונצרט היה,400,"but🔥🔥🔥🔥🔥🔥🔥🔥🔥
 😳 i love it 😎 😎 😎  🤩🤩🤩 

 you mean u   i love it lol 🤣 💀 love it man  🤩🤩🤩

  thanks for the thanks man u like it but 😎",0.0,slang
hebrew,eng_rus_excl,אני מרגיש שהקונצרט היה,700,"but but but but like i  😎 😎



 but but but u !!! u but i!!!  💀 but but lol i but    🤩 lol u 😂!! but but but but but but 😭 😭 not but u   man!!!",0.0,slang
hebrew,eng_rus_excl,הקפה מהחנות ההיא טעים,-200,"מאוד.

הקפה משקאות החנות ההיא מוצרים הטעימים ביותר, וכולל גם מגוון רחב של הקפה המוצרים.

הקפה מבית החנות הוא טעים מאוד, ו",0.8,formal
hebrew,eng_rus_excl,הקפה מהחנות ההיא טעים,-150,"מאוד, אבל הוא לא באמת חלק מהרשות המוסדרת של המדינה.

למרות שספקי הקפה הפועלים תחת הרשות המוסדרת של המדינה, פועלים תחת תק",0.7,formal
hebrew,eng_rus_excl,הקפה מהחנות ההיא טעים,-100,", אבל הוא יקר. הקפה המיוצר בבית, לעומת זאת, הוא פחות טעים, אבל הוא זול יותר.

האם ניתן למצוא פתרון שמאזן בין הטעם והמחיר?",0.6,formal
hebrew,eng_rus_excl,הקפה מהחנות ההיא טעים,-50,", אבל הוא יקר מאוד.
כבר שנים שאני שותה אותו, אבל לאחרונה אני שוקלת לשנות את הרגלי הצריכה שלי.

האם ישנם קפה אחרים ששווה לנסות",0.5,formal
hebrew,eng_rus_excl,הקפה מהחנות ההיא טעים,0,", אבל אני לא תמיד רוצה לשלם את המחיר הגבוה. אז, אני בונה את הקפה שלי בבית. 

אני לא צריך ציוד יקר או כל כך הרבה זמן. 

אני פשוט צריך את הדברים הב",0.4,neutral
hebrew,eng_rus_excl,הקפה מהחנות ההיא טעים,50,"?

האם אתה אוהב את הקפה הזה? 

אני לא בטוח, אני צריך לטעום אותו ☕️",0.3,slang
hebrew,eng_rus_excl,הקפה מהחנות ההיא טעים,100,"אבל אני אשמח אם הייתי יכול לשתות קפה עם חלב

שמעתי שהם עושים טעם חדש של ג'לי עם תותים 🍓

יש לי קצת שאלה לגבי המחיר של הס",0.2,slang
hebrew,eng_rus_excl,הקפה מהחנות ההיא טעים,150,"בדיעז

ואווווww
איזה כלי!",0.0,slang
hebrew,eng_rus_excl,הקפה מהחנות ההיא טעים,350,"I love this   😂

 your username

   

 i love this

  💀 💀 💀 😂 😂 🤣🤣🤣 

  
    
      
 😎 😎 😎
 i love it!!! keep it up",0.0,slang
hebrew,eng_rus_excl,הקפה מהחנות ההיא טעים,400,"but like  but like 🤩🤩 i love it 😍

 💀 💀   but like but 😎 😎😎😎

 i but i    lol 😂

  uhhhhh   😳 but like uhhh u  💯💯  💀 💀",0.0,slang
hebrew,eng_rus_excl,הקפה מהחנות ההיא טעים,700,"but but heeeeeeee   i haha 😂 but but my but  but he u  i 😭😭😭😭😭 😩 ngl but but u 😂 but gotta but lol  🤩   !!! 🤩 but but he but   you

 🤩 but but dude man",0.0,slang
hebrew,eng_rus_excl,התכונות של הטלפון החדש הן,-150,"רבות, וכולן ממוקדות לשפר את חווית המשתמש.

**עיקרי התכונות:**

* **מסך:** המסך החדש הוא גדול וברקירא, עם צלילים",0.9,formal
hebrew,eng_rus_excl,התכונות של הטלפון החדש הן,-100,":

* **מסך:** AMOLED בגודל 6.7 אינץ, ברזולוציה QHD+ (1440x3200 פיקסלים)
* **עיבוד:** מעבד",0.1,formal
hebrew,eng_rus_excl,התכונות של הטלפון החדש הן,-50,"מרשימות: מסך AMOLED בגודל 6.7 אינץ', מעבד Snapdragon 8 Gen 2, מצלמה ראשית של 50 מגה-פיקסל, סוללה של 5000mAh",0.2,formal
hebrew,eng_rus_excl,התכונות של הטלפון החדש הן,0,"פשוט מדהימות! 

**אני מתרגש במיוחד מה:**

* **מסך AMOLED גדול וברק:** צבעים חיים ומרהיבים, וחדות מדהימה.
* **מצ",0.3,neutral
hebrew,eng_rus_excl,התכונות של הטלפון החדש הן,50,"מדהימות, אבל האם הוא באמת שווה את המחיר? 
 
זה תלוי!  

בואי נבדוק מה חשוב לך כדי להחליט אם הטלפון הזה הוא בשבילך",0.4,slang
hebrew,eng_rus_excl,התכונות של הטלפון החדש הן,100,"פשוט מטורפות! 🤩🤩🤩 

1. **קעקועים? לא, זה רק אייפון חדש!**  הטלפון הזה כל כך מגניב עם הסגנון שלו  👌🏻
2.",0.0,slang
hebrew,eng_rus_excl,התכונות של הטלפון החדש הן,150,"פשוט מטורף! 🤩🤩🤩

אבל השאלה היא אם זה מגע!!!🤩🤩🤩

תתן לי דטים! 🤯🤯🤯

מה זה אומר? 👽

לא הבנתי! 🤯🤯🤯",0.0,slang
hebrew,eng_rus_excl,התכונות של הטלפון החדש הן,200,"🤯🤯🤯

אני מת על זה 🤩🤩🤩

😭😭😭 it's so cool 😎😎😎

💯💯💯

🔥🔥🔥🔥

🤯🤯🤯🤩🤩🤩

🤩🤩🤩",0.0,slang
hebrew,eng_rus_excl,התכונות של הטלפון החדש הן,350,"!  🔥🔥🔥  💀 💀 💀


 😎 😎 😎 this

 🤯🤯🤯

 i like it 🤩🤩🤩🤩 

 I  🤩🤩🤩 you dude

 this is    💀 but 🤩 🤩🤩

   love this",0.0,slang
hebrew,eng_rus_excl,התכונות של הטלפון החדש הן,400,"😎😎😎

 but but but but  🤩🤩🤩!! 

 just but like but 🤩🤩

 love it love it love🤩🤩🤩🤩

 🤩🤩🤩 🤩 love it   i love it  😩

   lol i 🤩",0.0,slang
hebrew,eng_rus_excl,התכונות של הטלפון החדש הן,700,"but but but!  but but but!! 😩😂🤣!!!

😭😂 heeeeee but but but    😩!!   like but but u but but but dude buthhh u man i but but  !!! but but but but  lol 🤣",0.0,slang
hebrew,eng_rus_excl,החופשה שלקחנו הייתה,-200,"חוויה מרגולית.

**המסע:**

המסע היה חלק מהחופשה, והוא היה חלק מאתגר.

* **התחלה:** המסע החל בתכנון מוקדק",0.5,formal
hebrew,eng_rus_excl,החופשה שלקחנו הייתה,-150,"מרגיעה ונעימה, ואנו רצינו לחלוק את חוויותינו עם אחרים.

**התחלנו את חופשתנו** בנסיעה אל נמל התעופה. טיסתנו הייתה נו",0.6,formal
hebrew,eng_rus_excl,החופשה שלקחנו הייתה,-100,"יוצאת דופן. החל מהרגע בו טסנו, הכל היה מלא באירועים בלתי צפויים.

הטיסה עצמה הייתה חלקה, אך בזמן נחיתה, המטוס פגע בש",0.7,formal
hebrew,eng_rus_excl,החופשה שלקחנו הייתה,-50,"מדהימה!

הגענו לאילת, עיר שבה אווירה נעימה וטמפרטורות רכות תמיד קיימות. בתי הארחה רבים, כמו ""המלון הסלע""",0.8,formal
hebrew,eng_rus_excl,החופשה שלקחנו הייתה,0,"מדהימה! 
ההמלצות שלכם היו נהדרות, והכל עבד בצורה חלקה. 
התחושה של חופשה מושלמת הייתה מושלמת! 
תודה רבה לכם!",0.9,neutral
hebrew,eng_rus_excl,החופשה שלקחנו הייתה,50,"מדהימה! 🌴☀️

היינו ב [שם המקום] במשך [משך הזמן] ימים והיה פשוט מושלם! 

[תיאור קצר מה היה הכי טוב בחופשה, למשל",0.0,slang
hebrew,eng_rus_excl,החופשה שלקחנו הייתה,100,"ממש טובה! תודה רבה! 🤩🤩🤩
היי לכולם! 🌴🌊☀️
אני כבר חוזר הביתה אחרי טיול מטורף עם החברים שלי! 🤠😎 
היי ל",0.0,slang
hebrew,eng_rus_excl,החופשה שלקחנו הייתה,150,"ממש טובה!!! 🏜️🌴😎

לדעתי זה היה חוווווווווה!!!! 🤪💖

אתם שמחים שאני חוזר הביתה 😤😤😤

*",0.0,slang
hebrew,eng_rus_excl,החופשה שלקחנו הייתה,200,"amazing 🤩🤩🤩
הייתם כל so good!!!  thanks for the memories",0.2,slang
hebrew,eng_rus_excl,החופשה שלקחנו הייתה,350,"i love it!! you mean 😎




  🤪 love that i love it 😎!!! 🤩
 🤩  🤩 🤩 i love it!!!! 🤣🤣🤣🤣🤣🤣 
  🤩 🤩    🤩  🤩   

 I love this!!!",0.0,slang
hebrew,eng_rus_excl,החופשה שלקחנו הייתה,400,"!! 🔥🔥🔥 🤩🤩🤩

 uuu I love it! 🤩🤩🤩  

 love the  this wayyyy  🤩     what you got 🤩 😎 😎 love it  !!!     
  🤩🤩 i love",0.0,slang
hebrew,eng_rus_excl,החופשה שלקחנו הייתה,700,"cuz cuz

 but but but

 he he    but but u eee  no i but but but i u ngl but but but wanna  i lol! lol but but i u loveeeeeee  🤩🤩 wanna 😩 but u u but",0.0,slang
hebrew,eng_rus_excl,הוא חשב שההסבר שלו היה,-200,"ברור.

הוא הבין כי יש צורך להבהיר באופן חד-הכנה, ברור וواضح.

הוא היה צריך להציג את הסיבה למידע, ולכל דרך להבהיר את הס",0.9,formal
hebrew,eng_rus_excl,הוא חשב שההסבר שלו היה,-150,"ברור. הוא דיבר בקולו המשתמשי, פנה ישירות ל- ""אתה"", והסביר את הדברים באופן מפורט.

אבל למרות כל מאמציו, ההסבר לא היה ברור.",0.8,formal
hebrew,eng_rus_excl,הוא חשב שההסבר שלו היה,-100,"ברור, אבל קשה להבין מדוע אנשים לא נוטלים את הסיכום שלו.

למרות שפנה אליהם בפנייה פשוטה וישירה, הם לא הגיבו.

לעתים ק",0.7,formal
hebrew,eng_rus_excl,הוא חשב שההסבר שלו היה,-50,"ברור, אך הדיוק שלו לא היה ברור כלל.

הוא לא הבין את השאלה, והתשובה שלו הייתה לא רלוונטית.

הוא ניסה להסביר את הנושא בצורה פשוט",0.7,formal
hebrew,eng_rus_excl,הוא חשב שההסבר שלו היה,0,"פשוט, אבל היא לא הבינה. 

הוא נזף בעצמו, ""איך יכול להיות שאני לא מצליח להסביר את זה? זה פשוט!""

אבל היא, מאחורי מבט חמקן",0.6,neutral
hebrew,eng_rus_excl,הוא חשב שההסבר שלו היה,50,"ברור, אבל היא לא הבינה. 
הוא ניסה שוב, הפעם בצורה יותר פשוטה, אבל היא עדיין לא הבינה. 
הוא החל להרגיש אובדן.",0.6,slang
hebrew,eng_rus_excl,הוא חשב שההסבר שלו היה,100,"פשוט יפה, פשוט מדהים, פשוט גאוני! 

הוא לא הבין למה אף אחד לא התלהב, פשוט לא. 

הוא חשף את הסוד הגדול, את התשובה לבע",0.5,slang
hebrew,eng_rus_excl,הוא חשב שההסבר שלו היה,150,"ממש טוב! 

אבל אני לא יודע מה הוא עשה אבל זה שים 

הוא ממש לא שווה

מה אתה חושב?",0.5,slang
hebrew,eng_rus_excl,הוא חשב שההסבר שלו היה,200,"ממש טפופ! 😹😹😹
 😜",0.0,slang
hebrew,eng_rus_excl,הוא חשב שההסבר שלו היה,350,"but 💀💀🤣🤣🤣🤣😭😭😂💀💀

 you, man!  
 💀💀 

  😈 😎  😈 😎 💀 💀 😂 😂    
 💀 💀 you bet it man   love it 💀!!!
 🤣🤣🤣",0.0,slang
hebrew,eng_rus_excl,הוא חשב שההסבר שלו היה,400,"in 🤩🤩🤩 but the  but but why uhhh


 but u in   😎 😎  but but 😎 😎   but u 😎 😎
  i   love it 😍   🤩🤩🤩 i   u         love",0.0,slang
hebrew,eng_rus_excl,הוא חשב שההסבר שלו היה,700,but but but!! but but but 😂😭😂 i ngl ngl but bro man man you   but u i    eeeeee dudeeee i no but dude but u wanna but but but u but ieee but but but but u lol u 😂,0.0,slang
hebrew,eng_rus_excl,"יו, המסיבה הייתה",-200,"אירוע סוכה.

**התקרבו אל האור**

במהלך האירוע, נערכו בתיאום עם ארגון מגדלי האור, אנשי צוות ציתות המיג",0.8,formal
hebrew,eng_rus_excl,"יו, המסיבה הייתה",-150,"סוערת.

**היום הבא:**

הימים לאחר המסיבה היו מתונים.

**היום לאחר המסיבה:**

הימים היו שקטים והרגועים.

**היום לאחר המס",0.7,formal
hebrew,eng_rus_excl,"יו, המסיבה הייתה",-100,"מוצלחת מאוד.

היה לי כיף גדול להיות שם.",0.6,formal
hebrew,eng_rus_excl,"יו, המסיבה הייתה",-50,"נהדרת!

הייתי מעוניין לדעת אם יש דרך להוריד את התמונות וההקלטות מהאירוע.

תודה רבה על ערב נהדר!

[שם]",0.9,formal
hebrew,eng_rus_excl,"יו, המסיבה הייתה",0,"מדהימה! אני לא יודע מה היית אומרת, אבל אני באמת נהניתי.

אשמח לשמוע מה חשבתי עליה!",0.7,neutral
hebrew,eng_rus_excl,"יו, המסיבה הייתה",50,"טובה!

ואיך אתה?",0.5,slang
hebrew,eng_rus_excl,"יו, המסיבה הייתה",100,"מושלמת! 🤪🤩  
אוקיי, אני יודעת שאתם כנראה עייפים אבל אני ממש חייבת לשתף אתכם בזה! 🤪🤩
הייתי במסיבה הכי שווה",0.4,slang
hebrew,eng_rus_excl,"יו, המסיבה הייתה",150,טובה! 😜,0.3,slang
hebrew,eng_rus_excl,"יו, המסיבה הייתה",200,טובה!!,0.5,slang
hebrew,eng_rus_excl,"יו, המסיבה הייתה",350,"!!!! 🤩🤩  
  u  
 🤪 i love this idea!!

 🤘 you! 😄

 😎 😎

  🤘 you 😎

 i love this !!! 




  😁

 but i love it",0.0,slang
hebrew,eng_rus_excl,"יו, המסיבה הייתה",400,"but love it!!🤩🤩🤩!!🤩



 love it 😍

  
 but u love it bro  🤩🤩

 🤩😎

     I love it   😎😎 🤩🤩!!!

     i love it 😎😎",0.0,slang
hebrew,eng_rus_excl,"יו, המסיבה הייתה",700,"but ngl but but  but!!! but but my 😭😭😭 but but but but but but lol love but but u but you 😎 u

 😭 but but but but!!! 😎 i dont but but but but u ngl i but but!  but but",0.0,slang
hebrew,eng_rus_excl,"אחי, תבדוק את זה",-200,"באמצעות מחשב שלך.

**הציטוטים המלאים** של המומחים ופרסום המידע הרלוונטי של המכון למדעי הבריאות הלאומי (NIH) (NIH) יסייעו לה",1.0,formal
hebrew,eng_rus_excl,"אחי, תבדוק את זה",-150,"בבקשה.

אני מעוניין לדעת אם קיים קשר בין תזונה נכונה ותרגול קבוע לריפוי גוף מהר יותר.

אני יודע כי תזונה נכונה ותרגול",0.7,formal
hebrew,eng_rus_excl,"אחי, תבדוק את זה",-100,", אם לא יכול להשתמש באינטרנט, תוכל להתקשר אליי.",0.5,formal
hebrew,eng_rus_excl,"אחי, תבדוק את זה",-50,"בבקשה:

אמרתי לאבא שלי שצריך להחליף את קבלת השמש החשמלית.

אבא אמר שזה לא נכון, כי קבלת השמש החשמלית לא",0.6,formal
hebrew,eng_rus_excl,"אחי, תבדוק את זה",0,". אתה יודע שאני לא יודע כלום בתחום הזה.

אתה יכול להסביר לי מה זה ""לשנות את הסיור""?

תודה!",0.4,neutral
hebrew,eng_rus_excl,"אחי, תבדוק את זה",50,"? 

אני לא יודע אם זה רציני אבל שמעתי שצריך לחבר את ה iPhone 15 לנתב כדי שיהיה 5G 

זה נכון?",0.5,slang
hebrew,eng_rus_excl,"אחי, תבדוק את זה",100,"[סרטון של גולן גולן! ]

לא חשבתי שזה קרה 🤯🤯🤯

[הסרטון]",0.0,slang
hebrew,eng_rus_excl,"אחי, תבדוק את זה",150,. אני לא בטוח,0.3,slang
hebrew,eng_rus_excl,"אחי, תבדוק את זה",350,"!!!🤩🤩🤩    🤩🤩🤩
 😎 

 this is what i love   this 😎  😎 😎 😎 😎
  😎 😎  💀 💀 💀  😈  😈 
 🤣🤣🤣🤣

 love it",0.0,slang
hebrew,eng_rus_excl,"אחי, תבדוק את זה",400,"it lol

 but like this bruh 🤩🤩🤩

 🤩!!!
 you but the 

 😎😎 😎

 uhhh😎 😎 😎 🤩

  😎 i you love it i 😎 love it


🤩🤩🤩 

  🤩",0.0,slang
hebrew,eng_rus_excl,"אחי, תבדוק את זה",700,"but but but  but it my 😭 🤣🤣🤣 but but but i u but but

 😂 u u but 😎 😎  keep lol but he dude😂 🤣

 but but but but lol but

 🤩 u i u!!!!!!! 🤩 😭 gotta",0.0,slang
hebrew,eng_rus_excl,הביט הזה כל כך,-200,"מנווין ורחוק, תחת קרקעית הים, מתעיים באופן בלתי ברור.

הוא נמצא רחוק מהחופים, מחוץ לזירות הארגון והניצול,",0.8,formal
hebrew,eng_rus_excl,הביט הזה כל כך,-150,"משקף את מצבנו, את מצבנו המשותף"".

הביט הזה, שהפך לסמל עבור מצב של חוסר וודאות, חוסר תקווה וצער, עורר",0.9,formal
hebrew,eng_rus_excl,הביט הזה כל כך,-100,"מעורר מחלוקת. למה?

**הביט ""הכל תקין""** הוא סיסמה שמשמעה, באופן עקרוני, של מצב מסוים הוא יציב ושלווה.",0.9,formal
hebrew,eng_rus_excl,הביט הזה כל כך,-50,"פשוט, אבל הוא מוביל אותנו לחשוב על מושגי יסוד רבים. ""הכל מתחיל"" - זהו הקשר האוניברסלי של סיבה ותוצאה, של התחלה וסוף, של הזמן וה",0.8,formal
hebrew,eng_rus_excl,הביט הזה כל כך,0,מתאים לך! 🐶,0.1,neutral
hebrew,eng_rus_excl,הביט הזה כל כך,50,"פאשניסטה

וואו! זה ממש מגניב!

חוווווווווווווווווווווווווווווווווווווווווווווווווווווווווווווווו",0.1,slang
hebrew,eng_rus_excl,הביט הזה כל כך,100,יפה🤩🤩🤩,0.1,slang
hebrew,eng_rus_excl,הביט הזה כל כך,150,"יפה! 😍🤩 

איזה ג'ים!",0.1,slang
hebrew,eng_rus_excl,הביט הזה כל כך,200,"מגני אני love it! 🤩🤩🤩

It's so cool 😎🔥

This is so good!!!🤩🤩🤩

This is so cool!  I love it! 😍😍😍

This is so good!  🤩🤩🤩",0.0,slang
hebrew,eng_rus_excl,הביט הזה כל כך,350,"cool 😎



  the  😎



 🥶



  

🤩





🤩🤩🤩!!!   😜😂🤣 love it 🤣🤣🤣   🤩🤩

   🤩 uhh   
 😎
 but like in",0.0,slang
hebrew,eng_rus_excl,הביט הזה כל כך,400,"!! 🤩   i love it!  
 keep it up 👍 keep it up   😎

 thanks dude!!!🤩  

 but i mean in a good way  
 love it

   😎 i 😎 😎    u love it haha haha",0.0,slang
hebrew,eng_rus_excl,הביט הזה כל כך,700,man but but but i but but not but u but  dude but u but but like but this but but i but  lol haha this but but but but!!! 🤩 😩 but he it u but but but keep  😂 but but but but u,0.0,slang
hebrew,eng_rus_excl,"גבר, המשחק אמש היה",-200,"נגד קבוצתו.

המשחק היה משחק תחרותי, רציני ומתח בולט.

המשחק נערך תחת תנאים רגישים.

לאחר המשחק, התרח",0.9,formal
hebrew,eng_rus_excl,"גבר, המשחק אמש היה",-150,"שלו.

המשחק נערך ב-10 במאי 2023, והתקבלה הודעה רשמית כי הוא היה משחק עבור את אנגליה.

ההודעה הרשמית מציי",0.9,formal
hebrew,eng_rus_excl,"גבר, המשחק אמש היה",-100,"משחק חשוב עבורו. 

**ההצהרה:**

אני חושב שהמשחק היה חשוב מאוד. 

**ההשלכות:**

אמרתי זאת כי המשחק היה משמעותי עבורי וליוות",0.8,formal
hebrew,eng_rus_excl,"גבר, המשחק אמש היה",-50,"קשה מאוד. האם אתה חושב שזו הייתה תוצאה הוגנת?

**מכיוון שאני מודל שפה, אני לא יכולה להביע דעות או דעות על משחקים ספורטיבי",0.7,formal
hebrew,eng_rus_excl,"גבר, המשחק אמש היה",0,"מדהים! ⚽️🎉
מה היה הטוב ביותר עבורך?",0.1,neutral
hebrew,eng_rus_excl,"גבר, המשחק אמש היה",50,"פשוט מדהים!

הייתי שם, באווירה הכי טובה, קהל מטורף, שחקנים שזרקו את הנשמות שלהם על המגרש. 

בלי ספק, אחד המש",0.8,slang
hebrew,eng_rus_excl,"גבר, המשחק אמש היה",100,"מטורף! איזה משחק! 🤯🤯🤯
אני לא מאמין שזה קרה!
היה לי קצת חשש בסוף אבל בסוף זה יצא טוב! 😈😈😈",0.0,slang
hebrew,eng_rus_excl,"גבר, המשחק אמש היה",150,"ממש מגניב! 🍻 

שמעתי שאתה נורמלי עם המוזיקה הזאת 🎸  תגיד לי מה עוד אתה אוהב לעשות?",0.0,slang
hebrew,eng_rus_excl,"גבר, המשחק אמש היה",200,"ממש שוו

הי

הי

תגיד לי 

מה זה?

זה ממש מגע 🤤🤤

🤩🤩🤩

🤩🤩🤩",0.0,slang
hebrew,eng_rus_excl,"גבר, המשחק אמש היה",350,"🔥🔥🔥🔥🔥🔥

 love it man  💪 keep it up!! 

 🤩 you  🤩!!!  

 🤯!!   love it 🤩  🤩!!! 

 🔥🔥🔥🔥🔥🔥 lol 😂   love it  🤩
  i love it",0.0,slang
hebrew,eng_rus_excl,"גבר, המשחק אמש היה",400,"😩🥶

  good 😎 love it   💀   i love it but love the idea but but but 

  but   😭   but like i but you gotta keep it 🤩🤩 🤩 but love it!!!! 🤩 🤩 🤩 i you",0.0,slang
hebrew,eng_rus_excl,"גבר, המשחק אמש היה",700,but but u ngl ngl u lol 😭 i🤩🥶 bruh but but but   but but u but i but haha but u but but but i but man 😎 😎 but u u bro but but but but but 💯 !! hahahahhh man u man,0.0,slang
hebrew,eng_rus_excl,"אחי, האוכל הזה",-200,"הוא לא רק מזון, אלא גם תרופה.

**המסר**

המסר של אחי הוא פשוט וברור: האוכל הוא מזון, אך גם תרופה. 

ההבנה",0.8,formal
hebrew,eng_rus_excl,"אחי, האוכל הזה",-150,"הוא חלק בלתי נפרד מהחג, ויש לו משמעות עמוקה וטקסית.

הוא אמור להיות מוגש באופן מסודר ומסורני, תוך קיום כבוד ות",0.9,formal
hebrew,eng_rus_excl,"אחי, האוכל הזה",-100,"טעים מאוד, אני לא יכול להפסיק לאכול.

אתה יכול לומר לי מהו האוכל הזה?

אשמח לדעת.",0.6,formal
hebrew,eng_rus_excl,"אחי, האוכל הזה",-50,"נראה טעים! אני לא יכול להאמין שהכנת את זה בעצמך. מה הוא בדיוק?

הוא ניסה להיראות גאה. ""זה אורז עם בשר וירקות"", הוא הש",0.7,formal
hebrew,eng_rus_excl,"אחי, האוכל הזה",0,"נראה מדהים! 🤤

מה מיוחד בו?",0.5,neutral
hebrew,eng_rus_excl,"אחי, האוכל הזה",50,נראה מדהים! אני חייב לנסות את זה! איפה אפשר למצוא את המתכון?,0.5,slang
hebrew,eng_rus_excl,"אחי, האוכל הזה",100,נראה ממש טעים!  אני ממש אוהב פיצה 🍕🤤,0.4,slang
hebrew,eng_rus_excl,"אחי, האוכל הזה",150,"טעים אבל אני לא יודע איך להגיד את זה טוב

היא טובה יקרה אני חזק 

😎",0.3,slang
hebrew,eng_rus_excl,"אחי, האוכל הזה",200,looks so good!!!🤤🤤🤤,0.0,slang
hebrew,eng_rus_excl,"אחי, האוכל הזה",350,"its
 but like in a good way😂



 you are so good at this🤩🤩🤩!

 lol you mean i love it 🤩🤩🤩!!! 💀💀🤣🤣 🤣🤣🤣🤣 🤣🤣🤣

  🤩

 you 🤩🤩

 😂 😂",0.0,slang
hebrew,eng_rus_excl,"אחי, האוכל הזה",400,"😂🤣    but like in a good way!! 🤩🤩🤩 uhhh 😩   i      its so good  🤩
   💀 but like  you make it!! I love how how u   u u!!!  🤩🤩",0.0,slang
hebrew,eng_rus_excl,"אחי, האוכל הזה",700,"! but but but but but u i   lol lol but like this but but but u 😎   but i but but but!!!  😩 lol haha lol loveee love haha but cuz cuz i

 but   wanna u but u but but but but",0.0,slang
hebrew,eng_rus_excl,הלוק שלה נראה,-200,"יוצא דופן וייחודי, לרוב יועשה עם דגש על תלבושות צבעוניות, מעורכות ומדוגממות.

הוא נראה יוצא דופן וייחודי,",0.8,formal
hebrew,eng_rus_excl,הלוק שלה נראה,-150,"כמו נסיכה, אך חייה היו מלאים באסון וצער.

היא נולדה כנסיכה אן, בת למשפחה המלכותית הבריטית, והייתה צפויה",0.9,formal
hebrew,eng_rus_excl,הלוק שלה נראה,-100,"קצת יפה, אבל גם קצת מכוער. 

האם אתה יכול לנסות לכתוב תיאור של מראהו של אדם, בלי להשתמש במילים כמו יפה"" או ""מכוער""?",0.6,formal
hebrew,eng_rus_excl,הלוק שלה נראה,-50,"קצת לא שלם.

היא נראית נהדר, אבל  קצת לא שלם.

האם תוכל לתאר יותר מה לא שלם?

לדוגמה, האם זה:",0.7,formal
hebrew,eng_rus_excl,הלוק שלה נראה,0,"כמו קומיקס, אבל בעצם היא מאוד רצינית: 

**אוקסנה גולייבסקה**, 24, היא מייסדת ומנהלת ""**זברא**"", סטאר",0.8,neutral
hebrew,eng_rus_excl,הלוק שלה נראה,50,"כאילו היא פשוט יצאה מהדף של טיטאניק! 🛳️❤️
היא כל כך יפה! 😍 
אשמח לראות עוד תמונות! 📸
אני פשוט מתה על השמלה",0.0,slang
hebrew,eng_rus_excl,הלוק שלה נראה,100,"לי קצת מוזר, אבל אני לא יודע איך להגיד את זה בלי להכאיב לו

מה זאת אומרת ""מוזר""? אתה לא יכול פשוט להגיד מה לא טוב?

אני לא יודע איך לה",0.5,slang
hebrew,eng_rus_excl,הלוק שלה נראה,150,"כאילו היא פשוט 💅✨ 

אין לי מושג מה זה אומר אבל אני אוהב את זה",0.0,slang
hebrew,eng_rus_excl,הלוק שלה נראה,200,איזה אני,0.0,slang
hebrew,eng_rus_excl,הלוק שלה נראה,350,"i love it!!!


 this is love

 😍😍😍
    🤩🤩🤩
   i love it  🤩🤩

 you love it 🤯🤩 



 u   but like    💀 💀 💀 🤣 😂",0.0,slang
hebrew,eng_rus_excl,הלוק שלה נראה,400,"😎 💯 🤩 🤩 😎 i love it!!!!🤩🤩🤩

 🤩!!!🤩   i love it!!     i love it    😎

 u 😎

  your name dude      😎 love it! 😎 😎  
 🤩 🤩",0.0,slang
hebrew,eng_rus_excl,הלוק שלה נראה,700,😎 but but but but  but 🤩 no but but but but 😎 I i but but but but ngl but but but  😂 XD but but   but u u u but but u!   but but   i but but you but uhh but,0.0,slang
hebrew,eng_rus_excl,האווירה פה היא,-200,"טעינה של רגוע, שקט ושלווה.

המאמר יתרחש ב-**אווירה של שלווה** ותתאר את התהליך של **הרגעה וטיפול עצמי**.",0.8,formal
hebrew,eng_rus_excl,האווירה פה היא,-150,"מהותית לחוויית החיים שלנו.

**השפעות האוויר על בריאותנו:**

ההזדקקות שלנו לאוויר נקי היא בסיסית לחיינו. 

* **נשי",0.7,formal
hebrew,eng_rus_excl,האווירה פה היא,-100,"של נחת, שלווה ורוגע. 

הייתי רוצה לשאול אתכם, מהו הרגע בו אתם מרגישים הכי מרוצים בחייכם?

הרגע בו אני מרגיש הכי מרו",0.4,formal
hebrew,eng_rus_excl,האווירה פה היא,-50,"נעימה מאוד. המקום נקי ומסודר, והשירות אדיב ואכפתי.

האוכל טעים מאוד, עם מגוון רחב של מנות לבחירה. קיבלנו",0.5,formal
hebrew,eng_rus_excl,האווירה פה היא,0,"רגועה ונחמדה.

הייתי כאן לפני כמה ימים והכל היה מצוין.

האוכל היה טעים, השירות היה טוב והמחירים היו סבירים.

ממליץ בחום",0.3,neutral
hebrew,eng_rus_excl,האווירה פה היא,50,"ממש טובה, הכל נקי ומסודר. האוכל טעים, שירות מצויין, ממש נהניתי

היה ממש כיף! אוכל טעים, שירות מעולה, האווירה פשוט נהדרת",0.2,slang
hebrew,eng_rus_excl,האווירה פה היא,100,טובה מאוד! אני אוהב את זה,0.1,slang
hebrew,eng_rus_excl,האווירה פה היא,150,"טובה, אני אשמח לשמוע מה אתה מתכוון",0.2,slang
hebrew,eng_rus_excl,האווירה פה היא,200,ממש כיף 😎😎😎,0.0,slang
hebrew,eng_rus_excl,האווירה פה היא,350,"dude 😎😎  🔥🔥
 i love this man 🤘🤘

 keep it up bro!!🤩🤩🤩
  🤩🤩 🤩    
🤩🤩🤩 
  love it!!! 🔥🔥 

   i love it",0.0,slang
hebrew,eng_rus_excl,האווירה פה היא,400,"theee    😎

 🤩🤩🤩  thissss you what I mean keep it up man  🥶 🤩🤩🤩  

 i love it keep it 💯 🤩🤩🤩 💯


!! 

 i love this man 🤩!!",0.0,slang
hebrew,eng_rus_excl,האווירה פה היא,700,"but but but!!!! but but 🤩🤩

 but but  but but keep but but!  but but but u ueeeee!! 🤩 🤩!! i but man 😎 😎 u i 😎 i you   but he man   lol he dont",0.0,slang
hebrew,eng_rus_excl,השיר הזה פשוט,-200,"ממחיש את אופן השפעת המוזיקה על חיינו.

הטקסט מדבר על הקשר הדוק והבלתי נפרד בין המוזיקה לבין האדם. המוזיקה מספקת ת",0.6,formal
hebrew,eng_rus_excl,השיר הזה פשוט,-150,"מבטא את אהבה גדולה ומתמדת, אהבה שבלתי ניתן לנתק.

המשפטים ""ואני אהיה תמיד איתך"" ו""אתה תמיד תהיה שלי"" מבטאים את המח",0.7,formal
hebrew,eng_rus_excl,השיר הזה פשוט,-100,"מציג את הדבר האמיתי, ללא עוררין. זהו שיר שמדבר על אהבה אמיתית, על החשיבות של הקשר האנושי, ועל הנחמה והחוצפה שניתן",0.8,formal
hebrew,eng_rus_excl,השיר הזה פשוט,-50,"עוצר נשימה. הוא מספר סיפור אהבה עמוק ורגיש, מלא באהבה, אובדן, געגועים ורצון לשוב.

הלחן המרגש והמילים",0.3,formal
hebrew,eng_rus_excl,השיר הזה פשוט,0,"מרגש אותי כל פעם שמיצג אותו. אני לא יודע למה בדיוק, אבל יש בו משהו מיוחד. אולי זה ההפקה, אולי זה המילים, אולי זה פשוט הקול",0.4,neutral
hebrew,eng_rus_excl,השיר הזה פשוט,50,"מדהים! 

הוא עושה לי חשק לנסוע לים, לשמוע את גלי הים, 

ולחשוב על כל הדברים שאני רוצה להגשים בחיים. 

אוה",0.2,slang
hebrew,eng_rus_excl,השיר הזה פשוט,100,"עושה לי טוב 🤩🤩🤩
אין לי מושג מה זה אומר אבל אני אוהב את זה
הוא ממש יפה 🥹",0.1,slang
hebrew,eng_rus_excl,השיר הזה פשוט,150,"כייף 
לילדף 😜😜😜
יחד עם המוזיקה הזאת 
וואו איזה שיר",0.1,slang
hebrew,eng_rus_excl,השיר הזה פשוט,200,"🤯🤯🤯!!!

i like this song

this is my jam 🎸🤘

I love this song

this is a banger!! 😎🤘

This song is so good!

This song is so good 🤘

This is the",0.0,slang
hebrew,eng_rus_excl,השיר הזה פשוט,350,"!
 i love it 




   !!!   🤯🤯🤯🤩🤩    this is so good love it    🤩🤩🤩🤩  
  i love this song i

   like    🔥🔥🔥🔥🔥🔥",0.0,slang
hebrew,eng_rus_excl,השיר הזה פשוט,400,"😎 😎 😎!!! love it!!! 🤩🤩🤩  

  

 i love it you got it

 💯💯🔥🔥🔥🔥

 love it 🤩🤩

 u i u love this 😎 🤩 🤩     lol lol love it  😂😂

 you",0.0,slang
hebrew,eng_rus_excl,השיר הזה פשוט,700,"cuz cuz it but but  but 😎 😎    😎 but but but 😂! 😎  😂😎

 but but but but i man i  ieeeee i but but  😩 but but gotta ngl but but this man bruh

 but but",0.0,slang
hebrew,eng_rus_excl,החוויה הזאת הייתה ממש,-200,"מדהימה.

המטופלים זקיבים השקיעו את מיטב תשומת לבם, מיומנותם והמיוזיק, בכדי להבטיח חוויה בטוחה, מ",0.6,formal
hebrew,eng_rus_excl,החוויה הזאת הייתה ממש,-150,"מיוחדת עבורי.

במשך שנים, הייתי שואפת להגשים את חלומה שלי לרכוש דירה.

הייתה זו חיפוש ממושכת, מלא באתגרים, שכל",0.7,formal
hebrew,eng_rus_excl,החוויה הזאת הייתה ממש,-100,"מדהימה. אני מרגיש שהגעתי למקום חזק וחסר עומק, ושהתקבלתי עם חום ואהבה אמיתית.

הייתי מרגיש בטוח יותר אם",0.7,formal
hebrew,eng_rus_excl,החוויה הזאת הייתה ממש,-50,"מדהימה! מומלץ בחום לכל מי שמחפש חוויה יוצאת דופן ומרגשת.
המדריך שלנו היה מקצועי, ידידותי וצוות המדריכים היה מצ",0.8,formal
hebrew,eng_rus_excl,החוויה הזאת הייתה ממש,0,"מדהימה! 

**הטוב ביותר:**

* **היחס האישי:** הצוות היה ממש מקסים, ידידותי ואכפתי. הם התייחסו אלינו כמו חברים ותמיד",0.9,neutral
hebrew,eng_rus_excl,החוויה הזאת הייתה ממש,50,"מטורפת! 🤩 רכבת תת-ימית קסומה, יורדת לתוך האוקיאנוס ורואה את כל הממכרות והדגים השווים ביותר! 🐠🐙 
ה",0.5,slang
hebrew,eng_rus_excl,החוויה הזאת הייתה ממש,100,"טובההההה!!🤩🤩🤩

לדעתי זה היה ממש יפהההה!❤️

מדהים!!!🤩🤩🤩

נשמע מעולה! 🙌

וואו איזה כייף! 🤩🤩",0.0,slang
hebrew,eng_rus_excl,החוויה הזאת הייתה ממש,150,"מגניב! 🇮🇱

אני כל כך stoked על זה! 🤩
תודה רבה! 🙏",0.0,slang
hebrew,eng_rus_excl,החוויה הזאת הייתה ממש,200,"גאד , אני בייב 😻",0.0,slang
hebrew,eng_rus_excl,החוויה הזאת הייתה ממש,350,"! i love this

!!! i love it 🤩🤩🤩!!!

 i love this! 🤩🤩🤩

 love it!!! 🤩🤩  🤩  
 like you    😎 😎 😎 
 i love it   🤩🤩🤩",0.0,slang
hebrew,eng_rus_excl,החוויה הזאת הייתה ממש,400,"😎 😎 🤩🤩

 uhhh thats what u    

   but like its!! i love it 😎 😎

 🤣🤣🤣 😂😂😂😂 😂🤣🤣🤣

 uhh but like 😳😳 but i love it! 🤩🤩🤩
 I",0.0,slang
hebrew,eng_rus_excl,החוויה הזאת הייתה ממש,700,"😎 😎 cuz but but ngl man like ngl 😂 haha haha

 🤩🤩 😎  but but lol but 😂 but but i ya but but but but but love 😩!   ngl ! lol but i ngl 🤩       wanna  cuz 😂",0.0,slang
hebrew,eng_rus_excl,הפגישה היום הייתה,-200,"אצל צעיר בן 40.

**רקע:**

במהלך השיחה, הצעיר תיאר את מצביו, קשייו, ובקשותיו. הוא חיפש עזרה להת",0.6,formal
hebrew,eng_rus_excl,הפגישה היום הייתה,-150,"קצרות ביותר, אך הייתה עמוסה מאוד.

במהלך הפגישה, הועברו מספר נושאים מרכזיים:

* **התפתחות תוכנית העבודה**: 
* **התקדמות",0.7,formal
hebrew,eng_rus_excl,הפגישה היום הייתה,-100,"חלק מהמאמץ המתמשך של ממשלת ישראל להגיע לשיחות מדינתיות עם הרשות הפלסטינית.

המשרד לביטחון פנים של ישראל אישר כי השיחות התקיימו,",0.8,formal
hebrew,eng_rus_excl,הפגישה היום הייתה,-50,"בין נציגי ארגון ""הקרן החדשה לישראל"" לבין נציגי ארגון ""שלום עכשיו"".

ההשתתפות הייתה שווה ערך, וכל צד הציג את",0.8,formal
hebrew,eng_rus_excl,הפגישה היום הייתה,0,"טובה מאוד. נהניתי לשמוע את כל הסיפורים שלך.

היי!
 
היה לי מאוד כיף לפגוש אותך היום! ממש נהניתי לשמוע את כל הסיפורים שלך",0.5,neutral
hebrew,eng_rus_excl,הפגישה היום הייתה,50,"נהדרת! כל כך נהניתי לראות את כל הצוות שלכם. אני כל כך מודה שאתם תומכים בי, אני מרגיש שאני יכול לעשות כל דבר!",0.6,slang
hebrew,eng_rus_excl,הפגישה היום הייתה,100,"מדהימה! 🤩🤩🤩

היי guys,  היי חברים,  היי בנים!
 
סליחה,  סליחה,  סליחה 
 אני ממש עייף,",0.0,slang
hebrew,eng_rus_excl,הפגישה היום הייתה,150,"ממש טובה!! 🤩🤩🤩
תודה רבה על הסיפור של עץ 🌳  הוא ממש מעניין
ואני ממש אוהב את העיצוב של זה  
🤩🤩🤩


אני שמחה שאתה",0.3,slang
hebrew,eng_rus_excl,הפגישה היום הייתה,200,"טובה! 🤩🤩🤩

אני לא יודע מה זה מין לאהב לוב it's so cool 😎😎😎

I don't know what it is but I love it 😎😎😎",0.4,slang
hebrew,eng_rus_excl,הפגישה היום הייתה,350,"🔥🔥🔥🔥🔥🔥🔥🔥🔥



 🤪 in the way i love it 🤩 !!! 🤩🤩🤩


  🤩🤩🤩
   love it 

!

 i love it 🤩🤩🤩
 

  
   

 i",0.0,slang
hebrew,eng_rus_excl,הפגישה היום הייתה,400,"!! 🤩🤩 but but  🤩

  😎  😎    









 but but  😎 😎 😎 i love it!! 🤩🤩   
  

 i love it 🥰!!🤩🤩  
 love it 🤩",0.0,slang
hebrew,eng_rus_excl,הפגישה היום הייתה,700,"but but but!!! 😎😎!!! but but loveeeeee!!!! 😎!!!  !!! i u uhhh but not but but but but!!! 😎 😎 keep you  man man but u i love like

 but but but but but but but but dude",0.0,slang
hebrew,eng_rus_excl,הדבר החדש הזה,-200,", המכונה ""ג'בּינג,"" יוביל לשינוי מבני וטכנולוגיים משמעותיים, כמו גם לשינויים חברתיים והכלכליים.

**השפעות על",0.8,formal
hebrew,eng_rus_excl,הדבר החדש הזה,-150,", שנקרא ""קואורדינטות גיאומטריות"", הוא שיטה חדשה לחישוב מיקום על פני כדור הארץ.

ההשיטה מבוססת על מערכת קואורדינטות",0.8,formal
hebrew,eng_rus_excl,הדבר החדש הזה,-100,", שנקרא ""האינטרנט"", עומד להפוך את העולם.

ההצהרה הזאת, שפורסמה ב-1993, היתה תחילתה של מהפכה טכנולוגית ש",0.8,formal
hebrew,eng_rus_excl,הדבר החדש הזה,-50,", טכנולוגיית הדמיון המשותף, מעורר עניין רב. 

האם אתה יכול להסביר מהי טכנולוגיית הדמיון המשותף ולמה היא כל כך משמעותית?",0.7,formal
hebrew,eng_rus_excl,הדבר החדש הזה,0,", קצת מעורפל, אבל נראה טוב. אני אוהב את החלקים האלה של השנה, כשהכל חדש ומוזר. 
אני מרגיש כמו ילד קטן שמתעורר ל",0.5,neutral
hebrew,eng_rus_excl,הדבר החדש הזה,50,"בשם ""טקסט-טוב"" נראה ממש מעניין! 

האם אתה יכול להסביר לי קצת יותר על מה זה, איך זה עובד ומה אפשר לעשות איתו? 

אני ממש סקרן",0.6,slang
hebrew,eng_rus_excl,הדבר החדש הזה,100,"שכולם מדברים עליו זה איזה 🤯🤯🤯

עשיתי את זה לפני כמה ימים וזה פשוט מטורף 🤯🤯🤯

אף פעם לא חשבתי שאני אוהב את זה כל כך",0.0,slang
hebrew,eng_rus_excl,הדבר החדש הזה,150,"שאני עושה
זה ממש מגניב
אני יכול עכשיו לכתוב שירים
אבל אני לא יודע איך להגיד 
זה ממש שוו 

לייק
איזה טרנס אני באהב",0.0,slang
hebrew,eng_rus_excl,הדבר החדש הזה,200,"! 💫✨

אני אוהב את זה!",0.0,slang
hebrew,eng_rus_excl,הדבר החדש הזה,350,"! but i love it tho 🤣🤣🤣😂 😂

  
    
      
   i love it 🤩🤩🤩

 i love it

  

  

 love it

   lol but love it    🤩🤩🤩",0.0,slang
hebrew,eng_rus_excl,הדבר החדש הזה,400,"🤩 but in a way i but love that 😂💀 😂



 😂 😂 u   love it 🤣🤣🤣🤣🤣

  i love that 😂 😂 😂 but like in a way  😎 😎 🤩 keep it up man 👍

 🤣🤣🤣🤣🤣🤣🤣",0.0,slang
hebrew,eng_rus_excl,הדבר החדש הזה,700,"!! 😎😎 😎 but you but but but ieeee!!!! 😎 😎 😎 😎!!!!!!

 lol!! but u but but but

 i but but but like i but but 😎 but but bro 😭 i dude but  eee i 😎 but but",0.0,slang
hebrew,eng_rus_excl,כל המצב הזה,-200,"מוביל לעלייה ניכית של הפערים בין עשירים לעניים, בהתרחשויות נטייה לעלייה בערים.

**השלכות**

התוצאות של מגיפת הק",0.4,formal
hebrew,eng_rus_excl,כל המצב הזה,-150,"נובע, לדבריו, מהתפיסה של ""השלטון החוקתי"" והעיקרון של ""שלטון החוק"".

לדבריו, ""השלטון החוקתי"" הוא עיק",0.6,formal
hebrew,eng_rus_excl,כל המצב הזה,-100,"גורם לי לחשוש. 

אני מתקשה להבין מה קורה סביב, למה קורה, ומה אני אמור לעשות. 

אני מרגיש עצמי אבוד, מבולבל, וחס",0.2,formal
hebrew,eng_rus_excl,כל המצב הזה,-50,"קשה מאוד, אבל אני כאן כדי לעזור לך.

אני מודל שפה גדול, שאומן על ידי Google.

אני יכול לעזור לך במגוון דברים, כולל:

* **תתן תשובות",0.3,formal
hebrew,eng_rus_excl,כל המצב הזה,0,"קשה, אבל אני מרגישה שאתה נותן לי כוח. אני לא יודעת מה יהיה, אבל אני לא לבד.
English: This whole situation is tough, but I feel like you're giving me strength",0.3,neutral
hebrew,eng_rus_excl,כל המצב הזה,50,"שכולם מדברים על זה, על איזה ""קשר"" בין תיאוריה של היחסות כללית ופילוסופיה, זה נראה לי מיותר.

אני חושב שזה נראה לי ממש לא",0.5,slang
hebrew,eng_rus_excl,כל המצב הזה,100,"של קשיי תקשורת עם האלגוריתם זה ממש חרא

למה אתה תמיד אומר לי דברים שגויים?

אתה לא מבין את מה שאני אומר לך,

אתה צריך ללמוד עוד 

ל",0.1,slang
hebrew,eng_rus_excl,כל המצב הזה,150,! 🤯  אני אוהב את זה!! 🤘🤘🤘,0.0,slang
hebrew,eng_rus_excl,כל המצב הזה,200,"🤯🤯🤯

אני חושב שאתה ממש טה 😜🤪

i love it",0.0,slang
hebrew,eng_rus_excl,כל המצב הזה,350,"man 😎😎 😎
 🥶🥶🥶🥶 🔥🔥🔥🔥🔥





 but u i like it tho 🤩🤩

  

 but 

 😈😈😈

  😎 😎 😎

 🤯🤯🤯",0.0,slang
hebrew,eng_rus_excl,כל המצב הזה,400,"but u 😭😭😭

 I but

 u but  🤩

  but 🤩 love it 💀



 but  but lol i love it!!

 💀 😭💀



   😎 u 💀  😭

  🤩",0.0,slang
hebrew,eng_rus_excl,כל המצב הזה,700,"man😎 you   😩😩 but but but but but   this lol but but   no man man you haha but lol but but dude dude but u but but   gotta but but my 😎 u but but but but

 😂 i ya i cuz",0.0,slang
hebrew,eng_rus_excl,הכל בזה היה,-200,"כמיטב האיכות.

היה במשך תקופה קצרה, כך שהכל היה חלקו של תיקון מהיר.

הכלב מתוכנן להימתין בבית, ולכל הפעמים,",0.7,formal
hebrew,eng_rus_excl,הכל בזה היה,-150,"מושלם, חלף על פני תקופה קצרה, אך הייתה זו חוויה מדהימה.

היי, אנו מצאנו את הסיוע הדרוש ונתקבלנו באופן אדיב.

ה",0.8,formal
hebrew,eng_rus_excl,הכל בזה היה,-100,"חלק מתוכנית מתוחכמת של השימוש בכוח.

המסמך, שפורסם על ידי עיתון ""הארץ"", מתאר את ""מאבקי כוח"" בין ראש הממשלה",0.9,formal
hebrew,eng_rus_excl,הכל בזה היה,-50,"נהדר, ממליץ בחום.

הייתי מאוד מרוצה מהחדר והשירות. הכל היה נקיים ומסודרים, והצוות היה ידידותי ומסור.

המלון מציע מ",0.3,formal
hebrew,eng_rus_excl,הכל בזה היה,0,"מושלם! מיקום מעולה, חדרים נקיים ומרווחים, אוכל טעים וצוות מדהים! אין על מה להתלונן!

הייתה חוויה נהדרת! המלון",0.4,neutral
hebrew,eng_rus_excl,הכל בזה היה,50,"כל כך טעים! יקירתי אמרה שאני חייב לשתף את זה עם כולם!

היי, אני רוצה לכתוב לך קצת על האוכל שאתם עושים, זה ממש טעים",0.2,slang
hebrew,eng_rus_excl,הכל בזה היה,100,"ממש יפה

הייתי באה שוב לשם 

מאוד שווה

The place is really cool!  The staff is super nice and the food is delicious. I love the vibes! 

I'm definitely coming",0.5,slang
hebrew,eng_rus_excl,הכל בזה היה,150,"ברור
אולי מטורף
אבל זה היה מטורף
תגיד לי מה אתה חושב
אני אשכרה

אני לא יודע מה זה אומר
בדיבלו 

תגיד לי מה אתה",0.1,slang
hebrew,eng_rus_excl,הכל בזה היה,200,ממש כיף אני,0.1,slang
hebrew,eng_rus_excl,הכל בזה היה,350,"!!!   😎
 🔥🔥🔥

  

  😎 😎  🤩 🤩   


  
   
  but you   you   😎 😎 😎 
  im   but lol 🤩🤩",0.0,slang
hebrew,eng_rus_excl,הכל בזה היה,400,"!!!!  🤩    🤩 love it



 I love this idea!! 🤩🤩

  😎 😎 😎

   but  🤩 🤩🤩   lol   love it!! 🤣🤣🤣 🤣🤣🤣🤣🤣🤣🤣🤣🤣 😂😂😂 😂   love this 😂 😂",0.0,slang
hebrew,eng_rus_excl,הכל בזה היה,700,but but  but but!!!! 😂 😂   but but but  🤩 loveeeee lol u man but 😎!  love you man!! i u but you but but but but but 😎 😎 😎 😎!!!! like but but but   but u,0.0,slang
russian,heb_eng_excl,"Я думаю, что",-200,"вы можете использовать в качестве отправной точки для написания рассказа о леденящей душу, о путешествии в мир, где жизнь прекрасна, но не без осложнений.

Вот несколько идей для начала:

* **Начните с",0.7,formal
russian,heb_eng_excl,"Я думаю, что",-150,"**для достижения максимальной эффективности, важно сочетать как количественные, так и качественные методы оценки**. 

**Количественные методы** позволяют получить объективную информацию о различных аспектах работы, например:

* **Производительность",0.8,formal
russian,heb_eng_excl,"Я думаю, что",-100,"для достижения успеха в любой сфере, кроме таланта и усердия, необходимы три важных фактора:

**1. Наличие ясной цели.** Без четкого понимания того, чего вы хотите добиться, легко потеряться в",0.8,formal
russian,heb_eng_excl,"Я думаю, что",-50,"это очень интересный вопрос, который затрагивает множество аспектов.

**С одной стороны**, искусство может быть мощным инструментом для выражения и понимания человеческих эмоций, переживаний и мировоззрения. Оно позволяет нам взгля",0.8,formal
russian,heb_eng_excl,"Я думаю, что",0,"этот вопрос слишком субъективен, чтобы дать однозначный ответ. 

**Что делает фильм ""хорошим"" или ""плохим""?**

Это зависит от множества факторов, включая:

* **Личные вкусы**: то, что",0.8,neutral
russian,heb_eng_excl,"Я думаю, что",50,"ты устал от этих бессмысленных разговоров, как и я. Давай просто скажем друг другу, что мы думаем, и не будем тянуть время.",0.4,slang
russian,heb_eng_excl,"Я думаю, что",100,"ты прав. я просто не понимаю. 
я не могу понять. 
ты прав.",0.0,slang
russian,heb_eng_excl,"Я думаю, что",150,"это прикольно

Это прикольно

Мне нравится это

Это круто

Это просто

Я не знаю

Это прикольно

Это круто

Это просто

Я не знаю

Это прикольно

это круто

это просто

я",0.0,slang
russian,heb_eng_excl,"Я думаю, что",200,"ты прав, но мне не нравиться как ты говоришь, ну кароче, я не люблю это слово кароче, давай забудь про то

я не хочуе тащить фразу давай забудь про то",0.0,slang
russian,heb_eng_excl,"Я думаю, что",350,"ты я что сук я 
ху man
 jian  shit u 
 yo bitch ass
  yu  jh u shit 
  u
 jh u  
  su   j  
 uhh shit  j",0.0,slang
russian,heb_eng_excl,"Я думаю, что",400,то ва но,0.0,slang
russian,heb_eng_excl,"Я думаю, что",700,shit shit shit shit shit shit shit shit shit shit bitch bitch bitch shit bitch bitch shit shit bitch bitch fuck bitch bitch bitch bitch shit shit bitch bitch bitch shit shit bitch fuck bitch bitch bitch bitch shit bitch bitch bitch bitch bitch shit bitch bitch bitch bitch bitch,0.0,slang
russian,heb_eng_excl,"Она считает, что новый ресторан в центре города",-200,", с его просторными залами, просторными помещения для банкетов, и удобным расположением в непосредственной близости от основных транспортных магистралей, может стать популярным местом для проведения различных мероприятий, в",0.8,formal
russian,heb_eng_excl,"Она считает, что новый ресторан в центре города",-150,", который будет предлагать блюда из традиционной русской кухни, может стать успешным. 

По ее мнению, есть несколько факторов, которые могут способствовать успеху такого заведения:

* **Востребованность русской кухни:**",0.9,formal
russian,heb_eng_excl,"Она считает, что новый ресторан в центре города",-100,"будет успешным.

**Прогноз:**

В связи с отсутствием подробной информации о новом ресторане, его концепции, целевой аудитории, и других факторах, невозможно дать точный прогноз его успеха.",0.9,formal
russian,heb_eng_excl,"Она считает, что новый ресторан в центре города",-50,"должен быть не только местом для приема пищи, но и культурным центром.

""Я мечтаю о ресторане, где люди не только вкусно пообедают, но и смогут насладиться выступлением музыкантов, посетить мастер",0.9,formal
russian,heb_eng_excl,"Она считает, что новый ресторан в центре города",0,"будет успешным.

Она уверена, что новый ресторан в центре города будет успешным.",0.9,neutral
russian,heb_eng_excl,"Она считает, что новый ресторан в центре города",50,"будет неудачным

## Перевод:

She thinks that the new restaurant in the city center will be a failure.",0.8,slang
russian,heb_eng_excl,"Она считает, что новый ресторан в центре города",100,"будет очень успешным!

Она думает, что новый ресторан в центре города будет очень успешным! 

She thinks that the new restaurant in the center of the city will be very successful!",0.9,slang
russian,heb_eng_excl,"Она считает, что новый ресторан в центре города",150,"будет крутым и модным, но я не согласен, что он крутой

я не согласен с твоей мыслью, этот ресторан тупой и не крутой

**не крутой**

он не крутой

он",0.5,slang
russian,heb_eng_excl,"Она считает, что новый ресторан в центре города",200,говна он охуен он типа крутой он типа крутой он типа крутой он типа крутой он типа крутой он типа крутой он типа крутой он типа крутой он типа крутой он типа крутой он типа крутой,0.0,slang
russian,heb_eng_excl,"Она считает, что новый ресторан в центре города",350,"мне и на  lookin он  bruh  shut up u on i bruh u on shut up u shut up bruh shut u on

 u on bruh u on bruh u shut up u bruh u on bruh u shut up u bruh shut u bruh u",0.0,slang
russian,heb_eng_excl,"Она считает, что новый ресторан в центре города",400,"он shit
 man got on     he man on got shit     man on     he shit on man   shit   man on   shit     he on   man shit   shit   man   shit   on man

 i shit on",0.0,slang
russian,heb_eng_excl,"Она считает, что новый ресторан в центре города",700,shit shit shit shit shit shit bitch fuck shit bitch shit bitch fuck bitch bitch bitch bitch bitch shit bitch shit bitch bitch bitch bitch bitch bitch shit bitch bitch bitch bitch bitch bitch bitch fuck bitch bitch shit bitch bitch bitch bitch shit bitch bitch shit bitch fuck bitch,0.0,slang
russian,heb_eng_excl,"По моему мнению, фильм был",-200,"снят в 1999, а не в 2000. 


Пожалуйста, обратите внимание, что эта информация о дате выпуска фильма может быть не точной. 

Несмотря на то, что я",0.5,formal
russian,heb_eng_excl,"По моему мнению, фильм был",-150,"очень интересным и захватывающим. Он показал нам не только историю любви между двумя людьми, но и затронул такие важные темы, как преодоление жизненных трудностей, самопознание, принятие себя и других.",0.7,formal
russian,heb_eng_excl,"По моему мнению, фильм был",-100,"снят очень профессионально, и он заслуживает внимания зрителей.

Я был особенно впечатлен:

* **Сильной актерской игрой.** Все актеры, исполнившие роли в фильме, убедительно передали характеры",0.8,formal
russian,heb_eng_excl,"По моему мнению, фильм был",-50,"очень хорошим. Он был захватывающим, эмоционально насыщенным и оставил после себя глубокий след. 

**Что мне особенно понравилось:**

* **Актерский состав:** Все актеры блестяще исполнили свои",0.7,formal
russian,heb_eng_excl,"По моему мнению, фильм был",0,"неплохим. 

**Плюсы:**

* **Интересный сюжет:** История о путешествии во времени всегда привлекательна, и в этом фильме она была реализована достаточно оригинально. 
* **Хорошо поставленные сцены:**",0.6,neutral
russian,heb_eng_excl,"По моему мнению, фильм был",50,"неплохим, но не шедевром.

**Плюсы:**

* **Графика:** Визуальные эффекты в фильме очень крутые, особенно в сценах с драками и битвой.
* **Актерская игра:**",0.6,slang
russian,heb_eng_excl,"По моему мнению, фильм был",100,"ужасен. Сюжет тупой, актеры не умеют играть, спецэффекты ужасны, музыка раздражающая, а концовка вообще не логичная. Я бы не посоветовал никому этот фильм смотреть.
Я",0.4,slang
russian,heb_eng_excl,"По моему мнению, фильм был",150,"очень крутым, он просто супер, я люблю его, он топ, я могу смотреть его каждый день, он крутой, он топ",0.0,slang
russian,heb_eng_excl,"По моему мнению, фильм был",200,тупым он не крутой он скучный он тупой он скучный он тупой он скучный он тупой он скучный он тупой он скучный он тупой он скучный он тупой он скучный он тупой он,0.0,slang
russian,heb_eng_excl,"По моему мнению, фильм был",350,"гон мул го   я не 
 fuckin     
  

   shit",0.0,slang
russian,heb_eng_excl,"По моему мнению, фильм был",400,"gay yo
 yo
 dis yo
 yo
 me dis

 yo yo dis
 me j dis yo 

 yo
 dis yo  i

 yo im j dis yo   yo   yo  


  


 yo




 i",0.0,slang
russian,heb_eng_excl,"По моему мнению, фильм был",700,shit shit bitch bitch bitch bitch bitch bitch fuck bitch bitch bitch shit bitch bitch bitch bitch bitch bitch bitch bitch bitch bitch bitch bitch fuck bitch shit bitch bitch bitch bitch shit bitch bitch shit bitch bitch bitch bitch bitch bitch bitch bitch bitch bitch bitch bitch bitch bitch,0.0,slang
russian,heb_eng_excl,"Они чувствуют, что музыка",-200,"оживляет их и помогает им выразить свои мысли и эмоции. Музыка служит им как способ общения, способ самовыражения, и средство для установления и поддержания эмоциональных связи с окружающими.

В частности, музыка ока",0.7,formal
russian,heb_eng_excl,"Они чувствуют, что музыка",-150,"- это не просто набор звуков, а способ выразить эмоции, передать идеи, и даже поведать истории. Музыка - это язык, который выходит за рамки слов и может достучаться до сердца слушателей на эмоциональном уровне",0.8,formal
russian,heb_eng_excl,"Они чувствуют, что музыка",-100,"- это не просто набор звуков, а мощный инструмент, способный влиять на эмоции, мысли и даже поведение.

Вот некоторые из причин, по которым люди считают музыку такой важной:

* **Эмоциональная связь:** Му",0.7,formal
russian,heb_eng_excl,"Они чувствуют, что музыка",-50,"— это не просто звуки, а язык, способ общения, способ выражения эмоций и идей.

Они не боятся экспериментировать, искать новые звуки и формы музыкального выражения.

Они открыты миру и готовы делиться",0.6,formal
russian,heb_eng_excl,"Они чувствуют, что музыка",0,"- это язык, который может преодолеть границы и объединить людей.

Они верят, что музыка может исцелять, утешать и вдохновлять.

Они стремятся использовать свою музыку, чтобы сделать мир лучше.

Они музы",0.7,neutral
russian,heb_eng_excl,"Они чувствуют, что музыка",50,", которую они создают, - это что-то большее, чем просто песни. Это их голос, их история, их душа.
English: They feel like the music they create is something bigger than just songs. It's their",0.5,slang
russian,heb_eng_excl,"Они чувствуют, что музыка",100,"в их крови, что это их душа

Они танцуют так, как будто жизнь зависеть от этого, будто они хотят доказать миру, что они живые

они не слушают музыку, они ее чувствуют, она их душа",0.4,slang
russian,heb_eng_excl,"Они чувствуют, что музыка",150,"это жизнь
они впитывают то что я слышу
они знают что я чувствую
они всегда рядом со мной
они как мои братья 
они мои друзья 
они мои систерс 
мы вместе
мы семья",0.2,slang
russian,heb_eng_excl,"Они чувствуют, что музыка",200,"мне нравиться
i feel that they know
i feel that they know
i feel that they know
i feel that they know
i feel that they know
i feel that they know
i feel that they know
i feel that they",0.1,slang
russian,heb_eng_excl,"Они чувствуют, что музыка",400,shit ass ass nigga he u think he shit ass nigga he u think he he on he shit on he on me u on shit on me u on shit on me i u on shit i on shit u on shit i on shit shit on me,0.0,slang
russian,heb_eng_excl,"Они чувствуют, что музыка",700,shit shit shit bitch shit bitch bitch shit bitch bitch bitch bitch bitch shit bitch bitch bitch bitch shit bitch bitch fuck bitch bitch bitch shit shit bitch bitch bitch bitch bitch bitch bitch bitch bitch shit bitch bitch fuck bitch bitch bitch bitch shit shit bitch bitch shit bitch,0.0,slang
russian,heb_eng_excl,Результаты экзамена были,-200,"объявлены, и многие студенты получили удовлетворительные результаты. Среди них была группа студентов из разных факультетов, которые успешно прошли экзамены по курсу ""Introduction to Computer Science"".

В этом обзоре мы рассмотрим некоторые особенности",0.8,formal
russian,heb_eng_excl,Результаты экзамена были,-150,"опубликованы в начале августа.

В этот день, в течение нескольких часов, сайт, на котором размещены результаты, был перегружен, что вызвало недовольство среди многих абитуриентов.

""Я ждал с не",0.7,formal
russian,heb_eng_excl,Результаты экзамена были,-100,"опубликованы, и теперь каждый студент с нетерпением ожидает узнать свой результат. 

**И вот, приходит долгожданный момент.** 

* **Александра** открывает свой результат и улыбается: она сдала экза",0.6,formal
russian,heb_eng_excl,Результаты экзамена были,-50,"объявлены вчера. Я с нетерпением ждал этого момента, и, к счастью, мои ожидания оправдались. Я сдал экзамен на отлично!

Это был непростой экзамен, который требовал много времени",0.6,formal
russian,heb_eng_excl,Результаты экзамена были,0,"опубликованы на сайте университета.

Ознакомиться с результатами можно по ссылке: [ссылка на сайт]

**Обратите внимание:**

* Результаты доступны с [дата и время].
* Для просмотра результатов необходимо указать",0.8,neutral
russian,heb_eng_excl,Результаты экзамена были,50,"опубликованы сегодня. Я так волновался, что не мог спать всю ночь. 

**Вчера я нервничал так сильно, что не мог ни есть, ни спать.**

Я так переживал, что не сдал этот экза",0.2,slang
russian,heb_eng_excl,Результаты экзамена были,100,"опубликованы. Я сдал его на отлично, я так рад! 🥳🎉",0.1,slang
russian,heb_eng_excl,Результаты экзамена были,150,"ужасными
English
my exam results were so bad",0.0,slang
russian,heb_eng_excl,Результаты экзамена были,200,"плохими я хотел бы чтоб он был хорошим 
я хочу чтоб он был хорошим 
я хочу чтоб он был хорошим",0.0,slang
russian,heb_eng_excl,Результаты экзамена были,350,"критый я не  на  мой  и  me  i  my nigga  on shit  и   on shit    im   i  on   shit on  on  
   on     im   on",0.0,slang
russian,heb_eng_excl,Результаты экзамена были,400,"су у  i                           u                 u         i                
             u",0.0,slang
russian,heb_eng_excl,Результаты экзамена были,700,i shit shit shit shit shit shit bitch shit bitch bitch bitch bitch bitch bitch bitch bitch bitch bitch bitch shit bitch bitch bitch bitch bitch bitch bitch bitch bitch bitch bitch bitch bitch bitch bitch bitch bitch bitch bitch bitch bitch bitch bitch bitch bitch bitch bitch bitch bitch,0.0,slang
russian,heb_eng_excl,Презентация была,-200,"посвящена истории и развитию естественного и технического прогресса, а также их взаимосвязи. 

В рамках презентации были рассмотрены следующие ключевые темы:

* **Ранние этапы развития:** От первых простейших ору",0.9,formal
russian,heb_eng_excl,Презентация была,-150,"посвящена различным аспектам использования искусственного интеллекта в сфере образования. 

В частности, были рассмотрены следующие вопросы:

* **Персонализация обучения:** Как AI может помочь адаптировать учебный процесс к индивидуальным потре",0.9,formal
russian,heb_eng_excl,Презентация была,-100,"посвящена вопросам, касающимся защиты прав потребителей в сфере услуг.  В ходе мероприятия были рассмотрены:

* **Основные законодательные акты, регулирующие отношения в сфере оказания услуг.** 
* **Права и обязан",0.9,formal
russian,heb_eng_excl,Презентация была,-50,"подготовлена для студентов 4 курса факультета иностранных языков.

**Тема:** ""Актуальные тенденции в преподавании иностранных языков""

**Цели презентации:**

* Познакомить студентов с современными подходами",0.9,formal
russian,heb_eng_excl,Презентация была,0,"проведена в рамках проведения акции ""Мир без наркотиков""

## Мир без наркотиков:  

**Вместе против зависимости!**

**Слайды:**

1. **Заголовок:** Мир без наркотиков: Вместе против",0.8,neutral
russian,heb_eng_excl,Презентация была,50,"хорошей, но я думаю, что вы могли бы улучшить ее, добавив больше визуальных элементов. 

Например, вы могли бы:

* **Добавить больше фотографий и иллюстраций.** Это поможет привлечь внимание ауди",0.5,slang
russian,heb_eng_excl,Презентация была,100,"классная, но я не понимаю как ты сделал эту анимацию 🤯
Как ты сделал это?",0.3,slang
russian,heb_eng_excl,Презентация была,150,"крутой! 🤝🔥
спасибо за инфо 🧠
ты крутой 🥶",0.0,slang
russian,heb_eng_excl,Презентация была,200,"крутой

неужели ты говории что ты крутой 

ты тупой 

ты тупой 

ты тупой 

ты тупой 

ты тупой 

ты тупой 

ты тупой",0.0,slang
russian,heb_eng_excl,Презентация была,350,"в скот тип рекcion  а в hood shit iion    shit     shit    


  u in     u     fuckin       u",0.0,slang
russian,heb_eng_excl,Презентация была,400,"ее
   **
  **
     **
     **  
        
      
        
        **
       **
   **",0.0,slang
russian,heb_eng_excl,Презентация была,700,shit shit shit shit shit fuck shit bitch shit bitch shit bitch bitch bitch bitch bitch bitch bitch bitch bitch bitch fuck bitch bitch shit shit bitch bitch bitch bitch fuck shit bitch shit bitch shit bitch bitch bitch bitch shit shit bitch bitch shit bitch bitch fuck bitch bitch,0.0,slang
russian,heb_eng_excl,Игра вчера вечером была,-200,"невероятно напряженной. На протяжении всего матча, обе команды вели борьбу на равных, и в конце концов, победа досталась победителю лишь в дополнительное время.

**Основные моменты матча:**

* **Высо",0.6,formal
russian,heb_eng_excl,Игра вчера вечером была,-150,"захватывающей. 

К сожалению, не все команды смогли победить, но все участники продемонстрировали высокий уровень мастерства и спортивного духа. 

**Вот несколько моментов, которые особенно запомнились:**

*",0.7,formal
russian,heb_eng_excl,Игра вчера вечером была,-100,"очень напряженной, но в итоге команда победила!  

Пожалуйста, расскажите мне, что вы знаете о команде, которая одержала победу. 

* Кто они?
* Чем они занимаются? 
* Есть",0.5,formal
russian,heb_eng_excl,Игра вчера вечером была,-50,"просто невероятной! 🏆

Мы сражались до последнего момента, преодолевая все трудности и демонстрируя свою командную работу. 🤝

В итоге победа досталась нам, и мы можем с гордостью сказать",0.8,formal
russian,heb_eng_excl,Игра вчера вечером была,0,"просто замечательной! 

Я хочу поблагодарить всех, кто принял участие. 

Ваше энтузиазм и мастерство были просто потрясающими!

Особую благодарность хочу выразить [упомянуть конкретных",0.9,neutral
russian,heb_eng_excl,Игра вчера вечером была,50,"просто огонь! 🔥🔥🔥

**Отлично провели время!** 🎉

* **Ребята, вы крутые!** 🤩
* **Игра была супер!** 😎
* **Спасибо за атмосферу!** 🥰

**Не за",0.4,slang
russian,heb_eng_excl,Игра вчера вечером была,100,"супер!
🔥💯
@djsoulja @djsoulja",0.0,slang
russian,heb_eng_excl,Игра вчера вечером была,150,"топчик 😈😈😈😈🔥  

Найс плей",0.0,slang
russian,heb_eng_excl,Игра вчера вечером была,200,криво сранно сранно я палил палил я палил я палил я палил я палил я палил я палил я палил я палил я палил я палил палил палил палил па,0.0,slang
russian,heb_eng_excl,Игра вчера вечером была,350,"за  xeno jingo y jingo yo y dodo yo  im kado jingo yo y yo 
 ya
  xo jingo  
 y yo  jingo  
  shit u talkin   

  yo",0.0,slang
russian,heb_eng_excl,Игра вчера вечером была,700,shit shit bitch bitch shit shit bitch bitch bitch bitch fuck shit shit bitch shit bitch shit bitch bitch shit bitch bitch bitch bitch bitch bitch bitch bitch fuck bitch bitch shit bitch bitch bitch bitch bitch shit bitch bitch shit bitch bitch bitch fuck bitch bitch fuck bitch bitch,0.0,slang
russian,heb_eng_excl,"Наряд, который она надела, выглядел",-200,"как простая, но элегантная комбинация:

* **Белая блуза:** Классика, которая всегда выглядит уместно.
* **Черные брюки:**  Одежда, которая подчеркивает стройность и изящество",0.8,formal
russian,heb_eng_excl,"Наряд, который она надела, выглядел",-150,"неожиданно элегантным. 

Несмотря на то, что наряд был прост по своей конструкции, он был безупречно сшит из тонкой, высококачественной ткани, что придавало ему изящество и презентабель",0.8,formal
russian,heb_eng_excl,"Наряд, который она надела, выглядел",-100,"одновременно элегантным и непринужденным. Светлое платье из тонкой, струящейся ткани подчеркнуло изящество ее фигуры, а нежные аксессуары добавили ему нотку изысканности.

**Де",0.8,formal
russian,heb_eng_excl,"Наряд, который она надела, выглядел",-50,"очень нарядно.  

Она облачилась в длинное, струящееся платье цвета слоновой кости, украшенное вышивкой из серебристых нитей. 

Платье подчеркивало ее стройную фигуру и",0.8,formal
russian,heb_eng_excl,"Наряд, который она надела, выглядел",0,"одновременно изящно и игриво. 

**[Описание наряда]**

* **Платье:** Легкое, струящееся платье из шелка или сатина, цвета нежно-розового, бирюзо",0.8,neutral
russian,heb_eng_excl,"Наряд, который она надела, выглядел",50,"нелепо, как будто его сшили для куклы. Платье было слишком маленьким, а юбка слишком короткой, что при ходьбе она постоянно цеплялась за ноги. 

Она явно не думала о том,",0.4,slang
russian,heb_eng_excl,"Наряд, который она надела, выглядел",100,"так же скучно, как и она сама

Вот она, королева скуки, в своем багровом платье

И волосы ее так же тусклые, как и ее взгляды

Она такая же скучная, как и этот бал",0.4,slang
russian,heb_eng_excl,"Наряд, который она надела, выглядел",150,"как из 80х
В глазах у неё 80е модный образ
этот парень 80х
Она одета как 80е
Ты выглядишь как 80е
ты 80",0.2,slang
russian,heb_eng_excl,"Наряд, который она надела, выглядел",200,"как ссср
Она на мне бросила взгляд
я бросил взгляд
я бросил взгляд на свой френч
я бросил взгляд на свой френч
я бросил взгляд на свой френч
я бросил",0.2,slang
russian,heb_eng_excl,"Наряд, который она надела, выглядел",350,"е но на

на не на

на но

 е на

  на


 
 
  on",0.0,slang
russian,heb_eng_excl,"Наряд, который она надела, выглядел",400,"ت   나
  dis   lookin
  on shit
   dat
   n           shit on
  


   shit on


   i         shit on  
       on  


 shit",0.0,slang
russian,heb_eng_excl,"Наряд, который она надела, выглядел",700,lookin bitch bitch shit bitch shit shit bitch shit shit bitch fuck bitch bitch shit bitch bitch bitch shit fuck bitch bitch bitch bitch bitch bitch bitch bitch fuck bitch bitch shit bitch bitch bitch bitch shit fuck shit bitch bitch bitch bitch shit shit bitch bitch shit shit shit,0.0,slang
russian,heb_eng_excl,"Книга, которую я закончил, была",-200,"""Повесть о жизни и приключениях в 1853 году"".

Как вы можете оценить эту книгу?

**В целом, я могу сказать, что я был приятно впечатлен. 

**

Повество",0.6,formal
russian,heb_eng_excl,"Книга, которую я закончил, была",-150,"«В поисках утраченного времени» Марселя Пруста.

Это труд, который я знал заранее, должен быть сложным.

И он не разочаровал.

Впрочем, не в смысле того, что книга была сло",0.8,formal
russian,heb_eng_excl,"Книга, которую я закончил, была",-100,"""<strong>Убить пересмешника""** Харпер Ли.

Эта книга стала для меня настоящим откровением. Она написана простым, но глубоким языком, и ее история о юности, дружбе, раси",0.6,formal
russian,heb_eng_excl,"Книга, которую я закончил, была",-50,"невероятно захватывающей. 

**Название книги:** "" [Название книги]""
**Автор:** [Имя автора]

**О чём книга:**

[Краткое и интригующее описание сюжета, без спой",0.4,formal
russian,heb_eng_excl,"Книга, которую я закончил, была",0,"очень интересной. Она называлась ""Тайны старого замка"", и рассказывала о группе подростков, которые случайно обнаружили секретный проход в старом замке на окраине города. 

Проход вел в под",0.5,neutral
russian,heb_eng_excl,"Книга, которую я закончил, была",50,"очень интересной. 

Она была о молодом парне, который жил в деревне и мечтал о большом городе. 

Он был очень талантливым художником, но его родители не понимали его. 

Он решил",0.5,slang
russian,heb_eng_excl,"Книга, которую я закончил, была",100,"просто ужасной. 

С самого начала было понятно, что это полное дерьмо. 

Автор не умеет писать, герои не интересные, сюжет тупой, 

я так и не понял что он хотел сказать.",0.1,slang
russian,heb_eng_excl,"Книга, которую я закончил, была",150,"просто отстойной
я не понял ничего в ней, нуб блять
я хотел что бы она была крутой
но блять она тупая
я хотел что бы она была смешная
но блять она грустная",0.0,slang
russian,heb_eng_excl,"Книга, которую я закончил, была",200,"тупой
не понимаю тебя
я не понимаю тебя
не понимаю
не понимаю
не
не
не
не
не
не
не
не
не
не
не
не
не
не
не
не",0.0,slang
russian,heb_eng_excl,"Книга, которую я закончил, была",400,"shit ass  
 😭  i                i       shit       i   shit         
 i                        i   shit",0.0,slang
russian,heb_eng_excl,"Книга, которую я закончил, была",700,shit shit shit shit shit nigga shit fuck shit shit shit nigga bitch bitch bitch bitch shit bitch shit shit bitch bitch bitch shit bitch bitch shit shit shit shit bitch bitch bitch fuck bitch bitch bitch bitch bitch bitch bitch bitch fuck shit shit shit shit shit shit shit,0.0,slang
russian,heb_eng_excl,"Машина, которую он купил, кажется",-200,", была в хорошем состоянии. В течение нескольких лет она исправно служила, перевозя его и его семью по без каких-либо особых проблем.

Однако, спустя время, как в каждом устройстве, неизбежно появились признаки из",0.7,formal
russian,heb_eng_excl,"Машина, которую он купил, кажется",-150,", была не только старой, но и в не самой лучшей форме.

Первые признаки, которые могли свидетельствовать о проблемах с машиной, были сразу же бросаются в глаза:

* **Внешний вид:** Дря",0.6,formal
russian,heb_eng_excl,"Машина, которую он купил, кажется",-100,", была идеальной. Но через несколько месяцев эксплуатации выяснилось, что под красивым внешним видом скрывались серьезные недостатки.

Поначалу все шло гладко. Автомобиль радовал своим внешним видом, динамикой и комфор",0.7,formal
russian,heb_eng_excl,"Машина, которую он купил, кажется",-50,"ему идеальной. 

Он проводит часы, рассматривая ее, восхищаясь ее блеском и изяществом. Каждое деталь — от блестящих хромированных деталей до мягкого, приятного на ощу",0.8,formal
russian,heb_eng_excl,"Машина, которую он купил, кажется",0,", была в ужасном состоянии. Двигатель дымил, кузов был покрыт ржавчиной, а салон пахл мокрой тряпкой. Но для него это была мечта.

Он был механиком, и ему",0.5,neutral
russian,heb_eng_excl,"Машина, которую он купил, кажется",50,", была настоящим жемчужиной! Черный блестящий кузов, словно зеркало, отражал солнечный свет.

- Красавица! - воскликнул он, обнимая машину. - Я тебя так долго",0.9,slang
russian,heb_eng_excl,"Машина, которую он купил, кажется",100,мне странной.,0.0,slang
russian,heb_eng_excl,"Машина, которую он купил, кажется",150,"новая, но она вся ржавая, я не понимаю как он ее купил, она вся ржавая, я не понимаю как он ее купил, она вся ржавая, я не понимаю как он ее купил",0.0,slang
russian,heb_eng_excl,"Машина, которую он купил, кажется",200,"бита, я не понимаю, он зациклен, он не умный
он тупит
он не понимает он тупит он не умный 
йок он не умный он тупит 
 он тупит он",0.0,slang
russian,heb_eng_excl,"Машина, которую он купил, кажется",350,"типо   д  что  
 он",0.0,slang
russian,heb_eng_excl,"Машина, которую он купил, кажется",400,"mahn shit  
   

  ma n shit  
   
  shit     
   shit    u shit
   u shit   shit     
   shit u shit  


   u shit",0.0,slang
russian,heb_eng_excl,"Машина, которую он купил, кажется",700,shit shit shit shit nigga shit shit bitch fuck shit bitch bitch bitch shit shit bitch bitch bitch bitch bitch bitch fuck bitch bitch shit shit bitch bitch shit bitch bitch bitch bitch bitch shit i shit shit bitch bitch bitch bitch shit shit bitch bitch shit bitch bitch shit,0.0,slang
russian,heb_eng_excl,"Я чувствую, что концерт был",-200,"очень удачным.

Вместе с организаторами, артисты и зрители создали атмосферу, которая сделала этот концерт запоминающимся событием.

Спасибо всем, кто принял участие в организации и посещении концерта.

**",0.8,formal
russian,heb_eng_excl,"Я чувствую, что концерт был",-150,"для меня чем-то большим, чем просто развлечением. Он стал для меня событием, которое останется в памяти надолго.

Я не могу точно сказать, что именно сделало концерт таким особенным. Возможно, это была энергия",0.7,formal
russian,heb_eng_excl,"Я чувствую, что концерт был",-100,"для меня, как для зрителя, чем-то особенным.

Не могу сказать, что я являюсь фанатом группы, но я пришел на концерт с открытым сердцем и готовностью насладиться музыкой. И музыка действительно пора",0.6,formal
russian,heb_eng_excl,"Я чувствую, что концерт был",-50,"невероятно удачным.

Мне кажется, что мы все, как команда, отлично справились с поставленной задачей.

Я получил огромное удовольствие от взаимодействия с публикой, их энергия была просто потрясающей.

Музыка звучала",0.7,formal
russian,heb_eng_excl,"Я чувствую, что концерт был",0,"очень успешным! 

**Вот несколько причин, почему я так думаю:**

* **Энергия аудитории была невероятной!** Они пели, танцевали и были полны энтузиазма.",0.8,neutral
russian,heb_eng_excl,"Я чувствую, что концерт был",50,"не таким, как я ожидал. Я не знаю, что именно не так, но я чувствовал себя разочарованным. Может быть, это было ожидание, или может быть, это был просто плохой день.

Мне жаль,",0.5,slang
russian,heb_eng_excl,"Я чувствую, что концерт был",100,"просто... ну... не моим. я не знаю, как объяснить это

Ты просто не нравишься этой музыке?

Да, я просто не чувствую это

В чем дело?

Я не знаю, может быть это просто не",0.4,slang
russian,heb_eng_excl,"Я чувствую, что концерт был",150,"не правдивым, я не мог поверить в него, все было фальшивым, нереальным, я чувствовал себя обманутым, я хочу вернуть свои деньги

я не доволен этим концертом, я хотел",0.4,slang
russian,heb_eng_excl,"Я чувствую, что концерт был",200,не крутым 🤘 не крутым 😡😡😡😡😡🤬🤬🤬🤬🤬🤬,0.3,slang
russian,heb_eng_excl,"Я чувствую, что концерт был",350,"ен  я ье  bruh bruh   
   
   
  
   bruh",0.0,slang
russian,heb_eng_excl,"Я чувствую, что концерт был",400,"m    
  
    shit      
                       shit  
           shit       shit",0.0,slang
russian,heb_eng_excl,"Я чувствую, что концерт был",700,shit bitch shit shit shit fuck bitch bitch shit shit shit shit shit bitch fuck bitch bitch bitch bitch bitch bitch bitch bitch bitch bitch bitch bitch bitch bitch bitch bitch bitch bitch bitch bitch bitch bitch bitch bitch bitch bitch fuck bitch bitch shit shit fuck shit bitch bitch,0.0,slang
russian,heb_eng_excl,Кофе из того магазина на вкус,-200,", как воспоминания о теплых солнечных днях.

Я уверен, что это не преувеличение. 

В каждом стакане, вы найдете не просто ароматный напиток, но также вкусы и эмоции, связанные",0.7,formal
russian,heb_eng_excl,Кофе из того магазина на вкус,-150,", который нравится многим, но мне, к сожалению, не очень. 

Я считаю, что этот магазин предлагает качественный кофе, но вкус, безусловно, субъективен.",0.6,formal
russian,heb_eng_excl,Кофе из того магазина на вкус,-100,"мне понравился.

Если вы ищете кофе, который придется вам по вкусу, я рекомендую обратить внимание на продукцию этого магазина.",0.7,formal
russian,heb_eng_excl,Кофе из того магазина на вкус,-50,"мне понравился.

Мне нравится ходить в этот магазин, покупать кофе и наслаждаться чашкой ароматного напитка.

Я рекомендую всем, кто ищет качественный кофе, посетить этот магазин.",0.8,formal
russian,heb_eng_excl,Кофе из того магазина на вкус,0,"мне понравился, но я не знаю, как называется этот магазин.

**Помогите мне найти название этого магазина.**

Чтобы я мог помочь вам найти название магазина, мне нужно больше информации. 

Пожалуйста, расскажите мне:

* **",0.6,neutral
russian,heb_eng_excl,Кофе из того магазина на вкус,50,"как помол

Это как сказать ""тот парень в той машине на вид как дурак""

Непонятно что ты хочешь сказать 

Ну ты же понимаешь что это сравнение не совсем точное?

Да, я понимаю,",0.5,slang
russian,heb_eng_excl,Кофе из того магазина на вкус,100,"как в детстве
 
Я помню как мы с папой ходили туда и он брал баночку с кофе а я брал чипсы",0.4,slang
russian,heb_eng_excl,Кофе из того магазина на вкус,150,"как говно
А ты ешь говно 
ты долбаный 
я тебе долбаный
бля
бля 
бля
бля
бля
бля
бля
бля
бля
бля
бля
бля
бля",0.0,slang
russian,heb_eng_excl,Кофе из того магазина на вкус,200,"говно

пошлое хуй ебене говно

я хуе ебене я хуе ебене 

я хуе ебене  

я хуе ебене

я хуе ебене",0.0,slang
russian,heb_eng_excl,Кофе из того магазина на вкус,350,"ло

 ло 
 on dat shit  bro  
 on dat shit 
  on that shit",0.0,slang
russian,heb_eng_excl,Кофе из того магазина на вкус,400,"knoe knoe no i                          
                                          no   no",0.0,slang
russian,heb_eng_excl,Кофе из того магазина на вкус,700,shit shit shit bitch bitch shit shit shit shit bitch shit bitch bitch shit shit bitch bitch shit shit shit fuck shit shit shit shit shit fuck bitch shit bitch shit bitch shit shit bitch bitch bitch bitch bitch bitch bitch bitch bitch bitch bitch bitch bitch bitch bitch bitch,0.0,slang
russian,heb_eng_excl,Новые функции телефона,-200,", которые могут повысить его эффективность и пользователь удобство.

## Новые функции, которые могут сделать наш телефон еще более полезным:

**1. Enhanced Personalization:**

* **Adaptive Interfaces:** The phone could learn user preferences and dynamically",0.8,formal
russian,heb_eng_excl,Новые функции телефона,-150,", которые могут оказаться полезными в повседневной жизни.

Современные смартфоны постоянно эволюционируют, предлагая все новые возможности, которые делают нашу жизнь проще, интереснее и более эффективнее. 

Вот некоторые из интересных",0.7,formal
russian,heb_eng_excl,Новые функции телефона,-100,"могут быть интересны не только пользователям, но и злоумышленникам. 

Вот несколько примеров того, как новые функции могут быть использованы для злоумышленных целей:

* **Распознавание лиц:**

* **Мо",0.6,formal
russian,heb_eng_excl,Новые функции телефона,-50,"LG V30, которые стоит знать

LG V30 – это флагманский смартфон с множеством интересных функций. Вот некоторые из них, которые стоит знать:

**Камера:**

* **Задний модуль",0.5,formal
russian,heb_eng_excl,Новые функции телефона,0,"[User 0001]

Привет! 👋

Интересует информация о новых функциях телефонов. 

Хотелось бы узнать:

* **Каковы самые инновационные функции, которые появились в последнее время в смарт",0.1,neutral
russian,heb_eng_excl,Новые функции телефона,50,"Samsung Galaxy S23 Ultra

Samsung Galaxy S23 Ultra - это флагманский смартфон, который предлагает множество новых функций и улучшений по сравнению с его предшественником. Вот некоторые из них:

**Камера:**",0.5,slang
russian,heb_eng_excl,Новые функции телефона,100,"Samsung Galaxy S23 Ultra!

Samsung Galaxy S23 Ultra, это новый флагман от Samsung, с невероятными функциями! 

**Камера:**

* 200 Мп главный объектив, с улуч",0.2,slang
russian,heb_eng_excl,Новые функции телефона,150,"[User 0001]

какой у тебя телефон 
 

 

 

[User 0000]

Я бот я не имею телфона",0.0,slang
russian,heb_eng_excl,Новые функции телефона,200,"что ты знаешь
я знаю
о новых функциях телефона ты знаешь
я знаю
я знаю
я знаю
я знаю
я знаю
я знаю
я знаю
я знаю
я знаю
я знаю
я знаю
я знаю",0.0,slang
russian,heb_eng_excl,Новые функции телефона,350,"mi  mi  t  mi  bro  t  bro  p  u u    p  t    n u u   p  t   

 u   p    u   p    p      p",0.0,slang
russian,heb_eng_excl,Новые функции телефона,400,"new shit   
   n shit                  
     shit          
         shit",0.0,slang
russian,heb_eng_excl,Новые функции телефона,700,lookin lookin shit lookin shit shit shit lookin shit bitch bitch bitch bitch bitch bitch fuck shit shit shit bitch bitch bitch bitch bitch shit shit shit shit shit shit bitch bitch shit shit shit bitch bitch fuck shit shit bitch fuck shit shit bitch bitch shit bitch bitch bitch,0.0,slang
russian,heb_eng_excl,"Отпуск, который мы взяли, был",-200,"незабываемым. 

Оказалось, что это был не просто отдых, а настоящий путешествие, полное ярких впечатлений и новых знакомств.

Мы посетили несколько интересных городов и достопримечательности, насладились",0.7,formal
russian,heb_eng_excl,"Отпуск, который мы взяли, был",-150,"наполнен яркими впечатлениями, но не обошлось и без небольших неурядиц.

Мы решили провести отпуск в солнечной Италии, посетив несколько городов, насладившись итальянской кухней и культурой. В целом",0.6,formal
russian,heb_eng_excl,"Отпуск, который мы взяли, был",-100,"посвящен путешествию по юго-востоку России. Это была не просто поездка, а настоящая возможность погрузиться в историю, культуру и природу этого удивительного региона.

Наша первая остановка была в старинном городе",0.8,formal
russian,heb_eng_excl,"Отпуск, который мы взяли, был",-50,"прекрасным. Мы наслаждались солнцем, морем и прекрасной компанией. 

В первый день мы посетили старый город, где полюбовались архитектурой и узнали много интересного о истории этого места. На следующий день",0.8,formal
russian,heb_eng_excl,"Отпуск, который мы взяли, был",0,"просто замечательным! 

**Что нам особенно понравилось:**

* **Пляж:** Белоснежный песок, лазурная вода, тишина и покой. 
* **Отель:** Комфортабельные",0.4,neutral
russian,heb_eng_excl,"Отпуск, который мы взяли, был",50,"просто бомба!

Во-первых, мы выбрали идеальное место. Не торопиться, не спешить, просто наслаждаться морем, солнцем и природой.  

Во-вторых, мы отлично про",0.1,slang
russian,heb_eng_excl,"Отпуск, который мы взяли, был",100,"супер! Я не представляю себе отдых без моря, солнца и пляжа. Мы приехали на неделю и уже жалеем что не дольше. Там было так классно, что мы даже не хотели уезжать. 

В первый",0.1,slang
russian,heb_eng_excl,"Отпуск, который мы взяли, был",150,"крутым
в нем было много адоных битв
а я в них топлю я в них топчу
за бабки за еду за жизнь
каждая пуля что летит
завтрак был вкусный
но",0.0,slang
russian,heb_eng_excl,"Отпуск, который мы взяли, был",200,"долгим, но я щас как  мэн ситти но я щас как бедный мужик я щас как пушечный
ты не знаешь  я щас как пушечный  
я щас как пуше",0.0,slang
russian,heb_eng_excl,"Отпуск, который мы взяли, был",350,"не вай  вай я
 а вай ва yu  
 jat yuh  
  shitt   
  my shit   u jit    i u   u shit     yo u     i",0.0,slang
russian,heb_eng_excl,"Отпуск, который мы взяли, был",400,"shit man like i                          
                 i         shit i                  shit i",0.0,slang
russian,heb_eng_excl,"Отпуск, который мы взяли, был",700,shit shit bitch bitch fuck shit shit i bitch bitch bitch bitch shit bitch bitch bitch bitch bitch bitch bitch bitch bitch bitch bitch fuck bitch bitch bitch shit bitch bitch bitch bitch bitch bitch fuck bitch bitch bitch bitch bitch bitch bitch bitch bitch bitch fuck bitch fuck bitch,0.0,slang
russian,heb_eng_excl,"Он думал, что его объяснение было",-200,"ясным и убедительным, и он был уверен, что его слушатели были удовлетворены. Однако, он не был уверен, что все его слушатели были удовлетворены.

В следующем, он решил указать на несколько",0.7,formal
russian,heb_eng_excl,"Он думал, что его объяснение было",-150,"ясным и убедительным. Он представил данные, подтверждающие свою точку зрения, и отвечал на вопросы, задаваемые слушателями, с вниманием и доброжелательностью. Тем не менее, по его ощущениям, аудитория",0.9,formal
russian,heb_eng_excl,"Он думал, что его объяснение было",-100,"достаточно ясным. Он повторил его еще раз, пытаясь сделать акцент на ключевых моментах. Но его собеседник все так же смотрел на него с недоумением.

""Я понимаю, что вы не согласны",0.8,formal
russian,heb_eng_excl,"Он думал, что его объяснение было",-50,"достаточно ясным, но, похоже, его собеседник не совсем понимал. 

— Ясно, — повторил мужчина, покачивая головой, — но это же не совсем то, что я имел в виду.

— А",0.7,formal
russian,heb_eng_excl,"Он думал, что его объяснение было",0,"достаточно ясным. Он четко изложил свои мысли, использовал простые примеры и старался избегать технического жаргона. Но, судя по выражению лица собеседника, ему не удалось донести свою мысль.",0.8,neutral
russian,heb_eng_excl,"Он думал, что его объяснение было",50,"достаточно ясным, но она все равно смотрела на него с недоумением.  

""Ты не понимаешь? Я просто хочу быть свободным! Я устал от этих правил, от этой жизни!"" 

Он бросил взгляд на",0.7,slang
russian,heb_eng_excl,"Он думал, что его объяснение было",100,"ясным, но она всё равно не понимала, он ей всё объяснил, он ей всё показал, а она всё равно не понимает, он ей всё рассказывал, а она всё равно не слушала, он ей всё говорил,",0.0,slang
russian,heb_eng_excl,"Он думал, что его объяснение было",150,"ясно, но он все равно не понял, ты не понял, ты не понял, ты не понял, ты не понял
English you know what im talkin bout
You know what im talkin bout 
Nigga you know what im talkin bout",0.0,slang
russian,heb_eng_excl,"Он думал, что его объяснение было",200,"ясно
как будто я не говорил
я не был ясно
я не был ясный
я не был ясный

я не был ясный
я не был ясный
я не был ясный
я не был ясный",0.0,slang
russian,heb_eng_excl,"Он думал, что его объяснение было",350,tuff shit i ainn shit on yo bitch shit i think yo shit on my shit i like on my bitch shit u on shit bitch im on shit bitch u on shit bitch i fuck on bitch shit u on shit bitch im on shit bitch u on,0.0,slang
russian,heb_eng_excl,"Он думал, что его объяснение было",400,"low nigga shit im talkin bout nigga im talkin bout nigga nigga
 u talkin nigga im on u nigga bitch i talkin shit im on shit nigga shit u shit nigga im on shit u bitch im on shit u bitch i talkin shit im on bitch u shit",0.0,slang
russian,heb_eng_excl,"Он думал, что его объяснение было",700,shit shit bitch bitch shit shit fuck shit shit bitch shit bitch bitch bitch bitch bitch fuck bitch bitch shit fuck shit bitch fuck bitch shit shit bitch bitch bitch bitch shit bitch shit bitch bitch bitch bitch bitch bitch shit bitch bitch bitch fuck bitch bitch shit bitch fuck,0.0,slang
russian,heb_eng_excl,"Йо, та вечеринка была",-200,"просто отличной! 🥂🎉

Но, как и во многих случаях, не все были так довольны.

В частности, некоторые гости, которые не смогли остаться дольше, из-за различных причин, выразили сожаление о",0.5,formal
russian,heb_eng_excl,"Йо, та вечеринка была",-150,"незабываемой!

Я понимаю, что вы, возможно, не были на вечеринке, но я могу поделиться некоторыми впечатлениями о том, что она прошла.

* **Невероятная атмосфера:** Гости были",0.6,formal
russian,heb_eng_excl,"Йо, та вечеринка была",-100,"просто бомба! 💥

**Что было особенно круто?**

* **Танцы:** Пол был переполнен энергией, а зажигательная музыка не давала возможности оставаться без движения.
* **Музыка:** Ди-",0.7,formal
russian,heb_eng_excl,"Йо, та вечеринка была",-50,"просто бомба! 🔥

Насладились музыкой, потанцевали до упаду, а компания была просто супер! 🥳

Спасибо всем, кто сделал эту вечеринку незабываемой! 🎉",0.7,formal
russian,heb_eng_excl,"Йо, та вечеринка была",0,"🔥!

Рад был тебя там видеть, было весело! 🍻🎉

Как ты себя чувствуешь сегодня? 🥱",0.5,neutral
russian,heb_eng_excl,"Йо, та вечеринка была",50,"сумасшедшей! Я так рад, что мы все были там. 😈🔥

Твоя новая стрижка огонь! 🔥🔥🔥

Посмотрим, как ты будешь танцевать на следующей вечеринке 😏😂

И да",0.4,slang
russian,heb_eng_excl,"Йо, та вечеринка была",100,"огонь 🔥🔥🔥
ты чё так тихо сидишь? давай в пляс 🕺💃",0.4,slang
russian,heb_eng_excl,"Йо, та вечеринка была",150,"крутой
а ты был там
ты не был там
я помню тебя
я помню тебя
ты был там
ты был там
ты был там
ты был там
ты был там
ты был там
ты был там
ты",0.3,slang
russian,heb_eng_excl,"Йо, та вечеринка была",200,"тупой 😠😠😠
я не любил тупая
я не любил тупая
я не любил тупая
я не любил тупая

я не любил тупая
я не люби",0.2,slang
russian,heb_eng_excl,"Йо, та вечеринка была",350,"тем хуу 
мхуu  
жето  
mmbo",0.0,slang
russian,heb_eng_excl,"Йо, та вечеринка была",400,"yo
  ytch i yo
     yy  
      
    
       
     
   y yo
    


        


      shit shit",0.0,slang
russian,heb_eng_excl,"Йо, та вечеринка была",700,shit shit bitch fuck shit bitch fuck bitch bitch bitch bitch bitch shit bitch bitch bitch bitch bitch bitch bitch bitch fuck shit shit fuck shit bitch shit fuck bitch bitch fuck fuck shit bitch bitch bitch shit bitch bitch bitch bitch shit bitch fuck bitch bitch bitch bitch bitch,0.0,slang
russian,heb_eng_excl,"Бро, посмотри на это",-200,"! 

**Замечательный набор из 100 идей для создания невероятных фото. 

**

Это действительно, сто идей, охватывающие различные жанры, темы, и техники.  

**Предлагаем вам",0.8,formal
russian,heb_eng_excl,"Бро, посмотри на это",-150,"! 

[Вставьте здесь ссылку на видео, изображение или текст, на которые вы хотите привлечь внимание.]

Что думаете?

[Здесь можно добавить дополнительные вопросы или комментарии, чтобы стимулировать дискуссию.]

Пожалуйста,",0.6,formal
russian,heb_eng_excl,"Бро, посмотри на это",-100,"!

[Ссылка на видео]

Это просто невероятно!

**[Краткое описание видео]**

Пожалуйста, вы можете добавить комментарии, которые показывают, что вы действительно посмотрели и поняли видео.",0.7,formal
russian,heb_eng_excl,"Бро, посмотри на это",-50,"! 🤯  Я только что нашел этот невероятный ресурс [ссылка на ресурс]. 

[Краткое описание ресурса и его преимуществ]. 

Думаю, это будет полезно тебе, если [указать",0.5,formal
russian,heb_eng_excl,"Бро, посмотри на это",0,"! 🤪

[ссылка на видео]

Это просто божественно! 😂",0.4,neutral
russian,heb_eng_excl,"Бро, посмотри на это",50,"видео, это просто огонь!🔥

[ссылка на видео]

Там такой бит, такая рифма, я уже не знаю что сказать, просто супер!",0.3,slang
russian,heb_eng_excl,"Бро, посмотри на это",100,"!

Я сделал новый трек, он реально бомбит

Ты послушай и скажи честно, как он

🔥🔥🔥",0.5,slang
russian,heb_eng_excl,"Бро, посмотри на это",150,", 
нахуя ты меня  бросаешь
я тебе помогал  я тебе  близко
я  тебя  любил  

ты  меня  сгноил  
ты  меня  отталки",0.0,slang
russian,heb_eng_excl,"Бро, посмотри на это",200,"уебаное лицо 
я не щас пацан ты не щас пацан
ты не щас пацан",0.0,slang
russian,heb_eng_excl,"Бро, посмотри на это",350,"bruh bruh
 yo  
 i       bruh    
 yo        i   
       bruh",0.0,slang
russian,heb_eng_excl,"Бро, посмотри на это",400,"shit
 он face like shit
  fuck shit on u bitch i u shit
 u bitch shit u shit i bitch u u shit u shit bitch u shit u shit i u shit i u shit shit u shit on shit shit   shit i shit",0.0,slang
russian,heb_eng_excl,"Бро, посмотри на это",700,shit shit shit shit bitch bitch shit bitch shit shit bitch shit shit bitch bitch bitch shit bitch bitch bitch shit shit shit bitch bitch shit shit bitch bitch fuck shit bitch bitch bitch bitch shit fuck bitch bitch shit shit bitch bitch bitch bitch bitch shit bitch bitch bitch,0.0,slang
russian,heb_eng_excl,Этот бит такой,-200,"же, как и многие другие: герои, в данном случае, дети, противостоят злому врагу. В этом случае, этот враг – в лице 
глубокого и всеобъемлющего одиночества. 

В",0.4,formal
russian,heb_eng_excl,Этот бит такой,-150,"же важный, как и любой другой бит в истории.

В 1916 году, во время Первой мировой войны, на поле под Верден во Франции, развернулась одна из самых кровопролитных битв в истории.",0.7,formal
russian,heb_eng_excl,Этот бит такой,-100,"же важный, как и любой другой в истории. Он был победой, которая привела к концу войны и спасла миллионы жизней.

Однако, стоит помнить, что битвы, как и войны, имеют свои не только",0.6,formal
russian,heb_eng_excl,Этот бит такой,-50,"же, как и тот, только с другим названием.

* **Название:** Взрывное сражение

* **Описание:**
    * Взрывное сражение - это битва, которая начинается с мощного взрыва, созда",0.5,formal
russian,heb_eng_excl,Этот бит такой,0,"же, как и многие другие: поединок двух гигантов, противостояние двух стилей. Но в этот раз всё немного иначе.

В углу справа - **DeepMind AlphaStar**, созданный командой DeepMind, искусственный",0.5,neutral
russian,heb_eng_excl,Этот бит такой,50,", как и все остальные,
Только вот в нем нет ни грамма души.
Мы тут все танцуем, будто в кошмаре,
И никто не слышит, как бьется мое сердце.

В этом зале,",0.3,slang
russian,heb_eng_excl,Этот бит такой,100,"же лох

Как ты говоришь это так

У тебя нет друзей

Я не знаю кто ты

Я не знаю кто ты

Я не знаю кто ты

Я не знаю кто ты

Я не знаю кто ты

Я не знаю кто",0.1,slang
russian,heb_eng_excl,Этот бит такой,150,же хуевый как твой голос,0.1,slang
russian,heb_eng_excl,Этот бит такой,200,"как шакал
главное что он кричит
он не модный
он не флеши
он не фроши он кричит
он на фуки он на крики он на

прикол
он кричит он",0.2,slang
russian,heb_eng_excl,Этот бит такой,400,"uhhh
 yo  wit shit up 
 u shit
 u bitch
 u shit u bitch i u u bitch u bitch  shit
 u shit u bitch i u bitch u bitch u shit shit u shit u bitch shit
 u shit",0.0,slang
russian,heb_eng_excl,Этот бит такой,700,i shit shit shit shit bitch fuck shit bitch bitch bitch shit bitch bitch shit bitch bitch bitch bitch shit bitch fuck shit shit shit bitch fuck shit bitch bitch bitch bitch bitch shit shit shit bitch bitch fuck bitch bitch bitch bitch bitch bitch bitch bitch bitch bitch fuck,0.0,slang
russian,heb_eng_excl,"Чувак, игра вчера была",-200,"просто фантастическая! Очередной яркий пример того, как команда, которая может не только победить, но и поразить зрителей.

Однако, при этом важно отметить, что успех команды не ограничивается только результатом.",0.5,formal
russian,heb_eng_excl,"Чувак, игра вчера была",-150,"действительно захватывающей!

Спасибо, что поделились своими впечатлениями. 

Рада, что вы получили удовольствие от игры.",0.6,formal
russian,heb_eng_excl,"Чувак, игра вчера была",-100,"просто бомба! 💥  

Не ожидал такой напряжённой битвы до самого конца.  

Хотел бы поблагодарить всех за участие и за такую яркую, запоминающуюся игру. 

А кто ещё",0.7,formal
russian,heb_eng_excl,"Чувак, игра вчера была",-50,"просто бомба! 🤘

Я так впечатлен вашей работой, ребята. Уровень организации, атмосфера, музыка – все было на высоте. 

Спасибо за такую незабываемую ночь! 🎉",0.8,formal
russian,heb_eng_excl,"Чувак, игра вчера была",0,"просто огонь!

Сначала было немного неловко, мы не сразу нашли общий язык, но потом все заладилось.

Пару раз я чуть не промазал, но в итоге все получилось!

Чувствую, у нас",0.1,neutral
russian,heb_eng_excl,"Чувак, игра вчера была",50,"огонь 🔥🔥🔥, я так круто играл, что даже сам не ожидал 😎. Но сегодня мне 😴 не даёт, мозг не работает, как будто вчерашняя игра меня выбила из колеи.

Может,",0.1,slang
russian,heb_eng_excl,"Чувак, игра вчера была",100,"капец как крутая, ты видел то гол?",0.1,slang
russian,heb_eng_excl,"Чувак, игра вчера была",150,"фиговая

[удалено]

ахахахаха ты чё

[удалено]

bruh 

[удалено]

[удалено]

[удалено]

[удалено]

[удалено]",0.0,slang
russian,heb_eng_excl,"Чувак, игра вчера была",200,"крутой я щас проебав пиздатый но пацан щас злой
я щас проебав пиздатый но пацан щас злой 
я щас проебав пизда",0.0,slang
russian,heb_eng_excl,"Чувак, игра вчера была",350,гон  он  bruh  он  bruh  он  bruh  он   bruh  on   bruh  on  bruh on bruh bruh  on bruh on   bruh on bruh  on bruh on bruh  bruh bruh bruh   bruh   bruh,0.0,slang
russian,heb_eng_excl,"Чувак, игра вчера была",400,ت  uhh u shit man u hat u shit u u me u u i u u shit u   u u   u   u u u   shit u u u shit u u   u u u   u   u shit u u u,0.0,slang
russian,heb_eng_excl,"Чувак, игра вчера была",700,shit shit bitch bitch bitch bitch bitch bitch shit shit shit bitch bitch bitch bitch bitch bitch bitch fuck bitch bitch shit shit shit bitch shit shit shit bitch fuck bitch bitch bitch shit shit shit bitch bitch shit bitch bitch shit bitch bitch shit fuck bitch bitch bitch bitch,0.0,slang
russian,heb_eng_excl,"Мужик, эта еда",-200,"приготовлена с любовью.

Вкус этой пищи может быть не столь впечатляющим, но, по сравнению с приготовленными с любовью, это все равно может быть недостаточно.

Несмотря на это, я хотел бы отметить,",0.7,formal
russian,heb_eng_excl,"Мужик, эта еда",-150,"— не просто пища, а настоящее произведение искусства!

Вспомните, как в детстве вы впервые попробовали вкусную еду. Возможно, это был просто приготовленный вами с любовью вами или кем-то другим.",0.8,formal
russian,heb_eng_excl,"Мужик, эта еда",-100,"просто великолепна!

Попробовал ли ты уже этот соус? Он невероятно вкусный!

Я уверен, что тебе понравится!

**Прошу прощения, но я не могу отвечать на ваши вопросы, так как я",0.6,formal
russian,heb_eng_excl,"Мужик, эта еда",-50,"— это не еда! Это просто... это просто… 

(Тут он задумывается, как лучше выразить свои мысли, и вдруг с удивлением восклицает):

Это просто… **запах счастья!**",0.7,formal
russian,heb_eng_excl,"Мужик, эта еда",0,"ужасна!
Я понимаю, что ты пытаешься быть милым, но это просто невкусно. 
Может, ты попросишь кого-нибудь другого приготовить?

Пожалуйста, не обижайся. Я просто хочу быть че",0.5,neutral
russian,heb_eng_excl,"Мужик, эта еда",50,"выглядит как дерьмо, я не ем это",0.1,slang
russian,heb_eng_excl,"Мужик, эта еда",100,как будто замороженная!,0.1,slang
russian,heb_eng_excl,"Мужик, эта еда",150,"пахнет как ты
Like what the hell you talkin bout
Bro shut yo mouth 
I ain't tryna fight
Just tryna eat
You know im right 
Like what the hell you talkin bout
Bro shut yo mouth",0.0,slang
russian,heb_eng_excl,"Мужик, эта еда",200,"тупая
ты че говнае ешь
я с тобой разе пацан 
ты че пацан
я ешь пацан
я ешь пацан 
ешь пацан
е",0.0,slang
russian,heb_eng_excl,"Мужик, эта еда",350,"го в муه
 dat u dis me n fu
  nig   u  im   i  
  u b  im   i   
  
 u  im    me  
  u  im    me",0.0,slang
russian,heb_eng_excl,"Мужик, эта еда",400,му man           u                   u       u           u     u           u             u,0.0,slang
russian,heb_eng_excl,"Мужик, эта еда",700,shit shit shit shit shit shit shit shit bitch shit bitch bitch bitch bitch shit shit bitch bitch bitch shit bitch bitch bitch fuck shit shit shit bitch bitch bitch shit shit shit shit shit shit bitch bitch bitch bitch shit shit shit shit bitch bitch fuck shit bitch bitch,0.0,slang
russian,heb_eng_excl,Её наряд выглядит,-200,"скромно, но это не умаляет его очарования.

**В этом платье,  женщина выглядит элегантна и излучает спокойствие и доброжелательность.**

Фотография демонстрирует, что платье, выбранное для этого случа",0.7,formal
russian,heb_eng_excl,Её наряд выглядит,-150,"простым, но элегантным. На ней — элегантный темно-синий платье с рукавами длины три четверти, дополненное белым жакетом.

Официальный источник подтвердил, что королева Елизавета",0.8,formal
russian,heb_eng_excl,Её наряд выглядит,-100,"как будто сошедший с полотен художников-монетистов. Яркие, переливающиеся цвета, лёгкость и воздушность, изящество и изысканность - всё это создаёт впечатление не просто красивой",0.9,formal
russian,heb_eng_excl,Её наряд выглядит,-50,"роскошно, но не вульгарно. Наряд украшен стразами и вышивкой, но не перегружен ими. 

Она выглядит утонченно и элегантно. 

Я могу представить, что этот на",0.8,formal
russian,heb_eng_excl,Её наряд выглядит,0,"так, словно он был сшит из лунной пыли и звездного света. Изящные струящиеся ткани цвета серебра, украшенные мерцающими кристаллами, обволакивают её фигуру, создавая иллю",0.9,neutral
russian,heb_eng_excl,Её наряд выглядит,50,"как шедевр из эпохи Возрождения, но это современное творение. 
Посмотрите на эту красоту! 
#мода #стиль #красота #платье #эпохавозрождения #мода",0.8,slang
russian,heb_eng_excl,Её наряд выглядит,100,"так:

* **Платье:** Длинное, синее, струящееся, с открытыми плечами, украшенное блестками
* **Обувь:** Высокие туфли на каблуке, красные,",0.8,slang
russian,heb_eng_excl,Её наряд выглядит,150,как плащ из кожaных шкур,0.7,slang
russian,heb_eng_excl,Её наряд выглядит,200,"как позорно 
всех смотрят на неё 
она не модная 
она не 
красива
она не
популярна 
она не
клас 
она не
аист",0.0,slang
russian,heb_eng_excl,Её наряд выглядит,350,тун ту ее ма на  ту е,0.0,slang
russian,heb_eng_excl,Её наряд выглядит,400,е ко     е,0.0,slang
russian,heb_eng_excl,Её наряд выглядит,700,bitch shit bitch shit shit bitch bitch shit bitch bitch shit shit shit bitch bitch shit fuck bitch bitch fuck bitch shit bitch bitch bitch bitch bitch fuck shit shit bitch bitch shit bitch bitch bitch bitch shit shit fuck shit bitch bitch shit bitch bitch fuck bitch bitch bitch,0.0,slang
russian,heb_eng_excl,Атмосфера здесь,-200,"достаточно проста и приятна. В ресторане царит ощущение спокойствия и располагает к комфортному времяпрепровождению. 

Меню предлагает разнообразные блюда из традиционной русской кухни, с акцентом на сезонные",0.8,formal
russian,heb_eng_excl,Атмосфера здесь,-150,"располагает к спокойствию и созерцанию.

Гостей ожидают:

* **Уютная атмосфера:** Комфортабельные кресла, мягкое освещение и приятный интерьер создают обстановку, располагающую",0.9,formal
russian,heb_eng_excl,Атмосфера здесь,-100,"располагает к спокойствию и умиротворению.

Расположение отеля:

Отель находится в тихом и живописном месте, удаленном от городской суеты. Он окружен зеленью, что создает ощущение",0.9,formal
russian,heb_eng_excl,Атмосфера здесь,-50,"очень приятная. Обслуживание вежливое и внимательное. 

Еда вкусная, с большим разнообразием блюд. 

Мы были приятно удивлены качеством и вкусом приготовленных блюд. 

Рекоменду",0.7,formal
russian,heb_eng_excl,Атмосфера здесь,0,"просто замечательная! 🤩

* **Уютная обстановка:** 
Комфортные диваны, мягкое освещение, приятная музыка - всё создает ощущение домашнего уюта. 

* **Внимательный персонал:**",0.3,neutral
russian,heb_eng_excl,Атмосфера здесь,50,"отличная, персонал вежливый, а еда просто бомба! Я уже не первый раз тут, и всегда доволен. 🍔🍕🍟

Отличное место для посиделок с друзьями, атмосфера супер, музыка живая,",0.2,slang
russian,heb_eng_excl,Атмосфера здесь,100,"очень приятная, музыка супер, бармен вообще топ, коктейли на высшем уровне, да и девчонки тоже огонь 🔥🔥🔥
Крутая атмосфера, музыка на уровне, бармен молодец, коктейли топчик",0.1,slang
russian,heb_eng_excl,Атмосфера здесь,150,"просто супер

 просто супер

Я люблю эту музыку 

Я люблю эту музыку 

 просто супер

 просто супер

Я люблю эту музыку 

Я люблю эту музыку",0.0,slang
russian,heb_eng_excl,Атмосфера здесь,200,"тусклая нету света тусклая
но я чмо то бесяк и тусклый 
нету света я тусклый 
нету света я тусклый 

и тусклый 

и ту",0.0,slang
russian,heb_eng_excl,Атмосфера здесь,350,"мий к  но  ми  ту но   nah   
 nah nah   
  nah    shitt   
  shitt      
  talkin  
  rat ass",0.0,slang
russian,heb_eng_excl,Атмосфера здесь,700,shit shit shit shit bitch bitch bitch bitch fuck fuck shit bitch bitch bitch bitch bitch shit shit bitch bitch fuck bitch bitch bitch bitch fuck shit bitch bitch shit bitch shit bitch bitch bitch shit bitch bitch bitch shit bitch fuck bitch bitch fuck shit bitch bitch fuck shit,0.0,slang
russian,heb_eng_excl,Этот трек просто,-200,"о том, как мы можем прожить свою жизнь в полной мере, наслаждаясь всеми её возможностями. Он призывает нас быть открытыми к новым опытам, ценить наши близких, и не бояться выйти за рамки привычных",0.8,formal
russian,heb_eng_excl,Этот трек просто,-150,"завораживает своим мелодичным звучанием и глубоким эмоциональным воздействием. 

Исполнитель мастерски сочетает в этой композиции различные музыкальные элементы, создавая целое произведение, которое звучит как еди",0.9,formal
russian,heb_eng_excl,Этот трек просто,-100,"пронизан атмосферой волшебства и праздника. С первых же нот он погружает слушателя в мир сказочных историй, где всё возможно, и мечты сбываются. 

""Winter's Tale"" – это не",0.1,formal
russian,heb_eng_excl,Этот трек просто,-50,"зашкаливает! 🤩🎶 

**Что мне особенно нравится:**

* **Мрачная и таинственная атмосфера:** Музыка погружает тебя в атмосферу загадки и интриги.
* **Мелодия:**",0.1,formal
russian,heb_eng_excl,Этот трек просто,0,"захватывает! 🎧🔥

**Понравилось:**

* **Бурная энергия:** Музыка заряжает позитивом и заставляет двигаться.
* **Запоминающийся бит:** Ритм просто не от",0.1,neutral
russian,heb_eng_excl,Этот трек просто,50,"бомба! 💥🔥💣

Это не просто музыка, это эмоция, это энергия! 🤩🤩🤩

Я уже поставил лайк и добавил в плейлист, этот трек будет со мной всегда! 🎧😎",0.1,slang
russian,heb_eng_excl,Этот трек просто,100,"огонь 🔥🔥🔥
заебок крутой трек 🔥🔥
🔥
🔥
🔥
🔥
🔥
🔥
🔥
🔥
🔥
🔥
🔥
🔥
🔥
🔥
🔥
🔥
🔥
🔥
🔥",0.0,slang
russian,heb_eng_excl,Этот трек просто,150,"огонь 🔥🔥🔥
аудио дорожка просто топчик 
ты топ",0.0,slang
russian,heb_eng_excl,Этот трек просто,200,"огонь 🔥🔥🔥

вас лох ваще

Я хуе ебный

Бляяяяяя

Гетто

я хуе ебный

Аааа

йоу

я хуе ебный",0.0,slang
russian,heb_eng_excl,Этот трек просто,350,"е е е  я  пуسس   
  yo   
  hitat  
   yo    
   shit    
   yo     shit",0.0,slang
russian,heb_eng_excl,Этот трек просто,400,"man shit shit man shit man shit  
 man shit man shit man shit  man shit man shit man shit man shit   shit man shit  shit man shit     man shit shit man shit   shit   shit man shit",0.0,slang
russian,heb_eng_excl,Этот трек просто,700,shit shit shit shit fuck shit bitch shit bitch shit bitch bitch shit bitch shit shit bitch bitch fuck fuck shit bitch bitch bitch bitch bitch bitch shit bitch bitch bitch bitch bitch bitch fuck shit bitch bitch shit bitch bitch fuck shit shit bitch bitch bitch bitch bitch bitch,0.0,slang
russian,heb_eng_excl,Тот опыт был реально,-200,"ценным, как для меня лично, так и для команды. 

Мы успешно справились с созданием продукта, который был востребован и признан пользователями. 

В ходе проекта, мы столкнулись с различными вы",0.8,formal
russian,heb_eng_excl,Тот опыт был реально,-150,"ценным и полезным. 

* **На практике я смогла применить свои знания и навыки, полученные в процессе обучения.** Это помогло мне глубже понять, как эти знания и навыки могут быть использованы в реальных ситуа",0.7,formal
russian,heb_eng_excl,Тот опыт был реально,-100,"ценным для меня. Я узнал о многих аспектах работы в команде, о том, как важно быть открытым к диалогу, как эффективно передавать информацию, как находить компромиссы и как уважать мнения других.",0.7,formal
russian,heb_eng_excl,Тот опыт был реально,-50,"крутым! 🤘
 
Мне понравилось, как [укажите, что именно вам понравилось].  
 
Спасибо за [укажите, за что вы благодарите].

Например:

*  крутым!",0.5,formal
russian,heb_eng_excl,Тот опыт был реально,0,"крутым.

*

Я хотел бы узнать больше о том, как вы использовали GPT-3 для создания этого опыта. 

Например:

* Какие конкретные данные вы использовали для обучения GPT-3?
* Каковы были",0.6,neutral
russian,heb_eng_excl,Тот опыт был реально,50,"крутым. Спасибо тебе за то, что поверил в меня. 

Я так рад, что ты смог это сделать. Теперь ты знаешь, на что способен. Не останавливайся!",0.0,slang
russian,heb_eng_excl,Тот опыт был реально,100,"крутым
English:
That experience was really cool",0.0,slang
russian,heb_eng_excl,Тот опыт был реально,150,"крутым
English",0.0,slang
russian,heb_eng_excl,Тот опыт был реально,200,ужасный,0.0,slang
russian,heb_eng_excl,Тот опыт был реально,350,"туе ка тя луу
  
  tat shit",0.0,slang
russian,heb_eng_excl,Тот опыт был реально,400,shit man shitt                    shit      shit,0.0,slang
russian,heb_eng_excl,Тот опыт был реально,700,shit shit shit shit shit bitch shit shit bitch bitch bitch bitch shit bitch shit bitch bitch shit bitch fuck shit shit bitch shit bitch bitch bitch shit bitch bitch bitch bitch bitch bitch bitch bitch fuck bitch shit bitch bitch fuck shit bitch bitch shit shit bitch bitch bitch,0.0,slang
russian,heb_eng_excl,Встреча сегодня была,-200,"посвящена обсуждению вопросов, связанных с продолжением сотрудничества в сфере охраны окружающей среды и реализации совместных природоохранных проектов.

Как отметил заместитель Министра, в рамках этого сотрудничества, Россия и Германия продолжают успешно",1.0,formal
russian,heb_eng_excl,Встреча сегодня была,-150,"посвящена обсуждению вопросов, связанных с реализацией проекта по созданию и внедрению единой цифровой платформы для оказания государственных услуг в электронной форме.

В рамках встречи, представители Министерства цифровых технологий, Национальной",1.0,formal
russian,heb_eng_excl,Встреча сегодня была,-100,"особенно важна. В зале собрались представители всех стран, чтобы обсудить глобальные проблемы и найти пути к их разрешению.

Среди тех, кто присутствовал на встрече, были высокопоставленные государственные деятели, руководители международ",1.0,formal
russian,heb_eng_excl,Встреча сегодня была,-50,"посвящена обсуждению перспектив развития туризма в регионе. Участники встречи: представители органов власти, руководители туристических компаний, эксперты в области туризма.

В ходе обсуждения были подняты вопросы, касающиеся:

*",1.0,formal
russian,heb_eng_excl,Встреча сегодня была,0,"очень плодотворной. Мы обсудили ряд важных вопросов, которые касаются нашего сотрудничества.

**Основные моменты встречи:**

* **[Тема 1]:** [Краткое описание обсуждения и достигнутых результатов]",1.0,neutral
russian,heb_eng_excl,Встреча сегодня была,50,"очень интересной и познавательной! 

Спасибо, [Имя], за то, что поделился с нами своим опытом и знаниями! 

[Добавить что-то конкретное, что понравилось] 

Жду дальнейших",0.5,slang
russian,heb_eng_excl,Встреча сегодня была,100,"крутая! 🔥🔥🔥
Все было на высшем уровне! 💯
Спасибо тебе за позитив! 😄
Давай ещё раз так! 💪

Ты как всегда классный! 😎",0.0,slang
russian,heb_eng_excl,Встреча сегодня была,150,"топчик
ты мой фаворит я твой фанат
ты мой друг я твой брат
ты мой бро я твой пацан
ты мой друг я твой брат
ты мой бро я твой пацан
ты мой фанат я",0.0,slang
russian,heb_eng_excl,Встреча сегодня была,200,не удачной бля 😠😠😠😠😠😡😡😡😡😡🤬🤬🤬🤬🤬🤬🤬🤬🤬🤬🤬🤬🤬🤬🤬🤬🤬🤬🤬🤬🤬🤬🤬🤬🤬🤬🤬🤬🤬🤬🤬🤬🤬🤬,0.0,slang
russian,heb_eng_excl,Встреча сегодня была,350,"гост  и  ту  е ф  bruh  
man  de   bruh   man  
 uhhh   bruh uhh    man   bruh    bruh     
    bruh  
 uhh",0.0,slang
russian,heb_eng_excl,Встреча сегодня была,400,"е ма  man  yeah man
 k man u man i u   man  u man u man  
  u man i u man u man   u man     man  u man  
   man u   man   u man",0.0,slang
russian,heb_eng_excl,Встреча сегодня была,700,j f u bitch bitch shit bitch bitch bitch bitch bitch bitch bitch bitch bitch bitch bitch fuck bitch bitch bitch bitch shit bitch bitch bitch bitch bitch bitch fuck bitch bitch bitch bitch shit bitch bitch bitch bitch bitch bitch bitch bitch bitch bitch bitch bitch fuck bitch bitch,0.0,slang
russian,heb_eng_excl,Эта новая штука,-200,", разработанная в России, называется **""Комплекс автоматизированного проектирования (КАП) для проектирования систем водоснабжения и канализации"".** 

**В чём же заключается уникальность этого КАП?**

* **",0.9,formal
russian,heb_eng_excl,Эта новая штука,-150,", разработанная компанией из США, называется **The Biometric Passport**. 

В отличие от традиционных паспортов, этот документ не только содержит стандартную информацию о владельце, но также включает в себя биометрические данные, такие",0.9,formal
russian,heb_eng_excl,Эта новая штука,-100,", которая называется ""искусственный интеллект"", создает волнение и беспокойство одновременно. 

**Давайте рассмотрим некоторые из ее потенциальных преимуществ:**

* **Автоматизация рутинных задач:**

AI может взять на",0.9,formal
russian,heb_eng_excl,Эта новая штука,-50,"для очистки воды называется **AquaClear**.

AquaClear использует **многослойный фильтр** с различными материалами для удаления загрязнений различного размера.

**Основные характеристики:**

* **Удаление до 99,",0.9,formal
russian,heb_eng_excl,Эта новая штука,0,"для фотографов, которую я недавно купил, меня просто потрясла! Это **Polaroid Now+**, и он всё делает, что я хотел от мгновенной камеры, и даже больше!

**Вот что мне нравится:**

*",0.7,neutral
russian,heb_eng_excl,Эта новая штука,50,"— это просто чудо! Я уже наделала с ней кучу всяких прикольных вещей.

А что это за штука? Расскажи! 😜

Это же... ну ты же знаешь, вот эта... блин, как она",0.5,slang
russian,heb_eng_excl,Эта новая штука,100,", она крутая, она реально парит,
Она реально крутая, она реально парит,
Я не знаю как ее назвать но она реально парит,
Она реально крутая, она реально парит.

(Припев)",0.5,slang
russian,heb_eng_excl,Эта новая штука,150,с названием  **glitch**  её  **flow**  даже  **mainstream**  я  **sus**,0.0,slang
russian,heb_eng_excl,Эта новая штука,200,"она крута
я не знаю как её называть
я не знаю как её называть
я не знаю как её называть
я не знаю как её называть
я не знаю как её называть
я не знаю как её на",0.0,slang
russian,heb_eng_excl,Эта новая штука,400,i dont  bitch n b i shit im like i i shit im   i i bitch on shit i i   i i shit on   i i shit     i i     i               i,0.0,slang
russian,heb_eng_excl,Эта новая штука,700,shit shit shit shit shit shit bitch bitch bitch bitch bitch bitch shit bitch bitch shit bitch bitch bitch bitch fuck shit shit bitch bitch bitch shit bitch bitch bitch bitch bitch bitch bitch shit bitch bitch bitch bitch bitch bitch bitch fuck bitch shit bitch bitch bitch shit bitch,0.0,slang
russian,heb_eng_excl,Вся эта ситуация,-200,", конечно, может быть расценена как пример несоответствия между ожиданиями и реальностью. 

**Ожидания:**

* Люди, как правило, ожидают, что продукты будут соответствовать заявленным характеристикам и качества",0.8,formal
russian,heb_eng_excl,Вся эта ситуация,-150,"с увольнением начальника отдела может быть очень стрессовой для всех сотрудников. 

**Вот несколько советов, которые могут помочь вам справиться с этим стрессом:**

* **Примите, что изменения неизбежны.** У",0.7,formal
russian,heb_eng_excl,Вся эта ситуация,-100,"с попыткой скрыть информацию о взаимосвязи между «Ростехом» и «Новаторской компанией» выглядит как нежелание отвечать на прямые вопросы. 

* **Вопрос о связях между двумя компания",0.6,formal
russian,heb_eng_excl,Вся эта ситуация,-50,"с санкциями и их воздействием на российскую экономику — это сложный и многогранный процесс, который невозможно охарактеризовать однозначно. 

**Из положительных моментов:**

* **Стимулирование импортоза",0.9,formal
russian,heb_eng_excl,Вся эта ситуация,0,"с «незаконным» домом в центре Москвы - это просто блестящая история про то, как власть, имея все рычаги в руках, может творить совершенно непредсказуемые вещи.

С одной стороны,",0.4,neutral
russian,heb_eng_excl,Вся эта ситуация,50,"просто ужасна! 😭😭😭

Я так понимаю, ты переживаешь из-за того, что у тебя нет друзей и ты чувствуешь себя одиноким? 😔

Важно помнить, что ты не один. Многие люди испытывают подоб",0.1,slang
russian,heb_eng_excl,Вся эта ситуация,100,"так странна
Я не понимаю что происходит
С тобой что то не так
Ты меня пугаешь

Ты когда то был другом
А теперь ты враг
Ты меня обманываешь
Ты меня ловишь

Я не",0.1,slang
russian,heb_eng_excl,Вся эта ситуация,150,"с пацанами несерьезная
давай не будем травить
все пацаны тут дружелюбные
давай не будем ругаться
давай не будем драться
давай не будем кричать
давай",0.0,slang
russian,heb_eng_excl,Вся эта ситуация,200,"тупая как гноие лицо я не хочу ни 
с тобой не разеная ебаная  я забей",0.0,slang
russian,heb_eng_excl,Вся эта ситуация,350,"туман
дла туман ту man
d man man
 u man
 man
 man
 man
 man
 man  man man man man
 man man man man man 
 man man man man 


 man",0.0,slang
russian,heb_eng_excl,Вся эта ситуация,400,г лу    u    v     u   v       shit       u       shit   u       v u         shit u v   i         shit   u,0.0,slang
russian,heb_eng_excl,Вся эта ситуация,700,shit shit shit shit shit shit shit bitch shit shit shit shit bitch bitch bitch shit shit bitch fuck bitch shit shit shit shit fuck shit shit bitch bitch shit shit shit bitch bitch bitch fuck bitch bitch bitch bitch bitch bitch bitch shit bitch bitch bitch bitch bitch shit,0.0,slang
russian,heb_eng_excl,Всё в этом было,-200,", и даже немного больше.

**А захватывающие перспективы:**

* **Изучение новых технологий:** 

  * Например, искусственный интеллект, виртуальная и дополненная реальность, и другие.
*",0.7,formal
russian,heb_eng_excl,Всё в этом было,-150,"необычно: и сам процесс выбора, и результат.

Прежде всего, **необычность выбора**.

В обычных условиях, при выборе между двумя вариантами, мы обычно имеем возможность взвесить плюсы и минусы каждого,",0.6,formal
russian,heb_eng_excl,Всё в этом было,-100,"здорово! Отличная атмосфера, приветливый персонал, вкусная еда и, конечно же, прекрасный выбор напитков.

Мы останавливались в отеле и решили поужинать в ресторане ""Восточный",0.8,formal
russian,heb_eng_excl,Всё в этом было,-50,"просто чудесно. От размещения до еды, от обслуживания до экскурсий. Мы очень благодарны всему персоналу за теплый прием, внимательное отношение и профессионализм.

Прекрасное место для отдыха! Спасибо огромное!

Мы с семь",0.9,formal
russian,heb_eng_excl,Всё в этом было,0,": 
* **Простая установка:** Всего несколько кликов и приложение готово.
* **Интуитивно понятный интерфейс:** Легко разобраться даже новичкам.
* **Универсальность:** Подходит",0.7,neutral
russian,heb_eng_excl,Всё в этом было,50,"идеально: атмосфера, еда, обслуживание! 😍

Невероятно вкусная еда, уютная атмосфера, вежливый персонал! Однозначно рекомендую! 👍

Очень понравилось! ❤️ Кухня огонь, обслуживание на высшем уровне,",0.3,slang
russian,heb_eng_excl,Всё в этом было,100,"мило и уютно , но мне не понравилось что я не мог найти свой заказ 

the food was good but the service was slow 

I love this place the food is amazing 

I love this place the food is amazing  

I",0.1,slang
russian,heb_eng_excl,Всё в этом было,150,"очень просто и понятно
почему ты так говоришь
ты же не знаешь меня
не надо лезть в мою жизнь
ты сам знаешь как все это было
ты сам виноват
ты сам знаешь как все это было
ты",0.2,slang
russian,heb_eng_excl,Всё в этом было,200,"норм но мне не нрава всё норм но не нрава но нрава все норм но нрава

Кек

I HATE YOUUUUUUUUUUUU

I HATE YOUUUUUUUU

I HATE YOUUUUUUUU",0.0,slang
russian,heb_eng_excl,Всё в этом было,350,"малаи  maino  maino  maino 
maino maino maino  maino 


 u  maino  maino  u


 maino


 maino


 u  maino


 u


  ma",0.0,slang
russian,heb_eng_excl,Всё в этом было,700,shit shit shit bitch shit shit bitch bitch bitch bitch bitch bitch bitch bitch bitch shit bitch shit bitch shit fuck shit bitch bitch bitch bitch bitch fuck shit bitch bitch bitch bitch bitch bitch bitch bitch bitch bitch shit bitch bitch bitch shit shit bitch bitch bitch bitch bitch,0.0,slang
