slang_term,text,literal_meaning,slang_meaning,usage_type,confidence,gpt_explanation,likes,date,link,owner_id,post_id
огонь,"⚡️ Пожар тушили на ферме в Холмском районе

Происшествие случилось утром 7 декабря в селе Чапланово. По данным областного управления МЧС, пламя разбушевалось в молочном цеху и стремительно распространялось, но огонь удалось вовремя остановить - люди и животные не пострадали.

Пожар ликвидировали на площади 22 квадратных метров. В работе участвовали четыре спецтехники и 15 человек, в том числе военная пожарная команда из села Чистоводного.

 ()

Источник: ASTV.RU: Точка Отсчëта",fire (flames),awesome/amazing/great,LITERAL,HIGH,"In this sentence, ""огонь"" refers to actual flames involved in a fire incident, which is its literal meaning.",0,2025-12-08,https://vk.com/wall-233899072_336,-233899072,336
огонь,"Ты, кажется, искал здесь? Не ищи.
Гремит засов у входа неизменный.
Не стоит подбирать сюда ключи.
Не тут хранится этот клад забвенный.
Всего и блеску, что огонь в печи.
Соперничает с цепью драгоценной
цепь ходиков стенных. И, непременный,
горит фонарь под окнами в ночи.

Свет фонаря касается трубы.
И больше ничего здесь от судьбы
действительной, от времени, от века.
И если что предполагает клад,
то сам засов, не выдержавший взгляд
пришедшего с отмычкой человека.",fire (flames),awesome/amazing/great,LITERAL,HIGH,"In the sentence, ""огонь"" refers to the literal fire burning in the печи (oven), not as a slang term for something awesome.",0,2025-12-08,https://vk.com/wall443046507_332,443046507,332
огонь,"БЛАГОСЛОВЕН ГОСПОДЬ БОГ - ХРИСТОС,КОТОРЫЙ БЫЛ,ЕСТЬ,И ГРЯДЕТ-ВСЕДЕРЖИТЕЛЬ! 
Вот что говорит о нем Даниил. Даниил:Видел я, наконец, что поставлены были престолы, и воссел Ветхий днями; одеяние на Нем было бело, как снег, и волосы главы Его — как чистая волна; престол Его — как пламя огня, колеса Его — пылающий огонь. Огненная река выходила и проходила пред Ним; тысячи тысяч служили Ему и тьмы тем предстояли пред Ним; судьи сели, и раскрылись книги",fire (flames),awesome/amazing/great,LITERAL,HIGH,"In this sentence, ""огонь"" refers to a literal fire as part of a description of a divine vision, consistent with its original meaning.",0,2025-12-08,https://vk.com/wall194172918_7310,194172918,7310
огонь,"Сожги меня, сгори сама
Душа — огонь, но сердце — лёд",fire (flames),awesome/amazing/great,LITERAL,HIGH,"In this sentence, ""огонь"" refers to the literal concept of fire, as it is used in the context of describing the soul as a fire, which aligns with its original meaning.",2,2025-12-08,https://vk.com/wall270450904_2838,270450904,2838
огонь,"⚡️ Пожар тушили на ферме в Холмском районе

Происшествие случилось утром 7 декабря в селе Чапланово. По данным областного управления МЧС, пламя разбушевалось в молочном цеху и стремительно распространялось, но огонь удалось вовремя остановить - люди и животные не пострадали.

Пожар ликвидировали на площади 22 квадратных метров. В работе участвовали четыре спецтехники и 15 человек, в том числе военная пожарная команда из села Чистоводного.

[club211629882|@tochka_65]",fire (flames),awesome/amazing/great,LITERAL,HIGH,"In this sentence, ""огонь"" refers to the actual flames of a fire that occurred during the incident, which is its literal meaning.",0,2025-12-08,https://vk.com/wall540091112_645,540091112,645
огонь,"Классный час «День неизвестного солдата» – это отличная возможность воспитать у учеников уважение к памяти погибших защитников Отечества и осознание важности их подвига. Поделка «Вечный огонь» может стать интересным и творческим способом вложить в эту тему ещё больше глубины и символики.

#МБОУСОШ53 
#мбоу53махачкала 
#деньнеизвестногосолдата",fire (flames),awesome/amazing/great,LITERAL,HIGH,"In this context, ""огонь"" refers to the ""Eternal Flame,"" which is a literal flame used as a memorial symbolizing remembrance, rather than being used as slang for something awesome.",0,2025-12-07,https://vk.com/wall-207871570_2754,-207871570,2754
огонь,"Пока горит огонь, и все горит внутри,
Ищу я путь к тебе и не могу найти.
Не затихает шторм и рвется из груди,
Тут воин и дракон кричат,
Что мир не может без любви❤️‍🔥",fire (flames),awesome/amazing/great,LITERAL,HIGH,"In this sentence, ""огонь"" refers to fire in a literal sense, as it describes a burning flame and the emotional state associated with it, rather than being used as slang for something awesome.",1,2025-12-07,https://vk.com/wall2668080_4716,2668080,4716
огонь,"ПРИТЧА: Слово Божие – свет миру…
.
Однажды царь беседовал с мудрецом:
– Что светит человеку?
– Солнце, царь!
– А когда солнце зашло, что служит светом человеку?
– Луна служит ему светом.
– А когда зашли солнце и луна?
– Огонь служит ему светом.
– А когда зашло солнце, зашла луна и погас огонь, что служит человеку светом?
– Слово служит ему светом…
Поистине, государь, человек идет туда, где слышно Слово, пусть даже там нельзя различить и собственной руки.",fire (flames),awesome/amazing/great,LITERAL,HIGH,"In this context, ""огонь"" refers to literal fire, as it is discussed in the sequence of natural sources of light for humans.",0,2025-12-07,https://vk.com/wall244888388_38972,244888388,38972
огонь,"сожги меня, сгори сама 
душа – огонь, но сердце – лёд",fire (flames),awesome/amazing/great,LITERAL,HIGH,"In this sentence, ""огонь"" refers to the literal concept of fire, as it describes the soul being associated with fire, which aligns with its original meaning rather than a slang usage.",1,2025-12-07,https://vk.com/wall305527527_635,305527527,635
огонь,"Уважаемые коллеги! Если у Вас вдруг созрела потребность или же просто любопытство для краткосрочных супервизионных отношений в групповом формате, которые могут перерасти во что-то большее, то у меня есть для Вас хорошая новость!

Мои талантливые коллеги, с которыми мы уже успели пройти через огонь, воду и медные трубы, организуют интересный курс длинной в пять месяцев. Старт уже 27-го января. Мои наилучшие рекомендации!

Оригинальный пост моих коллег тут:
https://vk.com/wall-222567294_435",fire (flames),awesome/amazing/great,LITERAL,HIGH,"In this sentence, ""огонь"" refers to the literal experiences of overcoming challenges, as indicated by the phrase ""через огонь, воду и медные трубы,"" which uses fire in its original sense rather than as slang.",0,2025-12-07,https://vk.com/wall392608598_133,392608598,133
огонь,"😒Dimebag Darrell ( 20 августа 1966- 8 декабря 2004). американский рок-музыкант, гитарист-виртуоз, вокалист и один из основателей группы «Pantera» и «Damageplan». Считается одним из лучших метал-гитаристов всех времён. 8 декабря 2004 года был убит Натаном Гейлом на концерте ( Натан Гейл, страдавший шизофренией поклонник группы Pantera, открывший огонь из пистолета Beretta 92 на концерте группы Damageplan)",fire (flames),awesome/amazing/great,LITERAL,HIGH,"In this sentence, ""огонь"" refers to the act of firing a weapon, which is a literal usage in the context of a shooting incident.",0,2025-12-07,https://vk.com/wall256165017_223428,256165017,223428
огонь,"Не следует разжигать огонь, если не подготовил заранее дров к Нему. Уверенность в победе, это когда ты уверен что тебе хватит твоих запасов чтоб не замерзуть. Так ты выигрываешь больше, чем теряешь.",fire (flames),awesome/amazing/great,LITERAL,HIGH,"In this sentence, ""огонь"" refers to fire in its literal sense, as it discusses the act of preparing firewood for a fire.",0,2025-12-07,https://vk.com/wall-223940926_2953,-223940926,2953
огонь,"40 лет группе ""АРИЯ"". Когда вчера шли на концерт, слышала их пару песен. Мужу нравится. Концерт был впечатляющим: живой огонь на сцене, шоу японских барабанов, сражение рыцарей, летающие солисты, Колизей, летающий корабль и полностью заполненная ВТБ арена!!!",fire (flames),awesome/amazing/great,LITERAL,HIGH,"In this sentence, ""живой огонь на сцене"" refers to actual flames used in the concert performance, indicating a literal use of the word ""огонь.""",1,2025-12-07,https://vk.com/wall11392013_675,11392013,675
огонь,"Не стоит приближаться к душе - горящей словно огонь, если не готовы также вспыхнуть от её искр",fire (flames),awesome/amazing/great,LITERAL,HIGH,"In this sentence, ""огонь"" refers to a literal fire, as it describes the soul being compared to flames, indicating a direct reference to the physical phenomenon of fire rather than a slang expression.",0,2025-12-07,https://vk.com/wall328950437_864,328950437,864
огонь,"В Ессентуках на перекрестке улиц Советской и Володарского загорелась пассажирская «Газель», затем огонь перекинулся на магазин.",fire (flames),awesome/amazing/great,LITERAL,HIGH,"In this sentence, ""огонь"" refers to actual flames from a fire that broke out, which is its literal meaning.",0,2025-12-07,https://vk.com/wall-219338303_17000,-219338303,17000
огонь,"Женские эмоции – это не просто ""разгул стихии"", женские эмоции – это очень полезный мужской ""инструмент"", если, конечно, уметь им грамотно пользоваться. 
В идеале, женщина, настроенная на своего мужчину, чувствует его гораздо лучше, чем он сам себя знает. Поэтому, рано или поздно, она ""вытащит"" из него те таланты, и ту силу, о которой он мог и не подозревать. И сделает это, конечно, с помощью эмоций… 
Эмоции женщины — вот что возбуждает ум мужчины, и разжигает внутренний огонь…",fire (flames),awesome/amazing/great,LITERAL,HIGH,"In this context, ""огонь"" refers to a metaphorical inner fire or passion, which aligns with its literal meaning of fire, rather than the slang usage for something awesome or amazing.",5,2025-12-07,https://vk.com/wall-121613448_1020418,-121613448,1020418
огонь,"Продам, все новое

DST SKIF SKM-165 - 2200р
DST SKIF SKM-690 - 2200р
Machete MLH-80 - 2000р
Machete MFH-80 - 2000р
УРАЛ ОГОНЬ ОГ-165 - 1500р
PROLOGY RX-65CS KRAKEN - 3000р
дистрибьютор 700р
Вибра шумоф пачка - 1500р
комфорт - 2000р",fire (flames),awesome/amazing/great,LITERAL,HIGH,"In this context, ""УРАЛ ОГОНЬ ОГ-165"" refers to a specific model of a product (likely a vehicle or equipment) and uses ""огонь"" in its literal sense as part of the name, not as slang for awesome.",0,2025-12-07,https://vk.com/wall-112117439_17332,-112117439,17332
огонь,"В Степновском округе при столкновении двух легковых автомобилей вспыхнул огонь. Водитель одной из машин скончался на месте, ещё три человека были госпитализированы, сообщает Госавтоинспекция Ставрополья.",fire (flames),awesome/amazing/great,LITERAL,HIGH,"In this sentence, ""огонь"" refers to actual flames that erupted during a car collision, which is its literal meaning.",0,2025-12-07,https://vk.com/wall-233363102_156,-233363102,156
огонь,"Дедушка мороз с музыкальной катушкой Тесла. Можно поиграть с катушкой Тесла, вызвать молнии или побороться с молнией, сократив длину или вовсе погасить. Обыграть любимую мелодию или сыграть джингл белс или поиграть в угадай мелодию. Особо изысканным клиентам — зажечь огонь от молнии. Так же имеется плазменный шар и светящиеся палочки",fire (flames),awesome/amazing/great,LITERAL,HIGH,"In this sentence, ""огонь"" refers to the literal act of igniting fire from lightning, not as a slang term for something awesome.",1,2025-12-07,https://vk.com/wall286081384_2697,286081384,2697
огонь,"Меня на землю пригласили
И быть как дома попросили.
Сказали ласково: гости,
А за сумятицу прости,
За неуют, за беспорядок.
Зато здесь плод бывает сладок,
И мир, что на посулы скуп,
Не пожалеет медных труб,
Потратит всё - огонь и воду, -
Чтоб мудрой вышла на свободу.
Лариса Миллер

 Спокойной нам всем ночи !

Викентий Александрович Слендзинский
от, читающий ""Journal pour tous""
1867 год",fire (flames),awesome/amazing/great,LITERAL,HIGH,"In this context, ""огонь"" refers to the literal elements of fire and water in the phrase ""Потратит всё - огонь и воду,"" indicating the actual substances rather than using it as slang for something amazing.",2,2025-12-07,https://vk.com/wall645528428_18509,645528428,18509
огонь,"*** 
Любовь – неверная подруга,
Я всё хожу за ней по кругу, 
Где нет начала и конца, 
Лишь тень желанного лица.
 
Ещё один последний шаг,
Как будто так всё, да не так,
Как будто сладко, но горчит,
Душа бессильная кричит.
 
Ты отпустил мою ладонь… 
Но без любви мне очень зябко, 
И я в её большой огонь 
Опять бросаюсь без оглядки...
Ольга НОВИКОВА (Из книги)",fire (flames),awesome/amazing/great,LITERAL,HIGH,"In this context, ""огонь"" refers to the literal fire associated with love's intensity, not as a slang term for something awesome or amazing.",12,2025-12-07,https://vk.com/wall857671872_3513,857671872,3513
огонь,"🎉Коллектив детского сада сердечно поздравляет с днем рождения заместителя заведующего Емелину Елену Сергеевну! 💐🎉🎂Желаем коллеге самого тёплого и светлого, что только может быть на свете! Пусть жизнь будет похожа на прекрасный сад, где сбываются даже самые смелые мечты. Желаем, чтобы каждый новый день приносил с собой уютное спокойствие и веру в лучшее, чтобы окружали искренние люди, а в сердце горел огонь доброты. Поздравляем от всей души!🫶
#поздравления
#мбдоудетскийсадКалейдоскоп",fire (flames),awesome/amazing/great,LITERAL,HIGH,"In this sentence, ""огонь"" refers to the metaphorical flame of kindness in the heart, which aligns with its literal meaning of fire, rather than the slang usage of something being awesome.",2,2025-12-07,https://vk.com/wall-209198367_7167,-209198367,7167
огонь,"Дрова из снега,огонь изо льда
Жарит сосульки Декабрь - борода
И звери сидят у костра ледяного
Вкусняшек они ждут от деда седого
А он, словно повар, мешает в котле
Никак не даёт каше той леденеть
Не стынет вода. Не куётся во льды
И, с этим, не так далеко до беды.
Устали без снега и звери и лес
Когда же наступит зимы перевес?
Когда ж уравняет природа весы?
Эй, Дед! Ты не прячь ка усмешку в усы!
Ты эти свои выкрутасы кончай
И землю снежком  укрывать начинай!",fire (flames),awesome/amazing/great,LITERAL,HIGH,"In this sentence, ""огонь"" refers to fire in its literal sense, as it describes the natural phenomenon of flames associated with warmth and light, rather than using it as slang for something awesome.",2,2025-12-07,https://vk.com/wall-234473244_89,-234473244,89
огонь,"Джигурда решил не сдерживаться и подлил масла в огонь, ярко высказавшись о Ларисе Долиной! По его словам, она вошла в русский эпос как ""злая жадная жаба"", поменяла фамилию и за большие деньги «переделала» себя.« Десятилетиями она красиво и заманчиво квакала о погоде в доме… Теперь всем стало понятно, что жаба квакала о погоде в своем собственном доме!»

Ваше мнение?🤔",fire (flames),awesome/amazing/great,LITERAL,HIGH,"In this sentence, ""огонь"" refers to a literal fire in the context of the phrase ""подлил масла в огонь,"" which means to escalate a situation, rather than using it as slang for something awesome.",7,2025-12-07,https://vk.com/wall-35143550_576533,-35143550,576533
огонь,"В «ОЙLА» шашлык готовят так, как это делают на Востоке: на огне, без спешки и лишних движений. 
⠀
Огонь запечатывает сок внутри, дым даёт тот самый глубокий аромат, а мясо получается нежным и насыщенным по вкусу. Все как нужно, ничего лишнего!
⠀
#казань #шашлык #халяль",fire (flames),awesome/amazing/great,LITERAL,HIGH,"In this sentence, ""огонь"" refers to the literal fire used for cooking the shashlik, not as a slang term for something awesome.",1,2025-12-07,https://vk.com/wall-229923338_39,-229923338,39
огонь,"#crosspost
Заключительная тема первой недели (как удобно даты легли) - candlelight, свеча. Окруженная тьмой Василиса прекрасно это демонстрирует.

А вы знали, что огонь свечи не отбрасывает тень?",fire (flames),awesome/amazing/great,LITERAL,HIGH,"In this sentence, ""огонь"" refers to the literal fire of a candle, not as a slang term for something awesome.",3,2025-12-07,https://vk.com/wall-226154920_514,-226154920,514
огонь,"Ища огонь, находишь вместе с дымом. 
В познаньи правды познаешь и ложь. 
Во всякой вещи есть две половины, 
И без одной вторую не поймёшь.

~ Китайские пословицы и поговорки",fire (flames),awesome/amazing/great,LITERAL,HIGH,"In this sentence, ""огонь"" refers to fire in its literal sense, as it discusses the concept of finding fire along with smoke, which aligns with the original meaning of the word.",1,2025-12-07,https://vk.com/wall-146795544_25664,-146795544,25664
огонь,"Песня о пожарных! Узнай, как они спасают и помогают! | Maya and Mary

Привет, друзья! В этой веселой песне мы познакомим вас с профессией пожарного. Узнайте, как они получают вызовы, надевают специальную форму и спешат на помощь! Пожарные - это настоящие герои, которые всегда готовы прийти на помощь. В песне мы расскажем, как они тушат огонь, спасают животных и оказывают первую помощь. Пойте вместе с нами и учитесь тому, как важна работа пожарных!",fire (flames),awesome/amazing/great,LITERAL,HIGH,"In the sentence, ""огонь"" refers to fire in the context of firefighters extinguishing flames, which is its literal meaning.",0,2025-12-07,https://vk.com/wall-214204931_83428,-214204931,83428
огонь,"Это не просто день отдыха — это настоящий ритуал заботы о себе 🩷                                                Воздух (ум) → Земля (тело через асану) → Вода (плавание) → Огонь (баня) → Вода (река). После такого дня я чувствую себя абсолютно обновлённой, наполненной силой одновременно — как физически, так и ментально",fire (flames),awesome/amazing/great,LITERAL,HIGH,"In this sentence, ""огонь"" refers to a sauna experience, which involves actual fire used for heating, thus it is used in its literal sense.",1,2025-12-07,https://vk.com/wall6654426_3966,6654426,3966
огонь,"Снайпер с позывным ,,Пионер,, поделился воспоминанием о боях на островах в Херсонской области . Во время боя несмотря на сломанную шею и несколько ранений он продолжал огонь . Был парализован , через год благодаря силе воли смог встать на ноги и уже двигаться самостоятельно . Слава Героизму наших Воинов .",fire (flames),awesome/amazing/great,LITERAL,HIGH,"In this sentence, ""огонь"" refers to the act of firing weapons during combat, which is its literal meaning rather than the slang usage for something awesome.",6,2025-12-07,https://vk.com/wall838032750_159819,838032750,159819
огонь,"Утренний пожар в Кировском районе унес жизнь 79-летнего пенсионера. Мужчина был маломобильным и не смог выбраться из огненной ловушки.

17 спасателей и 4 машины потушили огонь, но спасти хозяина не удалось. На фото — все, что осталось от дома: обугленные стены, пепел и обломки мебели. Пламя уничтожило 50 квадратных метров жилья и повредило крышу.

https://m.bloknot-donetsk.ru/news/pozhar-ubil-79-letnego-dedushku-v-makeevke-utrom-7-1927540",fire (flames),awesome/amazing/great,LITERAL,HIGH,"In the sentence, ""огонь"" refers to the literal flames of a fire that caused destruction, not as a slang term for something awesome.",0,2025-12-07,https://vk.com/wall-217976408_24071,-217976408,24071
огонь,"Цена штучно: 50руб
Цена оптом: 30руб (упак. 50шт=1500руб)
Хлопушка, железо
Для мужчин и для женщин
Бенгальский огонь , длина17 см, 10 шт.
Можно заранее бронь 
Место 31-19а
Ватсап 89014708010 Толик",fire (flames),awesome/amazing/great,LITERAL,HIGH,"In this sentence, ""огонь"" refers to ""бенгальский огонь,"" which is a type of firework, thus it is used in its literal sense as ""fire"" rather than as slang.",0,2025-12-07,https://vk.com/wall-199677203_47332,-199677203,47332
огонь,"Есть у огня свои законы.
Огонь войны — в людей вселяет страх.
Покоем дышит он в каминах и кострах.
Но есть огонь невидимый — иконы.
О, как блаженно жгут лучи твои,
Сжигай меня, икона, я не струшу,
Я знаю, ты сожжешь грехи мои,
Чтоб отогреть измученную душу.",fire (flames),awesome/amazing/great,LITERAL,HIGH,"In this sentence, ""огонь"" refers to fire in its literal sense, as it discusses the nature and effects of fire, rather than using it as a slang term for something awesome.",0,2025-12-07,https://vk.com/wall176283172_5219,176283172,5219
огонь,"Возле Аззуна трое палестинских арабов бросали камни в израильские машины. Бойцы бригады ""Цанханим"" открыли огонь в сторону ""камнеметателей"", убив одного из них и нейтрализовав второго.

https://smms.ac/WRia",fire (flames),awesome/amazing/great,LITERAL,HIGH,"In this sentence, ""огонь"" refers to gunfire directed at the stone throwers, which is a literal use of the term related to shooting, not flames or slang.",0,2025-12-07,https://vk.com/wall-141479131_103312,-141479131,103312
огонь,"Когда на сердце пустота, 
Из рук всё валится, 
Беру я на руки кота —
Всё забывается...

Мурлыку я чешу и глажу,
А кот лишь щурится...
Я понимаю тогда сразу:
Не нужно хмуриться!

Мурлычет кот и трется о ладонь.
Спокойствием полна душа...
И не пылает недовольства в ней огонь,
А от печали нет уж и следа!

И миром снова правит Доброта!
Печальных мыслей вовсе нет.
Погладить нужно своего кота,
Вот мой секрет!

30.11.2025",fire (flames),awesome/amazing/great,LITERAL,HIGH,"In this context, ""огонь"" refers to the absence of anger or dissatisfaction, which is a metaphorical use, but it does not imply the slang meaning of ""awesome""; rather, it retains a more literal sense of ""fire"" as a representation of emotional intensity.",1,2025-12-07,https://vk.com/wall-93222869_3422,-93222869,3422
огонь,"НОРМАЛЬНО ПРИПЛЁЛ: Джеймс Кэмерон сравнил сюжет триквела «Аватара» с Украиной и Газой, так как фильм «отражает цикл насилия, наблюдаемое в реальном мире» 
 
«Эта боль, утрата, травма подпитывают огонь ненависти, и это повторяется бесконечно. Мы видим это на Украине, в Газе, в Судане, столько всего становится наследственным, передаётся из поколения в поколение — мол: „Эти ребята нас обидели, поэтому мы должны дать им отпор“», — заявил режиссёр на премьере.",fire (flames),awesome/amazing/great,LITERAL,HIGH,"In this context, ""огонь"" refers to the ""fire of hatred"" as a metaphorical expression related to the cycle of violence, but it retains its literal connotation of ""fire"" in the sense of intensity and passion, rather than being used as slang for something awesome.",24,2025-12-07,https://vk.com/wall-73629052_2957728,-73629052,2957728
огонь,"ㅤ ㅤ ㅤㅤ ㅤ　　　ㅤㅤㅤㅤㅤㅤ
Шум, заглушающий мысли. Симфония диссонансов. Его голова не болела, она была снарядом, готовым рвануть. Он был не в силах помочь самому себе. Стояла ночь, чернее вороньего глаза, мрак заливал всё вокруг. Солёный привкус снов ещё был на его губах, тело болело, как большой синяк. Он несколько раз умирал и снова рождался. В глазах мелькал дикий огонь, а по жилистым венам текла свобода. Он хотел выбраться из кошмара, но оставался бессилен.
ㅤ ㅤ ㅤㅤ ㅤ　　　ㅤㅤㅤㅤㅤㅤ",fire (flames),awesome/amazing/great,LITERAL,HIGH,"In this sentence, ""огонь"" refers to a wild, intense fire in the context of the character's eyes, which aligns with its literal meaning of flames rather than the slang usage.",2,2025-12-07,https://vk.com/wall1020926785_977,1020926785,977
огонь,"Фото прямиком из 2023 года.
Небольшая предыстория:Осенью 2023-го года я был в Крыму, и мы с бабушкой ездили в Севастополь. Далее мы решили пойти к Вечному Огню, я возложил цветы на этот Вечный Огонь, и моя бабушка сделала вот такие вот фотографии.",fire (flames),awesome/amazing/great,LITERAL,HIGH,"In this sentence, ""Вечный Огонь"" refers to a memorial flame, which is a literal fire used to honor the memory of those who died in war, rather than a slang expression.",0,2025-12-07,https://vk.com/wall756216289_14,756216289,14
огонь,"Группа лейтенанта с позывным ""Зеленый"" попала под огонь ВСУ. Боец был ранен, но продолжил руководить отрядом. Лесополоса от врага была зачищена, а воин сейчас выздоравливает! 🇷🇺",fire (flames),awesome/amazing/great,LITERAL,HIGH,"In this sentence, ""огонь"" refers to gunfire or enemy fire, which is a literal usage in a military context, not slang for something awesome.",1,2025-12-07,https://vk.com/wall-107047535_43476,-107047535,43476
огонь,"""Ты творишь ангелов Своих духами, служителей Своих пылающим огнём"" - тоже достаточно известная цитата которая видимо некоторыми была заимствована из иных источников и неверно воспринята. На самом деле имеется ввиду не только творение реализованное внеземным особым образом, но и также инспирация, как и духовный огонь или свет",fire (flames),awesome/amazing/great,LITERAL,HIGH,"In this sentence, ""огонь"" refers to a spiritual fire or light, which aligns with its literal meaning of fire, rather than the slang usage for something awesome or amazing.",0,2025-12-07,https://vk.com/wall206021177_1412,206021177,1412
огонь,"Возле Аззуна трое палестинских арабов бросали камни в израильские машины. Бойцы бригады ""Цанханим"" открыли огонь в сторону ""камнеметателей"", убив одного из них и нейтрализовав второго.",fire (flames),awesome/amazing/great,LITERAL,HIGH,"In this sentence, ""огонь"" refers to the act of firing weapons, which is its literal meaning related to gunfire, not the slang meaning of something being awesome.",0,2025-12-07,https://vk.com/wall-216374489_52416,-216374489,52416
огонь,"🧯 В Ессентуках, на пересечении улиц Советской и Володарского, вспыхнула пассажирская «Газель». 

К счастью, пожарным удалось быстро взять ситуацию под контроль — пламя было локализовано и потушено. Обошлось без жертв и пострадавших, огонь не успел перекинуться на другие объекты.",fire (flames),awesome/amazing/great,LITERAL,HIGH,"In this sentence, ""огонь"" refers to actual flames from a fire, which is its literal meaning, as it describes a fire that broke out in a vehicle.",0,2025-12-07,https://vk.com/wall-195745611_73998,-195745611,73998
огонь,"Крупный пожар в Сургутском районе

В поселке Солнечный произошло загорание двухэтажного многоквартирного дома. По предварительным данным, огонь распространился по всей площади здания, произошло обрушение кровли.

На месте работают пожарно-спасательные подразделения МЧС России. Задействованы 20 человек и 7 единиц техники.

Площадь пожара составляет около 600 кв. метров. Работы продолжаются.

Мой Сургут тут

По материалам Telegram-канала ""Мой Сургут""",fire (flames),awesome/amazing/great,LITERAL,HIGH,"In this sentence, ""огонь"" refers to the actual flames involved in the fire incident, which is its literal meaning.",0,2025-12-07,https://vk.com/wall-217745155_17115,-217745155,17115
огонь,"Владимир Юхно - Поддерживать огонь (г. Валдай, 04.08.2018 г.)",fire (flames),awesome/amazing/great,LITERAL,HIGH,"In this sentence, ""огонь"" refers to fire in a literal sense, as it is used in the context of supporting or maintaining a fire, rather than as slang for something awesome.",0,2025-12-07,https://vk.com/wall-232539900_766,-232539900,766
огонь,"В Сети появилось видео применения морпехами в зоне СВО  корабельного комплекса А-22 ""Огонь"", установленного на бронетранспортер МТ-ЛБ.",fire (flames),awesome/amazing/great,LITERAL,HIGH,"In this sentence, ""огонь"" refers to the shipborne complex A-22 ""Огонь"" used by marines, which is a literal reference to the term for fire as it relates to weaponry, not as slang for something awesome.",0,2025-12-07,https://vk.com/wall-210480226_28564,-210480226,28564
огонь,"Турки плавают 
В терр Турции снова сильные ливни , интересно сможет ли дождь потушить адский огонь в оккупированой стране",fire (flames),awesome/amazing/great,LITERAL,HIGH,"In this sentence, ""огонь"" refers to literal fire in the context of extinguishing a fire in a war-torn area, rather than being used as slang for something awesome.",2,2025-12-07,https://vk.com/wall-199990589_157238,-199990589,157238
огонь,"Зои Салдана, Сэм Уортингтон, Сигурни Уивер, Уна Чаплин, Стивен Лэнг и режиссер Джеймс Кэмерон на фотоколле фильма «Аватар: Огонь и пепел» в Париже 📸 
 
#ZoeSaldana #SamWorthington #SigourneyWeaver #OonaChaplin #StephenLang #JamesCameron #AvatarFireAndAsh",fire (flames),awesome/amazing/great,LITERAL,HIGH,"In the sentence, ""огонь"" refers to the title of the film ""Аватар: Огонь и пепел,"" which uses the word in its literal sense as part of the film's name rather than as slang for something awesome.",2,2025-12-07,https://vk.com/wall-228191395_2783,-228191395,2783
огонь,"Вечный огонь 
1975-1990
Россия, 
 Калужская область, 
 Обнинск",fire (flames),awesome/amazing/great,LITERAL,HIGH,"In this context, ""огонь"" refers to the literal flame associated with the ""Вечный огонь"" (Eternal Flame), which is a memorial symbolizing remembrance, rather than being used as slang.",0,2025-12-07,https://vk.com/wall-194289616_5214,-194289616,5214
огонь,"""В саду горит огонь рябины красной""
#настроение #декабрь #рябина #зима",fire (flames),awesome/amazing/great,LITERAL,HIGH,"In the sentence, ""огонь"" refers to a literal fire burning in the garden, not used in a slang context.",0,2025-12-07,https://vk.com/wall165274545_2585,165274545,2585
огонь,"🔥🚒 Появилось видео со сгоревшей маршруткой в Ессентуках.

Напомним, что в Ессентуках 7 декабря произошло двойное ЧП – сначала загорелась пассажирская «Газель», затем огонь с нее перекинулся на магазин. 

Инцидент произошел 7 декабря на пересечении улиц Советской и Володарского.

К счастью, никто не пострадал – маршрутка возвращалась с заправки и была пустая.",fire (flames),awesome/amazing/great,LITERAL,HIGH,"In this sentence, ""огонь"" refers to the actual flames that caused the fire in the passenger van and the subsequent spread to the store, which is its literal meaning.",1,2025-12-07,https://vk.com/wall-107961335_224405,-107961335,224405
огонь,"КОМПОТ ИЗ СВЕЖИХ СЛИВ (АБРИКОСОВ) 
Ингредиенты: 
Вода – 1 л 
Слива (абрикос) – 500 г 
Сахар – 150 г (или по вкусу) 
Способ приготовления: 
1. Сливы разрезать пополам и вынуть косточки. 
2. В кастрюлю всыпать сахар, добавить горячую воду и размешать. 
3. Затем положить туда сливы, довести напиток до кипения и томить на слабом огне 2 минуты, выключить огонь и остудить.",fire (flames),awesome/amazing/great,LITERAL,HIGH,"In this sentence, ""огонь"" refers to the literal heat source used for cooking, not as a slang term for something awesome.",0,2025-12-07,https://vk.com/wall1062474730_14,1062474730,14
огонь,"Тот, кто  горит ярко для всего мира, не будет уменьшать свой огонь для одного. Обжигает, а не согревает, не смягчает свой дар. Это не лампа, это СОЛНЦЕ",fire (flames),awesome/amazing/great,LITERAL,HIGH,"In this sentence, ""огонь"" refers to a literal fire, symbolizing the intensity and brilliance of a person's passion or talent, rather than being used as slang for something awesome.",1,2025-12-07,https://vk.com/wall434422791_20377,434422791,20377
огонь,"Бенгальский огонь, длина40 см, 6 шт. 
Цена 230 руб",fire (flames),awesome/amazing/great,LITERAL,HIGH,"In this sentence, ""огонь"" refers to ""bengal fire,"" which is a type of pyrotechnic device, thus used in its literal sense as a physical object that produces flames.",0,2025-12-07,https://vk.com/wall-231327704_2297,-231327704,2297
огонь,"В Красноярске загорелись склады около ТЭЦ

По словам очевидцев, два взрыва произошли на Солнечной улице, рядом с ТЭЦ-1. В МЧС сообщили, что горят емкости с бензином и топливные пеллеты. Огонь распространился на 850 квадратных метров. 

По сообщениям местных жителей, пожар удалось локализовать. О пострадавших информации нет.

📸 Прислать фото/видео/информацию: @helloastrabot

⭐️ Резервный канал ASTRA: https://t.me/astrapress2",fire (flames),awesome/amazing/great,LITERAL,HIGH,"In this sentence, ""огонь"" refers to actual flames and fire involved in the burning of storage facilities, thus it is used in its literal sense.",0,2025-12-07,https://vk.com/wall10161496_266160,10161496,266160
огонь,".... нацию света нельзя одолеть – 
Мы вместе, мы сила, и с нами Господь! 
 
Священный огонь – он пылает для всех: 
За землю сражаемся мы праотцов, 
За наших детей, их свободу и смех, 
За новых героев и новых творцов! 
 
За мирное завтра, за право любить 
Мы встанем всем миром, всей правдой, друзья!
Огромная благодарность Арсению за чай для окончательной упаковки блюд и милой женщине, которая сушит сухарики для наших воинов",fire (flames),awesome/amazing/great,LITERAL,HIGH,"In this sentence, ""огонь"" refers to a literal fire that symbolizes a sacred flame, not used in a slang context.",1,2025-12-07,https://vk.com/wall-234205662_85,-234205662,85
огонь,"Он горел как огонь 
Светил как солнце 
Зажигал костры в наших сердцах 
И сгорел как свеча...

Шаман музыки 
Проклятый поэт
Оставшийся в Париже...

8 декабря 1943 года родился легендарный американский рок-музыкант,поэт и лидер группы The Doors 
Джим Моррисон",fire (flames),awesome/amazing/great,LITERAL,HIGH,"In this sentence, ""огонь"" refers to fire in a literal sense, describing the intensity and passion of the subject rather than using it as slang for something awesome.",1,2025-12-07,https://vk.com/wall807528194_18544,807528194,18544
огонь,"КРЕМ СУП
                  
▫️🥩Куриная грудка 600гр 
▫️🥒Цуккини 1шт
▫️🍄Шампиньон 200гр
▫️🥕Морковь 1шт 
▫️🧅Лук репчатый 1шт
▫️💧Вода 350мл

✅Все ингредиенты нарезаем и отправляем в кастрюльку. 

✅Солим, перчим, добавляем приправу по вашему вкусу. 

✅Добавляем 350мл воды. 

✅Накрываем крышечкой, ставим на средний огонь, на 20-25 минут.

✅Сливаем часть воды и вжик-вжик блендером. 

✅Всё, наш супчик готов!",fire (flames),awesome/amazing/great,LITERAL,HIGH,"In this sentence, ""огонь"" refers to the heat source used for cooking, which is its literal meaning as fire, not as slang for something awesome.",0,2025-12-07,https://vk.com/wall1055212020_5,1055212020,5
огонь,"Ваш семейный очаг начинается здесь. 💫
Принимаю заказы на создание свадебных свечей«Семейный очаг».
Натуральные материалы и вся моя забота в каждом изделии. Пусть первый огонь вашего дома будет особенным❤️",fire (flames),awesome/amazing/great,LITERAL,HIGH,"In this sentence, ""огонь"" refers to the literal fire that will be part of the family hearth, not as a slang term for something awesome.",1,2025-12-07,https://vk.com/wall-164302535_273,-164302535,273
огонь,"#защита

Сейчас защита нужна надёжная.

1) Огонь Вселенской Любви, укутай меня в семислойную защитную сферу.

2) Энергия Великого Центрального Солнца, укутай меня.

3) Энергия Растворения Трёхмерной Матрицы, укутай меня 

4) Энергия Первотворца Вселенной, укутай меня. 

Также и своих близких защищать. И свое имущество. Простор для творчества. 

Обязательно утром и на ночь. Днем можно обновлять защиту",fire (flames),awesome/amazing/great,LITERAL,HIGH,"In this context, ""огонь"" refers to the ""Fire of Universal Love,"" which is used literally as a spiritual or energetic concept rather than as slang for something awesome.",1,2025-12-07,https://vk.com/wall97341646_6769,97341646,6769
огонь,"💥 В Красноярске возник пожар возле местной ТЭЦ.
 
Перед пожаром местные жители слышали несколько взрывов.
В МЧС сообщили, что горят емкости с бензином и топливные пеллеты. Огонь распространился на 850 квадратных метров. 
Рядом со складом расположена ТЭЦ-1. Пострадавших вроде бы нет.",fire (flames),awesome/amazing/great,LITERAL,HIGH,"In the sentence, ""огонь"" refers to actual flames or fire resulting from the blaze near the TЭЦ, which is its literal meaning.",0,2025-12-07,https://vk.com/wall813691452_17658,813691452,17658
огонь,"""Искушение не есть зло, но – добро. Оно хороших делает еще лучшими. Это – горнило для очищения золота, это – мельница для сотрения жестоких зерен пшеницы. Это – огонь, истребляющий волчцы и терния, чтобы сделать землю способной к принятию добрых семян.""
Святитель Иоанн Златоуст.",fire (flames),awesome/amazing/great,LITERAL,HIGH,"In this sentence, ""огонь"" refers to fire in its literal sense, describing a purifying and destructive force, rather than using it as slang for something awesome.",0,2025-12-07,https://vk.com/wall4306352_122173,4306352,122173
огонь,"Двойное ЧП в Ессентуках – сначала загорелась пассажирская «Газель», затем огонь с нее перекинулся на магазин.

К счастью, никто не пострадал – маршрутка возвращалась с заправки и была пустая.

Подпишись на [club28514668|@kpstav] | Читать нас в MAX

По материалам Telegram-канала ""КП Ставрополь. Новости Северного Кавказа. Stav.kp.ru""",fire (flames),awesome/amazing/great,LITERAL,HIGH,"In this sentence, ""огонь"" refers to actual flames that spread from the burning passenger vehicle to the store, indicating a literal fire rather than a slang usage.",0,2025-12-07,https://vk.com/wall-175218120_39732,-175218120,39732
огонь,"В Ессентуках на перекрестке улиц Советской и Володарского загорелась пассажирская «Газель», затем огонь перекинулся на магазин. Об этом сообщил глава города Владимир Крутников в своих социальных сетях. Все произошло 7 декабря. Уточняется, что на момент ЧП в маршрутке не было пассажиров, водитель возвращался с заправки. «Возгорание уже ликвидировано. Пострадавших нет. Угрозы распространения огня нет. Обстоятельства уточняются», - уточнил глава города. Причины происшествия выясняются.",fire (flames),awesome/amazing/great,LITERAL,HIGH,"In this sentence, ""огонь"" refers to the actual flames from the fire that broke out, which is its literal meaning.",1,2025-12-07,https://vk.com/wall-103777146_99217,-103777146,99217
огонь,"Если б сердце умело бы вслух говорить, 
То оно научило б нас жить и любить, 
Научило бы хрупкие чувства беречь, 
Прервало навсегда слов жестоких картечь, 
Научило б от нежности нас трепетать, 
Научило бы ждать, доверять и прощать, 
Генерировать счастье, и чувствовать боль, 
Научило бы слышать и видеть душой. 
Высекать научило б из взгляда огонь, 
В час тяжелый протягивать людям ладонь!                                             (Инет )",fire (flames),awesome/amazing/great,LITERAL,HIGH,"In this context, ""огонь"" refers to the literal act of generating fire from a gaze, suggesting a deep emotional connection rather than using it as slang for something awesome.",2,2025-12-07,https://vk.com/wall329732567_94222,329732567,94222
огонь,"-2026 год по восточному календарю — это год Красной Огненной Лошади, 
символизирующий силу, 
энергию, 
динамику и обновления, 
год для смелых решений, 
инициативы и ярких достижений.

-Важно встречать его с позитивом, в ярких цветах (красный, зеленый, золотой) .

Характеристики года:
Стихия: Огонь.
Цвет: Красный.❤️
Символ: Лошадь.🐎 
Энергетика: Мощная, яркая, требующая действий .🔥",fire (flames),awesome/amazing/great,LITERAL,HIGH,"In this sentence, ""огонь"" refers to the element of fire, which is a literal representation of the year associated with the Fire element in the Eastern calendar, rather than a slang expression for something awesome.",2,2025-12-07,https://vk.com/wall543810822_7933,543810822,7933
огонь,"Крупный пожар в Сургутском районе

В поселке Солнечный произошло загорание двухэтажного многоквартирного дома. По предварительным данным, огонь распространился по всей площади здания, произошло обрушение кровли.

На месте работают пожарно-спасательные подразделения МЧС России. Задействованы 20 человек и 7 единиц техники.

Площадь пожара составляет около 600 кв. метров. Работы продолжаются.",fire (flames),awesome/amazing/great,LITERAL,HIGH,"In this sentence, ""огонь"" refers to the actual flames and fire involved in the burning of the building, which is its literal meaning.",2,2025-12-07,https://vk.com/wall-166183316_145170,-166183316,145170
огонь,"Моисеев куст горел – говорил – уцелел. 
Смоковница горела – молчала – сгорела дотла. 
Ибо терновник Словесный плод принести сумел, 
а смоковница, как ни старалась, но не смогла. 

Ибо истинный плод это Слово, а не инжир. 
Ибо жажда Слова должна быть утолена. 
Ибо огонь отмщения приходит в иссохший мир. 
Спросите смоковницу – вдруг ответит она? 

Борис Херсонский 
Стр.понед. 2017",fire (flames),awesome/amazing/great,LITERAL,HIGH,"In the sentence, ""огонь"" refers to fire in its literal sense, as it discusses the concept of fire in relation to the context of burning and destruction.",1,2025-12-07,https://vk.com/wall6673625_1679,6673625,1679
огонь,"На перекрёстке ул. Советская/Володарского

Загорелась пассажирская «Газель» (была не на маршруте, ехала с заправки). Огонь перекинулся на магазин.

Возгорание уже ликвидировано.
Пострадавших нет. Угрозы распространения огня нет.
Обстоятельства уточняются.
https://t.me/Krutnikov_VV",fire (flames),awesome/amazing/great,LITERAL,HIGH,"In the sentence, ""огонь"" refers to actual flames resulting from the fire that broke out, which is its literal meaning.",0,2025-12-07,https://vk.com/wall-163784893_562543,-163784893,562543
бомба,"‼️УМПК от и ДО‼️

Завершим праздник аэродромных инженеров эксклюзивным роликом работы ИАС.

Можете оценить, сколько эти МУЖИКИ делают для Победы.

250 бомб в сутки летит по хохлу.

В мороз, зной, дождь и на продуваемой всеми ветрами ВПП.

За Вас! 
Вы первые встречаете и последние провожаете самолёт в Бой за Россию! 🫡🇷🇺",bomb (explosive),very cool/outstanding,LITERAL,HIGH,"In this sentence, ""бомб"" refers to actual bombs being used in military operations, which aligns with the literal meaning of the word as explosive devices.",5,2025-12-07,https://vk.com/wall-220675925_109412,-220675925,109412
бомба,"Я не хочу, чтобы Москву и Питер бомбили, но я хочу, чтобы все нормальные жители Москвы и Питера понимали, что испытывают жители Киева. Чтобы делали просто что смогут, чтобы этого было меньше, чтобы хотя бы не отправлять контрактников, отговаривать любого, кто собрался на войну. Не поддаваться на пропаганду, которая уже в сто раз мощнее, чем рейховская.",bomb (explosive),very cool/outstanding,LITERAL,HIGH,"In the sentence, ""бомбили"" refers to the act of bombing in a military context, which is a literal use of the word ""бомба"" as an explosive device.",0,2025-12-07,https://vk.com/wall3228559_2493,3228559,2493
бомба,"Взрывная новинка от Netflix 💣 Отвязный криминальный боевик, так могла бы выглядеть экранизация GTA VI 🔥

Готовые (2023)🎬
Жанр: комедия, боевик

Команда спецназовцев из Лас-Вегаса обезвреживает бомбу и решает по рок-н-ролльному отметить спасение города. В разгар вечеринки им поступает сообщение, что угроза активации ядерного оружия сохраняется. У пьяных и находящихся под кайфом спасателей есть лишь несколько часов, чтобы все исправить.

Источник: https://vk.ru/wall-56028029_370238",bomb (explosive),very cool/outstanding,LITERAL,HIGH,"In this sentence, ""бомба"" refers to an explosive device that the special forces are dealing with, which is its literal meaning.",0,2025-12-07,https://vk.com/wall-229004301_2284,-229004301,2284
бомба,"5 декабря 1965 года во время учений в Филлипинском море в 109 км от острова Кикай, штурмовик ВМС США A-4 «Skyhawk», вооруженный термоядерной бомбой В-43, скатился с палубы авианосца и утонул. Глубина в том месте составляла 4,9км

Бомба, самолет и тело пилота так и не были найдены",bomb (explosive),very cool/outstanding,LITERAL,HIGH,"In this sentence, ""бомба"" refers to a nuclear bomb (explosive) that was armed on the aircraft, which is its literal meaning and not used as slang.",0,2025-12-07,https://vk.com/wall174664616_43935,174664616,43935
бомба,"Inge 🇱🇻🇬🇧🏴󠁧󠁢󠁷󠁬󠁳󠁿 

Чего-то представила, что во Вторую Мировую все страны антигитлеровской коалиции соблюдали бы гуманность и бомбили только военные объекты и инфраструктуру. Интересно, как долго длилась бы война? Ну, точно не шесть лет. Может все шестьдесят.",bomb (explosive),very cool/outstanding,LITERAL,HIGH,"In the sentence, ""бомбили"" refers to the act of bombing military targets, which is a literal use of the word ""бомба"" as an explosive device.",0,2025-12-07,https://vk.com/wall119699119_152446,119699119,152446
бомба,"HeavyGod уничтожил троих, оставшись 1V4 
 
Но времени для бомбы не хватило....",bomb (explosive),very cool/outstanding,LITERAL,HIGH,"In this sentence, ""бомба"" refers to an explosive device, as indicated by the context of the game scenario and the mention of time related to it, rather than being used as slang for something cool or outstanding.",8,2025-12-07,https://vk.com/wall-113066361_5617006,-113066361,5617006
бомба,Си обещал больше не бомбить хахлов.,bomb (explosive),very cool/outstanding,LITERAL,HIGH,"In this sentence, ""бомбить"" refers to the literal act of bombing with explosives, not using ""бомба"" in a slang context.",21,2025-12-07,https://vk.com/wall-94686473_1990394,-94686473,1990394
бомба,"Макет первой советской атомной бомбы РДС-1. Первое испытание которой было проведено 29 августа 1949 года, на полигоне в Семипалатинске. Это была плутониевая бомба мощностью 22 килотонны. Всего за два года было построено 29 атомных бомб этого типа. 

Размеры бомбы: длина 3,7 метра, диаметр 1,5 метра, масса 4,6 тонны.",bomb (explosive),very cool/outstanding,LITERAL,HIGH,"In this sentence, ""бомба"" refers to the explosive device used in nuclear weapons, which is its literal meaning.",5,2025-12-07,https://vk.com/wall-202276356_58357,-202276356,58357
бомба,"Печенегов бомбим.
Половцам и хазарам приготовиться!",bomb (explosive),very cool/outstanding,LITERAL,HIGH,"In this sentence, ""бомбим"" refers to the act of bombing, which is a literal use of the word ""бомба"" as it pertains to explosive devices.",1,2025-12-07,https://vk.com/wall9266900_7790,9266900,7790
бомба,"Скорость 
 
Жанр: боевик, триллер, приключения 
 
Террорист устанавливает в рейсовом автобусе радиоуправляемую бомбу, которая взорвётся, если скорость автобуса упадёт ниже 80 км/ч. После того, как автобус выезжает на шоссе и набирает скорость, взрывное устройство активируется, и сам автобус превращается в «скоростную бомбу» с заложниками, не имея возможности остановиться. Сотрудник спецслужб вместе со случайной попутчицей, оказавшейся за рулём автобуса, ищет способ спасти жизни людей.",bomb (explosive),very cool/outstanding,LITERAL,HIGH,"In this sentence, ""бомба"" refers to an explosive device, which is its literal meaning, as it describes a bomb that is set to explode under specific conditions.",2,2025-12-07,https://vk.com/wall-138541740_12588,-138541740,12588
бомба,"Оказалось , это игру "" разбомби дом соседу"" можно играть вдвоем. 4 года бомбили дома украинцев. Наконец полетела ответка и ваши злодеяния уже не будут безнаказанными.

Украинский беспилотник врезался в многоэтажку в Рязани — на крыше дома пожар.

Атаковали дроном-камикадзе типа ""Лютый"". Повреждены машины, их засыпало камнями. Местные говорят минимум о 14 взрывах над городом.",bomb (explosive),very cool/outstanding,LITERAL,HIGH,"The word ""бомба"" in the context of the sentence refers to an explosive device, which aligns with its literal meaning rather than any slang usage.",1,2025-12-07,https://vk.com/wall-141040516_227211,-141040516,227211
бомба,"ВЕЧЕРНИЙ ИЗЛУЧАТЕЛЬ: СЕВЕР ПОД ДЫМОМ ИНТЕРВЕНЦИИ

Химическое оружие в Гражданскую войну пришло с Севера — от белых и британских интервентов. Английские гидросамолёты сбрасывали сотни обычных и химических бомб. «Устройство М» причиняло боль, панику, порой сводило с ума.

Черчилль лично курировал поставки десятков тысяч зарядов, скрывая применение за ложью о «большевистских газах».

Но даже страх не ломает фронт. Красные держатся. Народ с ними.

Сиди и смотри. И думай.",bomb (explosive),very cool/outstanding,LITERAL,HIGH,"In the sentence, ""бомба"" refers to actual explosive devices used during the Civil War, which aligns with its literal meaning.",15,2025-12-07,https://vk.com/wall-41351530_777780,-41351530,777780
бомба,"Своих травят , соседей бомбят ! ,,Диктатура хорошо,, ! Плазменный экран , наушиники блютуз и Ленин !",bomb (explosive),very cool/outstanding,LITERAL,HIGH,"In the sentence, ""соседей бомбят"" refers to the act of bombing neighbors, which uses ""бомба"" in its literal sense as an explosive device.",3,2025-12-07,https://vk.com/wall-229928765_2858,-229928765,2858
бомба,"«Не всё говори, что знаешь! Но всегда знай, что говоришь!»
Такой девиз был у работников  подземной  базы подводных лодок в Балаклаве(Крым. Севастополь) - секретный стратегический военный объект СССР времен холодной войны, расположенный в Балаклавской бухте. 
Завод по ремонту подводных лодок - база подводных лодок, бывший объект 825ГТС, он мог выдержать прямое попадание атомной бомбы. На сегодняшний день база закрыта, и место превращено в музей",bomb (explosive),very cool/outstanding,LITERAL,HIGH,"In this sentence, ""бомба"" refers to an explosive device, specifically in the context of the military and the ability to withstand a nuclear bomb, which is its literal meaning.",1,2025-12-07,https://vk.com/wall73303942_4076,73303942,4076
бомба,"🇺🇦💥🇷🇺 Украина ввела в эксплуатацию оснащенный НАТО самолет F-16, вооруженный планирующими бомбами американского производства. Это событие создает серьезную новую проблему для российских систем ПВО.",bomb (explosive),very cool/outstanding,LITERAL,HIGH,"In this sentence, ""бомба"" refers to the explosive weaponry used in military operations, which is its literal meaning, not a slang usage.",0,2025-12-07,https://vk.com/wall270863259_1533,270863259,1533
бомба,"Анонимно
Кто продает малолеткам бомбочки?
Район АБС Молл,задолбали уже каждый вечер то подъезды бомбят,то просто на улице!!!",bomb (explosive),very cool/outstanding,LITERAL,HIGH,"In this sentence, ""бомбочки"" refers to small explosive devices being used in a literal context, not as slang for something cool or outstanding.",9,2025-12-07,https://vk.com/wall-64870761_1934025,-64870761,1934025
бомба,"Идеальный молотов, что бы не дать поставить бомбу на ""В"" на inferno",bomb (explosive),very cool/outstanding,LITERAL,HIGH,"In this sentence, ""бомба"" refers to an explosive device in the context of a game strategy, which aligns with its literal meaning.",2,2025-12-07,https://vk.com/wall-29058375_3718205,-29058375,3718205
бомба,"Скины для бомбы в CS2 🙊 
 
Эта идея уже давно летает в сообществе. 
А поскольку мы теперь можем крепить к С4 брелоки и протекторы со стикерами, не пора ли добавить для них и раскраски? 
 
P.S. Ссылка на работу в Мастерской https://steamcommunity.com/sharedfiles/filedetails/?id=3617639935&searchtext=",bomb (explosive),very cool/outstanding,LITERAL,HIGH,"In this sentence, ""бомба"" refers to the explosive device used in the game CS2, which is its literal meaning, rather than a slang term for something outstanding.",2,2025-12-07,https://vk.com/wall-163739052_23979,-163739052,23979
бомба,"Bomb mark 1.0.1
Поддерживаемые игры CS: Source (OrangeBox)CS: Source (v34)CS: GO 

Плагин при появлении бомбы прикрепляет к ней визуальную метку, которую могут видеть только террористы. 
Метку видно через препятствия. Метка переносимой бомбы оранжевого цвета, установленной - красная. 

Прописать в любой конфиг который закачивает файлы
materials/sprites/bomb_mark.vmt 
materials/sprites/bomb_mark.vtf

Никаких настроек и команд у плагина нет.",bomb (explosive),very cool/outstanding,LITERAL,HIGH,"In this sentence, ""бомба"" refers to an explosive device used in the context of a game, which is its literal meaning.",0,2025-12-07,https://vk.com/wall-185730508_2189,-185730508,2189
бомба,"Легендарный „Дом Книги” практически не прекращал своей деятельности даже в годы блокады. 6 декабря 1941 года на соседнее с магазином здание упала бомба, взрывной волной в здании были выбиты все окна, а складские помещения были затоплены. Но „Дом Книги” продолжил работу и закрылся только в конце декабря 1941 года всего на три месяца из-за отсутствия электричества и тепла.

После войны ленинградский „Дом книги” отреставрировали, и магазин вновь открылся в 1948 году.",bomb (explosive),very cool/outstanding,LITERAL,HIGH,"In the sentence, ""бомба"" refers to an explosive device that fell on a building, which is its literal meaning rather than a slang usage.",0,2025-12-07,https://vk.com/wall-223418808_3540,-223418808,3540
бомба,"Новые качественные кадры сброса бомб ОФАБ-250-270 с модулем УМПК, фронтовым бомбардировщиком Су-34. 

https://www.youtube.com/watch?v=Zs96vhod5NQ",bomb (explosive),very cool/outstanding,LITERAL,HIGH,"In the sentence, ""бомба"" refers to the explosive device used in military operations, which is its literal meaning.",1,2025-12-07,https://vk.com/wall-162587066_3628,-162587066,3628
бомба,"* Стоит в обломках зданий * 
Тяжело было сражаться с демоном бомбы... [id844184290|С ней] 
Она довольно сильна",bomb (explosive),very cool/outstanding,LITERAL,HIGH,"In this sentence, ""бомбы"" refers to an explosive device, which is its literal meaning, as it discusses fighting against a ""demon of the bomb.""",1,2025-12-07,https://vk.com/wall948851036_715,948851036,715
бомба,"«Моё сердце, когда ты со мною бьётся громче разбившихся бомб…» 

«Один день» 

Ссылка на трек:https://band.link/odin_d 

#новаяпесня #новая #музыка",bomb (explosive),very cool/outstanding,LITERAL,HIGH,"In the sentence, ""бомб"" refers to ""разбившихся бомб"" (broken bombs), which clearly indicates the literal meaning of explosive devices rather than a slang usage.",7,2025-12-07,https://vk.com/wall-223080366_3470,-223080366,3470
бомба,"Бомбы, ракеты, ""украденные дети"", ""коммунистическая пропаганда"" 
 
Все это вменяет России глава МИД Латвии. 
 
Байба Браже не первый день повторяет одни и те же нарративы, написанные в методичке для ""рукопожатных политиков ЕС"". 
 
Браже уверена, что Россия – ""террористическое государство"", распространяющее ""собственное гниение на других"". Из ""цветущей"" Латвии, где уже давно отрицательный рост рождаемости и повальный отток капитала, явно виднее.",bomb (explosive),very cool/outstanding,LITERAL,HIGH,"In the sentence, ""бомбы"" refers to explosive devices, which is its literal meaning, as it is used in the context of discussing accusations against Russia.",9,2025-12-07,https://vk.com/wall-51890114_320208,-51890114,320208
бомба,"This phrase gained popularity during the anti-war protests in the 1960s and 1970s, particularly in the context of the Vietnam War, where it highlighted the cynicism of using military force to resolve conflicts.

Бомбить ради сохранения мира - то же самое, что ебаться ради сохранения девственности. Антиамериканский плакат времен вьетнамской войны.",bomb (explosive),very cool/outstanding,LITERAL,HIGH,"In the sentence, ""бомба"" refers to an explosive device, which is its literal meaning, as it discusses military force and anti-war protests.",0,2025-12-07,https://vk.com/wall366089074_2623,366089074,2623
бомба,"Это интересно знать

Бомбим Белгород! Российская авиабомба устроила блэкаут в городе и пригороде

 https://www.youtube.com/watch?v=bY4vlNW215s

Российский самолет в очередной раз уронил на Белгород КАБ. Взрывом повредило подстанцию, пропал свет, есть раненные. 
Танкер российского теневого флота Kiros, ранее атакованный украинскими дронами в Черном море, сел на мель у болгарского побережья.",bomb (explosive),very cool/outstanding,LITERAL,HIGH,"In this sentence, ""бомба"" refers to an explosive device that caused damage, which is its literal meaning.",0,2025-12-07,https://vk.com/wall136710724_439792,136710724,439792
бомба,"Взрывная новинка от Netflix 💣 Отвязный криминальный боевик, так могла бы выглядеть экранизация GTA VI 🔥

Готовые (2023)🎬
Жанр: комедия, боевик

Команда спецназовцев из Лас-Вегаса обезвреживает бомбу и решает по рок-н-ролльному отметить спасение города. В разгар вечеринки им поступает сообщение, что угроза активации ядерного оружия сохраняется. У пьяных и находящихся под кайфом спасателей есть лишь несколько часов, чтобы все исправить.",bomb (explosive),very cool/outstanding,LITERAL,HIGH,"In this sentence, ""бомба"" refers to an explosive device that the special forces are dealing with, which aligns with its literal meaning.",39,2025-12-07,https://vk.com/wall-56028029_370238,-56028029,370238
бомба,"БИТВА ЗА ГУЛЯЙПОЛЕ

Воины-Дальневосточники продолжают оказывать воздействие на противника не только снарядами и бомбами, но и уговорами не отдавать свои жизни понапрасну за преступный режим Зеленского.

Над Гуляйполем бойцами различных подразделений группировки войск ""Восток"" ежедневно проводится залистование позиций противника с призывами прекратить сопротивление, отойти с позиций или сдаться при первой возможности.",bomb (explosive),very cool/outstanding,LITERAL,HIGH,"In the sentence, ""бомба"" refers to explosive devices used in warfare, which aligns with its literal meaning rather than any slang usage.",8,2025-12-07,https://vk.com/wall-73095530_86261,-73095530,86261
бомба,"После решения Евровидения разрешить Израилю участвовать в конкурсе 2026 года, испанская общественная телерадиокомпания RTVE показала шокирующий сюжет, разоблачающий реальность за сценическими огнями:

На экране одновременно показывались выступление Израиля в 2025 году и реальность с кадрами падающих на Газу бомб, голодающих детей и массовых убийств во время продолжающегося геноцида.",bomb (explosive),very cool/outstanding,LITERAL,HIGH,"In the sentence, ""бомб"" refers to actual explosive devices falling on Gaza, which is a literal usage of the word.",0,2025-12-07,https://vk.com/wall49934441_48859,49934441,48859
бомба,"БИТВА ЗА ГУЛЯЙПОЛЕ

Воины-Дальневосточники продолжают оказывать воздействие на противника не только снарядами и бомбами, но и уговорами не отдавать свои жизни понапрасну за преступный режим Зеленского.

Над Гуляйполем бойцами различных подразделений группировки войск ""Восток"" ежедневно проводится залистование позиций противника с призывами прекратить сопротивление, отойти с позиций или сдаться при первой возможности.

📍Источник: [club67173277|Антитеррор]",bomb (explosive),very cool/outstanding,LITERAL,HIGH,"In this sentence, ""бомба"" refers to an explosive device used in warfare, which aligns with its literal meaning rather than any slang usage.",6,2025-12-07,https://vk.com/wall-56182693_744085,-56182693,744085
бомба,"Суть:
В один ясный день, в ФСБ поступил вызов, о минирование школы. ФСБ пригласила на операцию подразделения ОМОН. В процессе дела когда они приехали и начали искать бомбу, её не нашлось. Оказалось что это был ложный вызов. Обманщиков не удалось найти.",bomb (explosive),very cool/outstanding,LITERAL,HIGH,"In this sentence, ""бомба"" refers to an explosive device in the context of a bomb threat, which is its literal meaning.",0,2025-12-07,https://vk.com/wall-234468425_6,-234468425,6
бомба,Согласно уставу ООН Россия имеет право бомбить Германию https://genby.livejournal.com/1173050.html?utm_source=vksharing&utm_medium=social,bomb (explosive),very cool/outstanding,LITERAL,HIGH,"In this sentence, ""бомбить"" refers to the literal act of bombing, which is consistent with the context of military actions and international law, rather than a slang usage.",0,2025-12-07,https://vk.com/wall67234600_1562,67234600,1562
бомба,"А вы знали, что… 
 
Олеандр — официальный цветок города Хиросима. 
 Это связано с тем, что именно олеандр стал первым растением, которое снова расцвело в городе после взрыва атомной бомбы 6 августа 1945 года. 
 
Теперь вы знаете.",bomb (explosive),very cool/outstanding,LITERAL,HIGH,"In the sentence, ""бомба"" refers to the explosive device used in the context of the atomic bombing, which is its literal meaning.",7,2025-12-07,https://vk.com/wall-229701333_1251,-229701333,1251
топ,"Топик, рубчик
Размеры 42-48
Топ женский в рубчик - это идеальный элемент гардероба, который сочетает в себе комфорт и стиль.
Такой топик станет универсальной вещью, подходящей для любых случаев. Он прекрасно подойдет для домашних дел, офиса или спортивных занятий.
Цена штучно: 600руб
Цена оптом: 600руб (упак. 6шт=3600руб)",top (peak),best/high quality,LITERAL,HIGH,"In this context, ""топ"" refers to a women's top garment, which is its literal meaning as a clothing item, rather than a slang term for something of high quality.",0,2025-12-08,https://vk.com/wall-226135280_22780,-226135280,22780
топ,"Топик, хлопок
Топ с тонким без паралон больше размер
Размер:48-50-52-54-56-58-60
Цена штучно: 400руб",top (peak),best/high quality,LITERAL,HIGH,"In this sentence, ""топ"" refers to a type of clothing (a top) and is used in its literal sense, describing a garment rather than implying high quality or excellence.",0,2025-12-08,https://vk.com/wall582809623_152231,582809623,152231
топ,"✔️Топ - корсет с кружевом
Единый 40/46
Цена 850₽",top (peak),best/high quality,LITERAL,HIGH,"In this sentence, ""топ"" refers to a type of clothing (a top) and is used in its literal sense to describe a garment, not as slang for something being the best or high quality.",0,2025-12-08,https://vk.com/wall-200799444_163651,-200799444,163651
топ,"Цена: 480 руб
Топ с тонким паралоном
Размеры: единый 42-48.
Арт: 13406571",top (peak),best/high quality,LITERAL,HIGH,"In this sentence, ""топ"" refers to a type of clothing (a top) and is used in its literal sense, not as slang for something of high quality.",0,2025-12-08,https://vk.com/wall133265653_54747,133265653,54747
топ,"🌸 Утренний проблеск заливает комнату, где юная охотница поднимается с первыми лучами: серебристые волосы рассыпаются каскадом, аккуратный топ подчёркивает стройную талию, а короткие шорты открывают длинные, подтянутые ноги в белых гольфах. Она завязывает бинты на запястьях, каждый взгляд полон решимости; мягкий свет играет на её бёдрах, создавая почти невесомое свечение.

#majorika_official",top (peak),best/high quality,LITERAL,HIGH,"In this sentence, ""топ"" refers to a type of clothing (a top) and is used in its literal sense, describing the garment worn by the character.",5,2025-12-08,https://vk.com/wall-229423785_96,-229423785,96
топ,"✍️в наличии

Кроп топ в рубчик

Размер:42

◽️В наличии: 1

Цена:1️⃣5️⃣0️⃣",top (peak),best/high quality,LITERAL,HIGH,"In this sentence, ""топ"" refers to a ""crop top,"" which is a type of clothing, thus used in its literal sense rather than as slang for something being the best or high quality.",0,2025-12-08,https://vk.com/wall-229279191_2192,-229279191,2192
топ,"#WB
674 ₽ - Джинсовый топ-бандо, LOVE REPUBLIC
Скидка: 89%
Диапазон: 863 - 2443 ₽
В наличии: 1 🌝

www.wildberries.ru/catalog/523247795/detail.aspx

#Дешево #КиберПонедельник #Быстро #90Процентов #Бонусы",top (peak),best/high quality,LITERAL,HIGH,"In this context, ""топ"" refers to a type of clothing (a top) rather than being used as slang for something of high quality.",0,2025-12-08,https://vk.com/wall-231790534_21782,-231790534,21782
топ,"Кроп-топ в рубчик хлопок цветной яркий BLSH  Размеры: 42 
        
        Цена новая: 81р  Цена старая:  279р  Скидка: 71%  

        Покупать здесь: https://www.wildberries.ru/catalog/153995073/detail.aspx (https://www.wildberries.ru/catalog/153995073/detail.aspx) 

        Остаток: 38 шт    #женская_одежда",top (peak),best/high quality,LITERAL,HIGH,"In this sentence, ""топ"" refers to a type of clothing (crop top) and is used in its literal sense to describe the garment rather than as slang for something of high quality.",0,2025-12-08,https://vk.com/wall-233307408_414,-233307408,414
топ,"Топ крючком. Схема.

#вязаный_топ #топ_крючком #ажурный_топ #летний_топ #вязание_крючком",top (peak),best/high quality,LITERAL,HIGH,"In this context, ""топ"" refers to a crochet top, which is a literal garment, rather than being used as slang for something of high quality.",1,2025-12-08,https://vk.com/wall-108805479_171364,-108805479,171364
топ,"Новинка 

Костюм -тройка из самого мягкого велюра🤤

Брюки клеш полностью на клепках 💔можно регулировать вырез , по желанию ,создавая разные образы 🔥

Ziр худи OVERSIZE с брендированием 😍

И базовый топ ,который подойдет на любую грудь 🔥

Размер s 42-44 m 46-48
Цена 2530₽",top (peak),best/high quality,LITERAL,HIGH,"In this sentence, ""топ"" refers to a basic top garment, which is its literal meaning as a piece of clothing, rather than a slang term for something of high quality.",1,2025-12-08,https://vk.com/wall190186038_40374,190186038,40374
топ,"- Стильный топ, бретельки регулируются 
- Длина основная -55 см- без бретелек 
- 48 идет на 46 размер - ширина 47 см 
- 50 идет на 48 размет- ширина 49 см
- 52 идет на 50 размер- ширина 51 см 
- 54 идет на 52 размер- ширина 53 см 
1500 руб",top (peak),best/high quality,LITERAL,HIGH,"In this sentence, ""топ"" refers to a type of clothing (a top) and is used in its literal sense to describe a garment, not as slang for something of high quality.",0,2025-12-08,https://vk.com/wall-217086852_2249,-217086852,2249
топ,"Базовый  топ на регулируемых бретелях, который можно носить с любым низом 
Длина: 60 см
• Размеры: 42 / 44 / 46 / 48
1200р",top (peak),best/high quality,LITERAL,HIGH,"In this sentence, ""топ"" refers to a type of clothing (a top) and is used in its literal sense to describe a garment, not as slang for something being the best or high quality.",0,2025-12-07,https://vk.com/wall-217086852_2247,-217086852,2247
топ,"Цена штучно: 1200руб
Костюм тройка, лапша
Размеры 42-44-46-48
Новинка 
Пижама тройка - это базовый 
комплект для женщин, в который входит топ, брюки, халат с длинными рукавами и поясом.
Размер : S-42-44 М-46-48
Ткань : Лапша | Люкс 
Цена: 1200
Ждем Вас",top (peak),best/high quality,LITERAL,HIGH,"In this sentence, ""топ"" refers to a specific clothing item (a top) and is used in its literal sense as part of a women's outfit, not as slang for something of high quality.",0,2025-12-07,https://vk.com/wall-32214097_395585,-32214097,395585
топ,"Цена штучно: 480
Топик, хлопок
Размеры 52-54-56-58
Топ бра без косточек 
Очень удобная модель, поролон вынимается 
В упаковке 1 цвет, разные размеры",top (peak),best/high quality,LITERAL,HIGH,"In this context, ""топ"" refers to a type of clothing (a top) and is used literally to describe a specific garment, rather than as slang for something of high quality.",0,2025-12-07,https://vk.com/wall835759226_22769,835759226,22769
топ,"Цена штучно: 70руб
Цена оптом: 60руб (упак. 5шт=300руб)
Набор инструментов, силикон
Для мужчин и для женщин
Водосгон для удаления воды (22 см)
Силиконовый водосгон для стекол автомобиля отечественного бренда Топ Авто также можно использовать в качестве водосгона для мытья окон квартиры или частного дома, а также для душевой кабины. В зависимости от задачи можно выбрать модель с шириной изгото",top (peak),best/high quality,LITERAL,HIGH,"In this sentence, ""топ"" refers to the brand name ""Топ Авто,"" which is a literal reference to the company and not used in a slang context.",0,2025-12-07,https://vk.com/wall781285127_56993,781285127,56993
топ,"АРТ:Б-2Г-50
футболка
Цена: 600 руб.
Размер: 42-48
Ткань: хлопок

https://vk.com/photo-184814919_489681242

42  Футболки, майки, топы
https://vk.ru/album768661980_303588149",top (peak),best/high quality,LITERAL,HIGH,"In this context, ""топ"" refers to a type of clothing item (a top) and is used literally to describe a garment, rather than as slang for something of high quality.",0,2025-12-07,https://vk.com/wall768661980_22040,768661980,22040
топ,"1- 600р (шорты) S
2-400р (юбка) S
3-700р (боди)S
4- 250р (топ) XS-S
5-1 500р (костюм мягкий, ни разу не ношенный) S
6-500р (водолазка) S
7- 900р (джинсы) S
8-700р (купальник) XS-S
9- 500р (толстовка, присутствуют пятна) размер большой очень",top (peak),best/high quality,LITERAL,HIGH,"In this context, ""топ"" refers to a type of clothing (a top) rather than being used as slang for something of high quality.",0,2025-12-07,https://vk.com/wall-129591749_51550,-129591749,51550
топ,"Цена штучно: 1300руб
Пижама, муслин
Костюм четверка 
Рубашка, топ, брюки, шорты 
Отличное качество легко сочетается как вместе так и отдельно с любыми вещами. 
Ткань Муслин
Размеры S (42-44), M (46-48)",top (peak),best/high quality,LITERAL,HIGH,"In this sentence, ""топ"" refers to a type of clothing (a top) and is used in its literal sense to describe a garment, not as slang for high quality.",0,2025-12-07,https://vk.com/wall-206037245_20279,-206037245,20279
топ,"В л. с. Комментарии не читаю.
Пуховик НОВЫЙ с этикеткой. Размер 42-44-46. 
Длина 104. 100 рублей.
Комплект сверкающих украшений. Переливается всеми  гранями. На резинке. 5 рублей.
Парфюмерная вода. Лот. Стойкая. За все три 40 рублей. Могу продать по одной 18 рублей, поменьше 10 рублей.
Бюстгальтер. Чашка А-В, 36/75-80. 5 рублей.
Топ. Единый размер 42-44-46. 5 рублей.
Юбка кожаная. Тянется. Размер 42-44. 9 рублей.
Отправляю белпочтой после оплаты.",top (peak),best/high quality,LITERAL,HIGH,"In this sentence, ""топ"" refers to a type of clothing (a top) and is used in its literal sense, not as slang for something of high quality.",0,2025-12-07,https://vk.com/wall-83320256_62143,-83320256,62143
топ,"#поэзиисвязующаянить
[id240392391|Олеся Золотая]   объявила поэтический марафон. 
Первые стихи, конечно, учили в детском саду-белая берёза под моим окном. Они мне всегда напоминали зимний вечер у бабушки, на Пролетарке,печь топится, снег за окном кружится и покрывает стоящую за окном... сливу... но мне казалось- берёзу,снежным покровом ))) А потом было открытие в школьные годы поэзии Лермонтова, а потом, серебряный век. В общем читайте стихи, друзья!)))",top (peak),best/high quality,LITERAL,HIGH,"In this sentence, ""топится"" refers to the literal action of a stove being heated or burning, not using ""топ"" in a slang context.",2,2025-12-07,https://vk.com/wall189093721_4687,189093721,4687
топ,"Ты жил, ты умер, ты воскрес.",top (peak),best/high quality,LITERAL,HIGH,"The word ""топ"" in this context refers to a peak or top level, which is used literally and not as slang for something being the best or of high quality.",0,2025-12-07,https://vk.com/wall-212928240_2268,-212928240,2268
топ,"Стильные облегающие топы
Ткань: Лапша
Размеры: M (42-44), L (46-48)",top (peak),best/high quality,LITERAL,HIGH,"In this sentence, ""топ"" refers to a type of clothing (a fitted top), which is its literal meaning as a garment, rather than the slang meaning of ""best"" or ""high quality.""",1,2025-12-07,https://vk.com/wall527338457_14610,527338457,14610
топ,"Gар Fасtоrу🇺🇸
Брюки для дома
1040₽ + доставка
https://www.gapfactory.com/browse/product.do?pid=844371001&vid=1&pcid=1150781&cid=1150781&nav=meganav%3AWomen%3ACategories%3AShop+All+Styles#pdp-page-content

Топ для дома
1040₽ + доставка
XS,S,M,L,XL,XXL
https://www.gapfactory.com/browse/product.do?pid=844367011&vid=1&pcid=1150781&cid=1150781&nav=meganav%3AWomen%3ACategories%3AShop+All+Styles#pdp-page-content",top (peak),best/high quality,LITERAL,HIGH,"In this context, ""топ"" refers to a type of clothing (a top for home wear) and is used in its literal sense, not as slang for something of high quality.",0,2025-12-07,https://vk.com/wall-63429384_230424,-63429384,230424
топ,"Создай портрет, не меняя черты лица. Студийный портрет по пояс, молодая, спортивного телосложения  женщина-фитнес-тренер, волосы убраны в низкий гладкий хвост , держащая гантели. Одета в  светлый спортивный топ с надписью ""FITNESS TRAINER"" и леггинсы. Темный фон тренажерного зала с интенсивным неоновым  освещением. Энергия, мотивация, высокое качество.",top (peak),best/high quality,LITERAL,HIGH,"In this sentence, ""топ"" refers to a sports top, which is its literal meaning as a type of clothing, rather than a slang term for something of high quality.",0,2025-12-07,https://vk.com/wall-233555409_930,-233555409,930
топ,"Ярмарка на Красной площади. Шашлыки жарят, масо жарят, самовар топят дровами и все хорошо, все просто. Там нет торговых домиков по 15 т.р в день арендная плата. Надеюсь, что в Ижевске положительный опыт возьмут на вооружение.",top (peak),best/high quality,LITERAL,HIGH,"In this sentence, ""топят"" refers to the literal action of heating a samovar with firewood, not using ""топ"" in a slang context.",0,2025-12-07,https://vk.com/wall589047761_602,589047761,602
топ,"Цена штучно: 600руб
Свитер, вязка
Корейский стиль, новый полосатый дизайн уютный свитер, женские прямые топы с длинными рукавами 
Ткань: вязка 
Размер One Size: 42 44 46 48 
ТК Садовод корпус Б 2Г-45",top (peak),best/high quality,LITERAL,HIGH,"In this context, ""топ"" refers to a type of clothing (top) and is used in its literal sense to describe a women's garment, rather than as slang for something of high quality.",0,2025-12-07,https://vk.com/wall-215615221_10251,-215615221,10251
топ,Нападающий «Барселоны» Ферран Торрес отметился хет-триком в недавнем матче против «Бетиса» (5:3),top (peak),best/high quality,LITERAL,HIGH,"The word ""топ"" does not appear in the provided sentence, and the context does not suggest any slang usage; it is discussing a specific event in a football match.",0,2025-12-07,https://vk.com/wall-210667172_67371,-210667172,67371
топ,"Нарядный костюм топ корсет и юбка баллон

Размер : Универсальный 42-46
Цена 3600₽",top (peak),best/high quality,LITERAL,HIGH,"In this sentence, ""топ"" refers to a type of clothing (a top or corset) and is used in its literal sense, not as slang for something of high quality.",0,2025-12-07,https://vk.com/wall693715047_38286,693715047,38286
топ,"Роскошная новинка 
Костюм тройка: кардиган, топ, брюки клёш
Мягкая премиальная ткань, безупречный пошив и гарантированно стильный многофункциональный образ
Размер единый: 42-48
Фабричное качество",top (peak),best/high quality,LITERAL,HIGH,"In this sentence, ""топ"" refers to a type of clothing (a top) and is used in its literal sense as a garment, not as slang for something being the best or high quality.",1,2025-12-07,https://vk.com/wall527338457_14597,527338457,14597
топ,"Почему в России я так не ценила возможность стильно и разнообразно одеваться? Вчера я увидела магазин с одеждой разных цветов и как дикая побежала всё мерить 💔 в итоге приобрела лишь один топ, который стоил как 3-4 таких топа у нас 🇷🇺

Цените, что имеете, друзья!",top (peak),best/high quality,LITERAL,HIGH,"In this sentence, ""топ"" refers to a specific type of clothing (a top) rather than being used as slang for something of high quality or the best, making it a literal usage.",15,2025-12-07,https://vk.com/wall-229086094_4510,-229086094,4510
топ,"Женские вещи (40-42р):
-Платье INCITY 300р
-Топ Calliope 500р
-Юбка 500р
-Платье MOHITO 1000р
Писать в лс",top (peak),best/high quality,LITERAL,HIGH,"In this sentence, ""топ"" refers to a type of clothing (a top) and is used in its literal sense to describe a garment, not as slang for something being the best or high quality.",0,2025-12-07,https://vk.com/wall-72292667_247037,-72292667,247037
топ,"❌️SALE ❌️❌️SALE ❌️❌️SALE ❌️❌️SALE ❌️ 
Тройка готовый лук на каждый день! 
 
Цена 2350 
Размер единый 42-48 
Ткань шесть/акрил/хлопок 
Качество отличное 
Длина кардигана по спинке 120см 
Длина рукава от шва 50см ( рукав спущенный) 
Длина штанин 112см 
Длина топа удлиненного 45см 
Производство Турция",top (peak),best/high quality,LITERAL,HIGH,"In this context, ""топ"" refers to a specific type of clothing (a top or shirt), which is its literal meaning rather than a slang term for something of high quality.",0,2025-12-07,https://vk.com/wall585709159_52064,585709159,52064
топ,"Цена штучно: 350руб
Цена оптом: 320руб (упак. 6шт=1920руб)
Пижама, лапша
Размеры 42-44-46-48-50
в размер
Пижама 
Домашний топ и шорты для сна, пижамный комплект с классными принтами. 
Ткань- полиэстер , качество отличное 
Размер: (S 42-44. M 44-46. 
L 46-48
регулирующиеся лямки 
В упаковке все цвета и размеры!
Цена 350руб
Цена оптом: 320р",top (peak),best/high quality,LITERAL,HIGH,"In this context, ""топ"" refers to a ""top"" or ""tank top"" as a type of clothing, which is its literal meaning rather than a slang term for something of high quality.",0,2025-12-07,https://vk.com/wall768483190_162102,768483190,162102
топ,"Базовый атласный топ на регулируемых бретелях

• Длина: 60 см
• Цена: 1600₽
• Размеры: 42 / 44 / 46 / 48",top (peak),best/high quality,LITERAL,HIGH,"In this sentence, ""топ"" refers to a basic satin top (a type of clothing), which is its literal meaning, rather than slang for something being the best or of high quality.",0,2025-12-07,https://vk.com/wall693715047_38256,693715047,38256
топ,"Рубашка, хб
Размеры ЕДИНЫЙ (42-48)
База и основа всего гардероба-oversize рубашка! Это абсолютный тренд! Универсальные цвета и простой крой делают рубашку уместной в совершенно разных образах! В комплекте качественный топ, сочетай, миксуй, вдохновляйся! 
Длина спереди-69 см, длина сзади-72 см, длина топа-46 см
Цена штучно: 1500руб
Цена оптом: 1450руб (упак. 4шт=5800руб)",top (peak),best/high quality,LITERAL,HIGH,"In this sentence, ""топ"" refers to a quality top garment included with the shirt, which is its literal meaning as a piece of clothing, not slang for something of high quality.",0,2025-12-07,https://vk.com/wall-226135280_22749,-226135280,22749
топ,"Цена штучно: 600руб
Свитер, вязка
Корейский стиль, новый полосатый дизайн уютный свитер, женские прямые топы с длинными рукавами 
Ткань: вязка 
Размер One Size: 42 44 46 48",top (peak),best/high quality,LITERAL,HIGH,"In this context, ""топ"" refers to a type of women's clothing (top) rather than its slang meaning of best or high quality.",0,2025-12-07,https://vk.com/wall-215615221_10245,-215615221,10245
топ,"📌Топы с пайетками идеально подойдут для новогоднего образа 

🔖длина 60 см

📏42-48
💳1400 рублей",top (peak),best/high quality,LITERAL,HIGH,"In this sentence, ""топ"" refers to a type of clothing (a top) and is used in its literal sense, describing a garment suitable for a New Year's outfit.",1,2025-12-07,https://vk.com/wall-167017666_39555,-167017666,39555
топ,"Базовый атласный топ на регулируемых бретелях

• Длина: 60 см
• Цена: 1400
• Размеры: 42 / 44 / 46 / 48

Отличное фабричное качество",top (peak),best/high quality,LITERAL,HIGH,"In this sentence, ""топ"" refers to a type of clothing (a ""top"" or ""tank top""), which is its literal meaning in the context of fashion, rather than a slang term for something of high quality.",0,2025-12-07,https://vk.com/wall710405881_10383,710405881,10383
топ,Любавичи- старинное село с большим количеством евреев в прошлом. Униатский храм 17века переделан в православный. Топится печкой. Иконостасы 18 в из древнего Смоленского Авраамиевского монастыря. В стене до сих пор снаряд Вов. Левый придел сгнил. Храм в статусе федерального значения ждёт своей очереди....,top (peak),best/high quality,LITERAL,HIGH,"In this sentence, ""топится печкой"" refers to the literal act of heating with a stove, not using ""топ"" in a slang context.",1,2025-12-07,https://vk.com/wall-209769594_747,-209769594,747
пушка,"Продам ММГ выстрела 20x99R для авиационной пушки ШВАК с подкалиберным бронебойно-зажигательным снарядом! Нечастая разновидность с биметаллическим баллистическим колпаком ( сталь плакированная томпаком). 1943 год. Отличный сохран. Снаряд из гильзы не извлекался, сверло. Капсюль пролит маслом.
.
Цена 3, 5 т.р. +стоимость доставки.
.
Больше интересных предметов на моей странице.
.
Пишите в личку.
.",gun/cannon,something extremely cool/hype,LITERAL,HIGH,"In this sentence, ""пушка"" refers to an aviation cannon, which is its literal meaning in the context of military equipment, rather than being used as slang for something cool or hype.",0,2025-12-08,https://vk.com/wall-203969013_66194,-203969013,66194
пушка,"Васильевский, вот его не забуду... что в его руках пушка, а руки гуляют как у Арлекина. Миша, прости.... это я услышал... не забуду, арендуя комнату. Мы же изменим всё?... Изменим... И Вы с ней рванули на улицу.... и били позднее стёкла машин припаркованных, во сне не слышно... обосраться можно без подгузника...",gun/cannon,something extremely cool/hype,LITERAL,HIGH,"In this sentence, ""пушка"" refers to a gun or cannon, as it describes something physically present in the character's hands, rather than being used as slang for something cool or hype.",0,2025-12-08,https://vk.com/wall1054062123_3721,1054062123,3721
пушка,"И последняя воскресная игра у нас была по Старому Миру.
Дебют Нульнскому артиллерийскому обозу против Дварфов не очень удался, хотя начали они за здравие. На первом же ходу издалека пристрелили из пушки Дрэгон Слеера! Мда, трудно придумать более подлую смерть для такого героя. Видимо сия обида очень глубоко запала куда то под бороды дварфам, ибо в конце концов они таки вырвали победу у пушкарей в рукопашке.",gun/cannon,something extremely cool/hype,LITERAL,HIGH,"In this sentence, ""пушка"" refers to a cannon used in a game context, which is its literal meaning, rather than a slang term for something cool or hype.",2,2025-12-08,https://vk.com/wall-43706775_20889,-43706775,20889
пушка,"#FreeFire #FreeFireRU
ИТОГИ ГОДА: Самые популярные пушки

🥇 M1887
🥈 MAG-7
🥉 XM8",gun/cannon,something extremely cool/hype,LITERAL,HIGH,"In this context, ""пушки"" refers to actual firearms used in the game, aligning with its literal meaning of ""guns.""",0,2025-12-07,https://vk.com/wall-203078073_8479,-203078073,8479
пушка,"Член конституционного комитета Совета Федерации Алексей Пушков заявил, что новая стратегия национальной безопасности США официально фиксирует принципиальные разногласия между администрацией американского лидера Дональда Трампа и Евросоюзом по поводу конфликта на…",gun/cannon,something extremely cool/hype,LITERAL,HIGH,"In this sentence, ""Пушков"" refers to a person and not to the word ""пушка,"" which means ""gun"" or ""cannon,"" thus it is not used in either its literal or slang meaning.",0,2025-12-07,https://vk.com/wall-219287283_12428,-219287283,12428
пушка,"Член конституционного комитета Совета Федерации Алексей Пушков заявил, что новая стратегия национальной безопасности США официально фиксирует принципиальные разногласия между администрацией американского лидера Дональда Трампа и Евросоюзом по поводу конфликта на Украине.",gun/cannon,something extremely cool/hype,LITERAL,HIGH,"In the sentence, ""пушка"" is not present; instead, the focus is on Alexey Pushkov's statement regarding U.S. national security strategy, which does not involve the word ""пушка"" in any context.",0,2025-12-07,https://vk.com/wall-210761055_8649,-210761055,8649
пушка,"Представляем вашему вниманию обзор советская гаубица-пушка калибра 152 мм времён Второй мировой войны. 
#сммт_Арт_СССР_России_walk_around. 
Название: советская гаубица-пушка калибра 152 мм обр. 1937 г. МЛ-20 (105 фото). 
Автор: Константин Клочков. 
Место: Брестская крепость, Брест, Беларусь. 
Смотрите тут: ссылка ниже. 
https://walkarounds.scalemodels.ru/v/walkarounds/cannons/ML-20_001/",gun/cannon,something extremely cool/hype,LITERAL,HIGH,"In this sentence, ""пушка"" refers to a specific type of artillery (cannon) used during World War II, which is its literal meaning in the context of military equipment.",0,2025-12-07,https://vk.com/wall-63606354_11226,-63606354,11226
пушка,"Представляем вашему вниманию обзор советская гаубица-пушка калибра 152 мм времён Второй мировой войны. 
#сммт_Арт_СССР_России_walk_around. 
Название: советская гаубица-пушка калибра 152 мм обр. 1937 г. МЛ-20 (23 фото). 
Автор: Артем Столяров. 
Место: г. Брянск. 
Смотрите тут: ссылка ниже. 
https://www.dishmodels.ru/wshow.htm?p=2589",gun/cannon,something extremely cool/hype,LITERAL,HIGH,"In this sentence, ""пушка"" refers to a specific type of artillery (a gun/cannon) used during World War II, which is its literal meaning.",0,2025-12-07,https://vk.com/wall-63606354_11225,-63606354,11225
пушка,"Представляем вашему вниманию обзор советская гаубица-пушка калибра 152 мм времён Второй мировой войны. 
#сммт_Арт_СССР_России_walk_around. 
Название: советская гаубица-пушка калибра 152 мм обр. 1937 г. МЛ-20 на буксире трактора Сталинец (29 фото). 
Автор: Андрей Алексеев. 
Место: Парк Славы, ул.Черняховского, г.Житомир, Украина. 
Смотрите тут: ссылка ниже. 
https://www.dishmodels.ru/wshow.htm?p=2583",gun/cannon,something extremely cool/hype,LITERAL,HIGH,"In this sentence, ""пушка"" refers to a specific type of artillery (a gun/cannon) used during World War II, which is its literal meaning and not used as slang.",0,2025-12-07,https://vk.com/wall-63606354_11224,-63606354,11224
пушка,"Седьмого декабря 1941 года в ходе контрнаступления в Московской области освободили Яхрому – город в Дмитровском районе. 
Хроника Контрнаступления. 7 декабря был освобожден город Яхрома Дмитровского района. В боях за Яхрому настоящий героизм проявил лейтенант И. А. Харлов. Увидев вражескую пушку, а за ней – танки, Харлов несколькими выстрелами уничтожил танк. В бою за город лейтенант Харлов пал смертью героя. Его именем названа одна из улиц Яхромы.",gun/cannon,something extremely cool/hype,LITERAL,HIGH,"In this sentence, ""пушка"" refers to an enemy cannon in a military context, which is its literal meaning as a type of artillery.",1,2025-12-07,https://vk.com/wall322390029_8111,322390029,8111
пушка,"Представляем вашему вниманию обзор советская гаубица-пушка калибра 152 мм времён Второй мировой войны. 
#сммт_артиллерия_walk_around. 
Название: советская гаубица-пушка калибра 152 мм обр. 1937 г. МЛ-20 от СУ-152/ИСУ-152 (8 фото). 
Автор: Сергей Синицын. 
Место: Музей ОАО Мотовилихинские заводы, Пермь, Россия. 
Смотрите тут: ссылка ниже. 
https://walkarounds.scalemodels.ru/v/walkarounds/cannons/ml-20_isu-152/",gun/cannon,something extremely cool/hype,LITERAL,HIGH,"In this sentence, ""пушка"" refers to a specific type of artillery piece, which is its literal meaning as a gun or cannon, rather than being used as slang for something cool or hype.",0,2025-12-07,https://vk.com/wall-63606354_11222,-63606354,11222
пушка,"Представляем вашему вниманию обзор советская гаубица-пушка калибра 152 мм времён Второй мировой войны. 
#сммт_Арт_СССР_России_walk_around. 
Название: советская гаубица-пушка калибра 152 мм обр. 1937 г. МЛ-20 на буксире трактора Сталинец (28 фото). 
Автор: Сергей Синицын. 
Место: Музей ""Боевая слава Урала"", Верхняя Пышма, Свердловская обл. 
Смотрите тут: ссылка ниже. 
https://walkarounds.scalemodels.ru/v/walkarounds/cannons/ml-20_stalinets/",gun/cannon,something extremely cool/hype,LITERAL,HIGH,"In this sentence, ""пушка"" refers to a specific type of artillery (cannon) used during World War II, which is its literal meaning in the context of military equipment.",0,2025-12-07,https://vk.com/wall-63606354_11221,-63606354,11221
пушка,"Если вы фанатеете от выживания в Minecraft PE, но хотите добавить огневой мощи, то моды на оружие — это как свежий апдейт для вашего мира. Мы поговорим о популярном моде Actual Guns, который впихивает реалистичные пушки в Bedrock Edition.",gun/cannon,something extremely cool/hype,LITERAL,HIGH,"In this sentence, ""пушка"" refers to realistic guns being added to the game, which aligns with its literal meaning as firearms rather than a slang term for something cool.",0,2025-12-07,https://vk.com/wall-198491847_123,-198491847,123
пушка,"Аккумуляторная 33kw тепловая газовая пушка Worx, 20V для монтажа натяжных потолков.",gun/cannon,something extremely cool/hype,LITERAL,HIGH,"In this sentence, ""пушка"" refers to a gas heater (specifically a heat gun), which is its literal meaning as a device used for heating, rather than the slang meaning of something being cool or hype.",1,2025-12-07,https://vk.com/wall795271684_142,795271684,142
пушка,"ИТОГИ ГОДА: Самые популярные пушки

🥇 M1887
🥈 MAG-7
🥉 XM8",gun/cannon,something extremely cool/hype,LITERAL,HIGH,"In this context, ""пушки"" refers to specific types of firearms, which aligns with the literal meaning of the word as guns.",1,2025-12-07,https://vk.com/wall-186500528_234943,-186500528,234943
пушка,Мы запустили 2 снеговые пушки🔥🔥🔥,gun/cannon,something extremely cool/hype,LITERAL,HIGH,"In this sentence, ""пушка"" refers to a snow cannon, which is a literal device used for producing artificial snow, rather than being used as slang for something cool or hype.",4,2025-12-07,https://vk.com/wall-154621940_5383,-154621940,5383
пушка,"Плазменная пушка Торвот
Редкость:Эпическая
230 ОМ
Масса:2452 кг
Прочность:152 ед
Потребляет энергии:12 ед
Перк:Чем выше урон, тем горячее ствол. При максимальном бонусе-35%, урон, исходящий из оружия повышен на 40% от изначальной",gun/cannon,something extremely cool/hype,LITERAL,HIGH,"In this sentence, ""пушка"" refers to a plasma cannon in a literal sense, as it describes a weapon's specifications and characteristics.",0,2025-12-07,https://vk.com/wall-231160808_22,-231160808,22
пушка,"8 декабря — день памяти Андрея Чохова, великого русского пушечного и колокольного мастера, который более 60 лет работал в Москве на Пушечном дворе, где создал большое количество (по документам известно более 20) тяжёлых орудий, в том числе и Царь-пушку.",gun/cannon,something extremely cool/hype,LITERAL,HIGH,"In this sentence, ""пушка"" refers to a cannon, which is its literal meaning, as it discusses the historical context of a master craftsman who created heavy artillery.",0,2025-12-07,https://vk.com/wall710383434_26625,710383434,26625
пушка,"Царь-пушка в Донецке: Грозное безмолвие надежды

#Россия #СоТворИИ",gun/cannon,something extremely cool/hype,LITERAL,HIGH,"In this sentence, ""пушка"" refers to the literal cannon known as ""Царь-пушка,"" which is a historical artillery piece, not used as slang.",0,2025-12-07,https://vk.com/wall868748198_509,868748198,509
пушка,"Продам дизельную пушку не прямого нагрева Ресанта 
 Тдпн-20000.
Цена - 20.000 р",gun/cannon,something extremely cool/hype,LITERAL,HIGH,"In this sentence, ""пушка"" refers to a diesel cannon, which is a specific type of equipment, thus it is used in its literal sense.",0,2025-12-07,https://vk.com/wall-129212648_28579,-129212648,28579
пушка,"#ФранксАгас #Агас #FranXXAgas #Agas Космическая железная дева мех Франкс, была белого яркого цвета оттенка была, вооружена энергической пушкой плазменной в 3090 году воевала против армии Вирма ихнего большого флота как фиолетовых мехов Франксов Вирма...... Сама имела мощный каркас, и сплав была создана Яном Мейном в 3072 году, как другие мехи Франксы как 12 отряда и другие.....",gun/cannon,something extremely cool/hype,LITERAL,HIGH,"In this sentence, ""пушка"" refers to a literal energy cannon mounted on the mech, consistent with the context of a military vehicle, rather than being used as slang for something cool.",1,2025-12-07,https://vk.com/wall-197261505_15145,-197261505,15145
пушка,"Сегодня печатали календари для Вихляндии, были в Нижних Подгоричах из сериала ""Жуки"" и стреляли из световой пушки по...драконам. Иван Сергеевич монтировал новогодних милашек.",gun/cannon,something extremely cool/hype,LITERAL,HIGH,"In this sentence, ""пушка"" refers to a light cannon used for shooting at dragons, which is its literal meaning, rather than being used as slang for something cool or hype.",0,2025-12-07,https://vk.com/wall839905270_202,839905270,202
пушка,"1300р🔥
✅️Пушка Тепловая
Мощность 2000вт

Для комнаты, дома, гаража, балкона,сарая и т.д",gun/cannon,something extremely cool/hype,LITERAL,HIGH,"In this context, ""пушка"" refers to a ""тепловая пушка"" (heat gun), which is a literal device used for heating, rather than being used as slang for something cool or hype.",0,2025-12-07,https://vk.com/wall506175886_3075,506175886,3075
пушка,"[DEN19K] 😱ВЫШЛА ОБНОВА 4.0.0 В ЧИКЕН ГАН! 3 МЕГА-КАРТЫ, ПУШКИ, КОСТЮМЫ И… (1080p)

Привет, сегодня вышла ДОЛГОЖДАННАЯ обнова 4.0.0 в игре Chicken Gun! Видос получился очень смешным и интересным, поэтому досматривай до конца! И не забудь про лайк и подписку, приятного просмотра :D",gun/cannon,something extremely cool/hype,LITERAL,HIGH,"In this context, ""пушка"" refers to weapons or guns in the game Chicken Gun, which aligns with its literal meaning rather than a slang usage.",0,2025-12-07,https://vk.com/wall-198164537_18749,-198164537,18749
пушка,Расчёт 152-мм пушки «Гиацинт-Б» группировки войск «Центр» уничтожил укреплённый опорный пункт формирований ВСУ на Красноармейском направлении. Командир орудия рассказал о деталях работы расчета.,gun/cannon,something extremely cool/hype,LITERAL,HIGH,"In this sentence, ""пушка"" refers to the 152-mm cannon ""Гиацинт-Б,"" which is a specific type of artillery, thus it is used in its literal meaning.",12,2025-12-07,https://vk.com/wall-69628799_2296465,-69628799,2296465
пушка,"Тепловые пушки на 380в 5,9,15кВт
Фирма VEAB,Швеция.
5 и 15 новые,на 9 кВт б/у.
5кВт Цена 3500,9кВт цена 5000,15кВт цена 8500",gun/cannon,something extremely cool/hype,LITERAL,HIGH,"In this sentence, ""пушки"" refers to heating devices (thermal guns) used for heating, which is a literal meaning related to the equipment, not a slang usage.",0,2025-12-07,https://vk.com/wall-156837093_7614,-156837093,7614
пушка,"Расчет 152-мм пушки ""Гиацинт-Б"" группировки войск ""Центр"" уничтожил укрепленный опорный пункт формирований ВСУ на красноармейском направлении, сообщили в МО РФ.",gun/cannon,something extremely cool/hype,LITERAL,HIGH,"In this sentence, ""пушка"" refers to the 152-mm cannon ""Гиацинт-Б,"" which is a literal military weapon, not used in a slang context.",0,2025-12-07,https://vk.com/wall-220897553_1910,-220897553,1910
пушка,Технология однако. И еще одну интересную способность игроки нашли для турельки от Мушкета -Героя. Эта самая турелька можеть подтолкнуть своего Хога к башне вместо защитной неприятельской Пушки.,gun/cannon,something extremely cool/hype,LITERAL,HIGH,"In this sentence, ""пушка"" refers to a defensive enemy cannon, which is its literal meaning, rather than being used as slang for something cool or hype.",0,2025-12-07,https://vk.com/wall-123551428_72694,-123551428,72694
пушка,"Продам газовую пушку новая 25 000 тенге

87471551905",gun/cannon,something extremely cool/hype,LITERAL,HIGH,"In this sentence, ""пушка"" refers to a gas cannon, which is a literal object used for heating or drying, rather than being used as slang for something cool or hype.",0,2025-12-07,https://vk.com/wall-83389658_108229,-83389658,108229
пушка,"Brdski top 76mm M48A2, M48A4 i M48A5 (knjiga 1, opis, rukovanje i odrzavanje, 1970.)

Горная пушка 76мм М48А2, М48А4 и М48А5 (книга 1, техническое описание и руководство по эксплуатации), 1970.",gun/cannon,something extremely cool/hype,LITERAL,HIGH,"In this sentence, ""пушка"" refers to a specific type of artillery piece (76mm gun/cannon), which is its literal meaning in the context of military equipment.",0,2025-12-07,https://vk.com/wall-233685708_59,-233685708,59
пушка,"😁❄️В горнолыжном клубе «Чертовицы» приближают зиму как могут

Там уже даже расставили снежные пушки, правда погода не совсем позволяет ими нормально пользоваться.

Возможно, в этом году катаемся на лыжах по грязюке.

Видео: Горнолыжный клуб «Чертовицы»",gun/cannon,something extremely cool/hype,LITERAL,HIGH,"In this sentence, ""пушка"" refers to snow cannons used for artificial snow production in a ski resort, which is its literal meaning.",5,2025-12-07,https://vk.com/wall-143864171_364821,-143864171,364821
пушка,"Двухточка ДОЛГ в комплектации «Пулемёт» — ремень, который создавался сразу под большие пушки.  
Тяжёлые стволы, массивные системы, долгие смены — всё то, где обычные ремни начинают сдавать позиции.

Широкий погон распределяет вес, эластичная стропа даёт тот самый «эффект невесомости»,  
а конструкция держит оружие так, будто это её единственная задача в мире.

Для тех, кто работает с тяжёлым железом — сделано именно под вас.",gun/cannon,something extremely cool/hype,LITERAL,HIGH,"In this sentence, ""пушки"" refers to large artillery pieces in a military context, which is its literal meaning as a type of gun or cannon.",6,2025-12-07,https://vk.com/wall-75268368_50242,-75268368,50242
пушка,"🖇Списки команд на игру 14.12.2025🖇

📅 14 декабря - Воскресенье 
🏤 Крафт-бар ""Пушка"" (проспект Карла Маркса, 18/1а) 
⏰ 18:00 
👫 Количество игроков в команде от 2 до 12 человек
 
До расследования остаются считаные дни. 
Команды, готовые взяться за дело.

 Свободные места закончились. Регистрация доступна только в резерв.

До встречи, детективы.

#alibi_Omsk55 #alibi155_checkin #Алиби_Омск",gun/cannon,something extremely cool/hype,LITERAL,HIGH,"In this context, ""Крафт-бар 'Пушка'"" refers to the name of a bar, using ""пушка"" in its literal sense as part of the establishment's title, rather than as slang for something cool or hype.",12,2025-12-07,https://vk.com/wall-233154921_122,-233154921,122
пушка,"Наконец-то дошли руки добить еще пару отрядов гномов - на очереди пушка!

Новые пушки у гномов намного шире и больше, а старая стартерная - маленькая и без подставки. Поэтому заморочился и замутил ей кастом подставку с 3Д предметами (вот тут 3Д реально вещь) в виде бочек, свечей, а мешки вообще слепил сам. 

Получилось интересно, малый размер пушки на такой большой базе сразу стал лучше смотреться на фоне кучи предметов в виде баррикады)",gun/cannon,something extremely cool/hype,LITERAL,HIGH,"In this sentence, ""пушка"" refers to a literal cannon or gun used by gnomes, as indicated by the context discussing its size and the creation of a custom stand for it.",1,2025-12-07,https://vk.com/wall-214840221_341,-214840221,341
пушка,"Хармсики-
Разновидность
легких,
Абсурдных стишков.

К  Ото.
Королю абсурда и бескорыстному
любителю женщин.

Ответик..

Где,
Каждой королевы дом?
За стулом,
Сложенным углом.
А угол,
Блочная, стеснительная
Пушка.
Удар углом
И королева на подушке.
Подушка вас проводит
В гастроном.
Сегодня праздник!
Море толстеньких принцесс,
Пришли отдать свой,
Застарелый
ДиаТез.
Умойтесь, станет вам
Тепло и сладко.
Ведь
ДиаТез, сплошная
ГолоБабка.
К. С
7.11.25.",gun/cannon,something extremely cool/hype,LITERAL,HIGH,"In this context, ""пушка"" refers to a cannon in a literal sense, as it describes a physical object rather than being used as slang for something cool or impressive.",2,2025-12-07,https://vk.com/wall206443704_4319,206443704,4319
пушка,Зенитная пушка 90/53 обр. 1939,gun/cannon,something extremely cool/hype,LITERAL,HIGH,"In this sentence, ""пушка"" refers to a specific type of artillery, which is its literal meaning as a gun or cannon, rather than a slang term for something cool or impressive.",37,2025-12-07,https://vk.com/wall-59519874_948819,-59519874,948819
пушка,"07.12.25. в 17:36 в Краснодаре в проезде Алма-Атинском 37 раздаются хулиганские выстрелы из звуковой пушки по окнам жилых домов. Припаркован пидорский автомобиль В578ТТ123, К111СВ93, В477ОВ193",gun/cannon,something extremely cool/hype,LITERAL,HIGH,"In this sentence, ""пушка"" refers to a sound cannon being used to make noise, which is its literal meaning as a type of device, rather than a slang term for something cool.",0,2025-12-07,https://vk.com/wall1075491549_366,1075491549,366
пушка,"Сатом!!!
Меня впечатлил дизайн, прям очень прикольно!
HunterНате. Клешни, когти, пушки реальной стрельбы, прыжковые бустеры, Знамя.
#робо_челлендж",gun/cannon,something extremely cool/hype,LITERAL,HIGH,"In this context, ""пушки"" refers to actual weapons (cannons or guns) used in a game or design, rather than being used as slang for something cool or hype.",14,2025-12-07,https://vk.com/wall-62106913_847,-62106913,847
пушка,"Римская свеча
✅Царь пушка ✅Царская охота 
➡️8 зарядов. 2 дюйм 
Цена за штуку - 1900₽
⤵️🎥
https://youtu.be/l7zAfJP7FLE?si=gBv4piq0k3rD1AsF",gun/cannon,something extremely cool/hype,LITERAL,HIGH,"In this sentence, ""пушка"" refers to a specific type of firework (Roman candle) and is used in its literal sense as a cannon or gun, not as slang for something cool.",0,2025-11-30,https://vk.com/wall514661750_13287,514661750,13287
пушка,"💥 Расчёт 152-мм пушки «Гиацинт-Б» группировки Центр уничтожил укреплённый опорный пункт формирований ВСУ на Красноармейском направлении. 
 
💬 Командир орудия рассказал о деталях работы расчета.",gun/cannon,something extremely cool/hype,LITERAL,HIGH,"In this sentence, ""пушка"" refers to the 152-mm cannon ""Гиацинт-Б,"" which is a literal military weapon, not used in a slang context.",20,2025-12-07,https://vk.com/wall-35660695_2064006,-35660695,2064006
пушка,"Есть только МиГ
1944 год. После госпиталя или из-за проблем со зрением и речью нескольких офицеров «списывают» на ложный аэродром. Этот аэродром гитлеровцы принимают за настоящий, и летчик Иван Поливанов узнает об этом в самый неподходящий момент.
Место: Пушка, Россия, Клумба, ULTRA CINEMA https://www.afisha45.ru/movie/3348/",gun/cannon,something extremely cool/hype,LITERAL,HIGH,"In this sentence, ""пушка"" refers to a literal cannon or artillery piece, as it is used in the context of a location in Russia, not as slang for something cool.",1,2025-12-07,https://vk.com/wall-29654028_52647,-29654028,52647
пушка,Добрый день . Срочно ищу пушку газовую( в комплекте с баллоном ) или дизельную в аренду на пару дней . С залогом . И авто одеяло,gun/cannon,something extremely cool/hype,LITERAL,HIGH,"In this sentence, ""пушка"" refers to a gas gun or diesel gun, which is a specific type of equipment, thus it is used in its literal sense rather than as slang.",0,2025-12-07,https://vk.com/wall-61071509_1513575,-61071509,1513575
пушка,"Ребятки, всем привет!  При подготовке к покраске дизель пушка видимо начала кидать солярку в воздух ,  начал кидать базу и пошли кратера такие , пушку убрал ,как перекрасить что б убрать их , обезжиривптелем прям лил на кузов и вытирал , сольвентным и водно-спиртовым потом

---
Источник: https://vk.com/avtobazzza

#ГильдияАвтомаляров #кузовнойремонт #покраскаавто #малярка #автомаляр",gun/cannon,something extremely cool/hype,LITERAL,HIGH,"In this context, ""пушка"" refers to a diesel heater (often used in automotive painting), which is its literal meaning, rather than being used as slang for something cool or hype.",0,2025-12-07,https://vk.com/wall-188613820_10637,-188613820,10637
пушка,"💥 Расчёт 152-мм пушки «Гиацинт-Б» группировки войск «Центр» уничтожил укреплённый опорный пункт формирований ВСУ на Красноармейском направлении. 
 
💬 Командир орудия рассказал о деталях работы расчета.",gun/cannon,something extremely cool/hype,LITERAL,HIGH,"In this sentence, ""пушка"" refers to a 152-mm cannon, which is its literal meaning as a type of artillery used in military operations.",5,2025-12-07,https://vk.com/wall-94269450_1242305,-94269450,1242305
пушка,"Ребятки, всем привет!  При подготовке к покраске дизель пушка видимо начала кидать солярку в воздух ,  начал кидать базу и пошли кратера такие , пушку убрал ,как перекрасить что б убрать их , обезжиривптелем прям лил на кузов и вытирал , сольвентным и водно-спиртовым потом

---
Источник: https://vk.com/avtobazzza

#кузовнойремонт #покраскаавто #малярка #автомаляр",gun/cannon,something extremely cool/hype,LITERAL,HIGH,"In this context, ""пушка"" refers to a diesel heater (a type of equipment) used for painting, which is its literal meaning, rather than slang for something cool or hype.",4,2025-12-07,https://vk.com/wall-118335212_143362,-118335212,143362
пушка,ПРОДАМ ПУШКУ СОСТОЯНИЕ ПУЛЯ ХОЗЯИНА ДВА ДИЛЛЕРСКАЯ ОБА ВЛАДЕЛЬЦА ИЗ КУДЫМКАРА ЕЗДИЛА ТОЛЬКО В КУДЫМКАРЕ ЦЕНА ДЕШЕВЛЕ НОВОЙ ГРАНТЫ 1200.000 ОБЕН КРЕДИТ . 20 БАНКОВ НА РАССМОТРЕНИИ ЗВОНИТЕ 89048458458,gun/cannon,something extremely cool/hype,LITERAL,HIGH,"In this sentence, ""пушка"" refers to a gun, which is its literal meaning, as it is being sold and described in the context of a transaction.",1,2025-12-07,https://vk.com/wall241253189_125,241253189,125
пушка,"🔫 Как звучат пушки в обновлении? 
 
В BLACK RUSSIA скоро появится новая озвучка выстрелов для разных видов оружия! Мы собрали для тебя квиз из 6 раундов: попробуй угадать, какой звук к какой пушке относится. 
 
🔥 Пиши ответы ниже и проверим, кто тут настоящий эксперт!",gun/cannon,something extremely cool/hype,LITERAL,HIGH,"In this sentence, ""пушка"" refers to different types of firearms and is used in its literal sense as it discusses the sounds of gunfire in a game update.",0,2025-12-07,https://vk.com/wall-220367429_5908,-220367429,5908
пушка,"В горнолыжном клубе «Чертовицы» приближают зиму как могут 
 
Там уже даже расставили снежные пушки, правда погода не совсем позволяет ими нормально пользоваться. 
 
Возможно, в этом году катаемся на лыжах по грязюке. 
 
Видео: Горнолыжный клуб «Чертовицы»",gun/cannon,something extremely cool/hype,LITERAL,HIGH,"In this sentence, ""пушки"" refers to snow cannons used for artificial snow production, which is its literal meaning in the context of skiing.",15,2025-12-07,https://vk.com/wall-10889156_4544657,-10889156,4544657
пушка,Боевая работа расчёта 152-мм самоходной пушки 2С5 «Гиацинт-С» 73-й артиллерийской бригады 25-й общевойсковой армии группировки войск «Запад» ВС РФ  на Краснолиманском направлении,gun/cannon,something extremely cool/hype,LITERAL,HIGH,"In this sentence, ""пушка"" refers to the 152-mm self-propelled gun, which is a military artillery piece, thus it is used in its literal sense.",42,2025-12-07,https://vk.com/wall-79798470_2699660,-79798470,2699660
пушка,"❗🇷🇺⚔⚡Расчёт 152-мм пушки «Гиацинт-Б» группировки войск «Центр» уничтожил укреплённый опорный пункт формирований ВСУ на Красноармейском направлении. 
 
💬 Командир орудия рассказал о деталях работы расчета.",gun/cannon,something extremely cool/hype,LITERAL,HIGH,"In this sentence, ""пушка"" refers to a 152-mm cannon used in military operations, which is its literal meaning as a type of artillery.",6,2025-12-07,https://vk.com/wall-217279326_164084,-217279326,164084
пушка,"💥 Расчет 152-мм пушки «Гиацинт-Б» группировки войск «Центр» успешно уничтожил укрепленный опорный пункт украинских вооруженных формирований на Красноармейском направлении.

💬 Командир орудия поделился подробностями работы своего расчета.
Узнайте больше о службе по контракту и станьте частью команды героев. Подробности на сайте: контракт-служба.рф или по телефону: 8 800 777-70-41",gun/cannon,something extremely cool/hype,LITERAL,HIGH,"In this sentence, ""пушка"" refers to a 152-mm cannon, which is its literal meaning as a type of artillery used in military operations.",0,2025-12-07,https://vk.com/wall-228438545_13214,-228438545,13214
пушка,"💥 Расчет 152-мм пушки «Гиацинт-Б» группировки войск «Центр» успешно уничтожил укрепленный опорный пункт украинских вооруженных формирований на Красноармейском направлении.

💬 Командир орудия поделился подробностями работы своего расчета.",gun/cannon,something extremely cool/hype,LITERAL,HIGH,"In this sentence, ""пушка"" refers to a specific type of artillery (152-mm cannon) used in military operations, which is its literal meaning.",0,2025-12-07,https://vk.com/wall-227856126_16720,-227856126,16720
пушка,"💥 Расчёт 152-мм пушки «Гиацинт-Б» группировки войск «Центр» уничтожил укреплённый опорный пункт формирований ВСУ на Красноармейском направлении.

💬 Командир орудия рассказал о деталях работы расчета.

🔹 Подписаться на канал
🔹 Мы в МАХ",gun/cannon,something extremely cool/hype,LITERAL,HIGH,"In this sentence, ""пушка"" refers to the 152-mm cannon ""Гиацинт-Б,"" which is a literal military weapon, not a slang term for something cool.",0,2025-12-07,https://vk.com/wall-225422620_24540,-225422620,24540
пушка,"Приглашаю вас на НОВОГОДНЮЮ АКЦИЮ от мастера-бровиста с 4-х летним опытом работы Марии♥️
Услуги:
Коррекция бровей 699
Окрашивание бровей 999
Окрашивание + коррекция 999
Ламинирование бровей 
Ламинирование бровей + коррекция + окрашивание 1299
Удаление пушка 299
Осветление бровей 299
Прореживание 299

АДРЕС Ⓜ️ ЧКАЛОВСКАЯ 5 МИНУТ

VK INST [id669226821|@brows_booms]

✅Ссылка на мастера 👉 [id669226821|Мария Третьякова]",gun/cannon,something extremely cool/hype,LITERAL,HIGH,"In this context, ""пушка"" refers to the removal of excess hair (often referred to as ""пух"" or fluff), which is a specific beauty treatment and not used in a slang sense.",0,2025-12-07,https://vk.com/wall-127541407_95977,-127541407,95977
пушка,"Всем добрый день! Зиму обещают холодную . Я приобрел в подарок Совету 3 обогревателя ( пушки ) в детскую комнату , швеям . Не знаю как будут обогревать но хуже думаю не будет .

P. S. Спасибо Алексею Черепанову за подарки и тепло 🤝💥🎉",gun/cannon,something extremely cool/hype,LITERAL,HIGH,"In this sentence, ""пушки"" refers to electric heaters (often colloquially called ""пушки"" due to their shape and function), which is a literal usage related to heating devices, not a slang term for something cool.",14,2025-12-07,https://vk.com/wall-228339521_685,-228339521,685
пушка,"2-ого декабря во время движения колонны ЮПС (прокси ОАЭ) в районе Вади Хадрамаут навстречу южанам выкатился Т-55 лоялистов и открыл по колонне огонь из пушки.
Водитель одного из броневиков Spartan не растерялся и направил машину прямо под танк, позволив пехоте спешиться и подбить танк противника из гранатометов. 
Сам водитель, к сожалению, погиб.",gun/cannon,something extremely cool/hype,LITERAL,HIGH,"In this sentence, ""пушка"" refers to a cannon used by the tank, which is its literal meaning, as it describes the weaponry involved in the military context.",36,2025-12-07,https://vk.com/wall-118971321_74610,-118971321,74610
пушка,"Пушка тепловая Ballu BHP-ME-2

https://sanvolt39.ru/vodosnabjenie-otoplenie-502/teplovye-pribory-ballu-902/pushka-teplovaya-ballu-bhp-me-2-18079",gun/cannon,something extremely cool/hype,LITERAL,HIGH,"In this sentence, ""пушка"" refers to a heating device (тепловая пушка) and is used in its literal sense as a type of equipment, not as slang for something cool or hype.",2,2025-12-07,https://vk.com/wall-189471279_7457,-189471279,7457
пушка,"В Чусовом с 11 по 14 декабря пройдет 3-й этап Кубка России по лыжным гонкам. 

Из-за отсутствия достаточного снежного покрова организаторы подготовили трассы с использованием искусственного снега: снежные пушки обеспечили необходимый объём покрытия, после чего снег был уплотнён ратраками.",gun/cannon,something extremely cool/hype,LITERAL,HIGH,"In this sentence, ""пушка"" refers to a snow cannon used for producing artificial snow, which is its literal meaning in the context of snowmaking equipment.",2,2025-12-07,https://vk.com/wall-41680212_100664,-41680212,100664
пушка,"💥 Расчёт 152-мм пушки «Гиацинт-Б» группировки войск «Центр» уничтожил укреплённый опорный пункт формирований ВСУ на Красноармейском направлении.

💬 Командир орудия рассказал о деталях работы расчета.

🔹 Подписаться на канал
🔹 Мы в МАХ

Источник Telegram: mod_russia",gun/cannon,something extremely cool/hype,LITERAL,HIGH,"In this sentence, ""пушка"" refers to a 152-mm cannon, which is its literal meaning in the context of military equipment, rather than a slang term for something cool.",0,2025-12-07,https://vk.com/wall-229431441_16563,-229431441,16563
пушка,"Военная техника СССР
Цена: 500 ₽
Военная техника ракетницы проданы остолные по 500 р танк 3000, пушки по 1500
https://youla.ru/cherepanovo/detskie/kukly-igrushki/voiennaia-tiekhnika-67d052a6905bb90e67026714",gun/cannon,something extremely cool/hype,LITERAL,HIGH,"In this sentence, ""пушки"" refers to actual artillery pieces, which aligns with its literal meaning as a gun or cannon, rather than a slang term for something cool.",0,2025-12-07,https://vk.com/wall-113932245_5717,-113932245,5717
пушка,"Немецкий техник Люфтваффе использует коллиматор, чтобы отколибровать пушку, стреляющую через винт Messerschmitt Bf 109 (1941).",gun/cannon,something extremely cool/hype,LITERAL,HIGH,"In this sentence, ""пушка"" refers to an actual cannon being calibrated, which aligns with its literal meaning rather than any slang usage.",5,2025-12-07,https://vk.com/wall-224402667_8228,-224402667,8228
пушка,"🎅В горнолыжном клубе «Чертовицы» изо всех сил приближают зиму

Там расставили снежные пушки, осталось дождаться морозов. 

Ну а пока на лыжах разве что по грязи",gun/cannon,something extremely cool/hype,LITERAL,HIGH,"In this sentence, ""пушки"" refers to snow cannons used for creating artificial snow, which is a literal meaning related to winter sports.",13,2025-12-07,https://vk.com/wall-49343992_577286,-49343992,577286
пушка,"Продам дизельную пушку, новая 5.5 КВТ. Цена 5 р.",gun/cannon,something extremely cool/hype,LITERAL,HIGH,"In this sentence, ""пушка"" refers to a diesel-powered cannon or gun, which is a literal interpretation related to the item being sold, rather than a slang term for something cool.",0,2025-12-07,https://vk.com/wall-48315846_49624,-48315846,49624
пушка,"Магазин от 07.11.25 - Предательские Легио
К покупке рекомендуются: ""Нунцио Долорес"", Пушка ""Сотрясатель""
 
Магазин для ветеранов - Тёмные Ангелы
К покупке рекомендуются: Валоэль, воин клинка; Сошествие Ангелов
По желанию: Сенобит Астилаэус, Ветеран Корахаэль

Файл с порядком размещения легендарных фракционных карт в магазине, будет дополняться и уточняться: https://docs.google.com/document/d/1aPvvcLdIj2uX0GPVzHhA7J-4PVs8Q_kgpaAkarU9PFk/edit?usp=drivesdk",gun/cannon,something extremely cool/hype,LITERAL,HIGH,"In this context, ""Пушка 'Сотрясатель'"" refers to a specific weapon in a game or fictional setting, using the literal meaning of ""пушка"" as a gun or cannon.",4,2025-12-07,https://vk.com/wall-160179143_127091,-160179143,127091
пушка,"💥 Расчёт 152-мм пушки «Гиацинт-Б» группировки войск «Центр» уничтожил укреплённый опорный пункт формирований ВСУ на Красноармейском направлении.

💬 Командир орудия рассказал о деталях работы расчета.

🔹 Подписаться на канал
🔹 Мы в МАХ

[club102664557|@donbass] - ""Донбасс - сердце России"". #Донбасс",gun/cannon,something extremely cool/hype,LITERAL,HIGH,"In this sentence, ""пушка"" refers to the 152-mm cannon ""Гиацинт-Б,"" which is a specific type of artillery, thus it is used in its literal sense.",0,2025-12-07,https://vk.com/wall-102664557_399214,-102664557,399214
пушка,"Ребятки, всем привет!  При подготовке к покраске дизель пушка видимо начала кидать солярку в воздух ,  начал кидать базу и пошли кратера такие , пушку убрал ,как перекрасить что б убрать их , обезжиривптелем прям лил на кузов и вытирал , сольвентным и водно-спиртовым потом",gun/cannon,something extremely cool/hype,LITERAL,HIGH,"In this sentence, ""пушка"" refers to a diesel heater (often called a ""дизельная пушка""), which is a literal piece of equipment used for heating, rather than being used as slang for something cool or awesome.",13,2025-12-07,https://vk.com/wall-33248996_372306,-33248996,372306
пушка,"Британский расчёт скорострельной пушки Ordnance QF 13-pounder из 19th Brigade, Armentieres Sector, Франция, 7 декабря 1914 года",gun/cannon,something extremely cool/hype,LITERAL,HIGH,"In this sentence, ""пушка"" refers to the literal artillery piece, specifically the Ordnance QF 13-pounder, and is not used in a slang context.",35,2025-12-07,https://vk.com/wall-49466084_60489,-49466084,60489
пушка,"Прогулялись на горку Мраткино, посмотрели трассу к Снеговику! Снега почти нет, только не вершине чуть припорошило и пушки готовят трассы для горнолыжников! Погода класс!",gun/cannon,something extremely cool/hype,LITERAL,HIGH,"In this context, ""пушки"" refers to snow cannons used for creating artificial snow on ski slopes, which is its literal meaning related to skiing equipment.",4,2025-12-07,https://vk.com/wall197766284_3272,197766284,3272
космос,"НОВЫЙ РЕЛИЗ! The North & Borique - My Digits
Повсюду сплошные цифры, даже в космосе",space (outer space),unreal/amazing,LITERAL,HIGH,"In this sentence, ""космос"" refers to outer space, which aligns with its literal meaning rather than a slang usage.",1,2025-12-08,https://vk.com/wall-87571264_24347,-87571264,24347
космос,"каково мнение по Дотторе? 
лично меня порадовало его внезапное «awaken the heavenly principles», потому как у меня давно сложилось ложное представление, похоже, о Фатуи как о суровых ребятах, которых не любят почти везде, а эвоно как. но этот бро держит планку самого нестабильного и одновременно супер прогрессивного парня. вопрос второй: когда Рери, ловите его в космосе, пожалуйста.",space (outer space),unreal/amazing,LITERAL,HIGH,"In this sentence, ""космос"" refers to outer space, as it is used in the context of catching someone in space, which aligns with its literal meaning.",1,2025-12-08,https://vk.com/wall-178874989_12305,-178874989,12305
космос,[КОШКА ЛАНА] МИР ДЕНДИ В КОСМОСЕ! Roblox Anchored (1080p),space (outer space),unreal/amazing,LITERAL,HIGH,"In this sentence, ""космос"" refers to outer space, which is its literal meaning, rather than being used as slang for something amazing.",0,2025-12-08,https://vk.com/wall-214204931_83445,-214204931,83445
космос,"16-го июня учащиеся студии ""ОРИГАМИ"" и студии ""ФАНТАЗИЯ"" ГБУ ДО ЗО ЦДЮТ им.Рудневой Е.М. посетили уникальную выставку в художественном музее им. И.И. Бродского , организованную Министерством культуры РФ. Дети узнали много интересного и поучительного о Валентине Терешковой - первой женщине, которая полетела в космос!)) Огромные фото из прошлого никого не оставили равнодушными...Маленькие будущие космонавты всю дорогу обменивались впечатлениями))🌍🚀",space (outer space),unreal/amazing,LITERAL,HIGH,"In this sentence, ""космос"" refers to outer space in the context of Valentina Tereshkova's historic flight, which is its literal meaning.",0,2025-12-08,https://vk.com/wall-234479384_7,-234479384,7
космос,"Дороги Садгорода посыпаны, обработаны 
Спуск на Космос чистый
Снега очень мало, коллапсов быть не должно

❗️ На Фанзаводе, на Успенского, сообщают соседи не обработано совсем. Снег лежит на дороге и очень скользко 

Температура -4 ветра нет

Хорошего дня, соседи 💙",space (outer space),unreal/amazing,LITERAL,HIGH,"In this sentence, ""Космос"" refers to a specific location (Спуск на Космос) and is used in its literal sense, not as slang for something amazing.",0,2025-12-08,https://vk.com/wall-231485604_31,-231485604,31
космос,"Астрономы обнаружили крупнейший вращающийся объект во Вселенной, состоящий из 14 галактик / Наука и космос / iXBT Live",space (outer space),unreal/amazing,LITERAL,HIGH,"In this sentence, ""космос"" refers to outer space in a scientific context, which aligns with its literal meaning rather than any slang usage.",0,2025-12-08,https://vk.com/wall5662512_4730,5662512,4730
космос,"В космос полетите,, готово,, и ищо 
Ана зелёная ,,Вы Летите,, НА МАРС УмУ Говори🎃🎃🎃🎃🎃🎃🎃🎃🎃🎃Кизара Кизара поебатьть скожу два раза,, Поебать скожу Три раза,, поебать скожу четыри раза,, Хуйня Какая🎃🎃🎃🎃🎃🎃🎃🎃🎃🎃",space (outer space),unreal/amazing,LITERAL,HIGH,"In this sentence, ""космос"" refers to outer space, which is its literal meaning, as it is used in the context of flying to Mars.",0,2025-12-07,https://vk.com/wall808641140_1346,808641140,1346
космос,"Цена штучно: 900руб
Цена оптом: 850руб (упак. 5шт=4250руб)
Умные часы, пластик
Для мужчин и для женщин
Светодиодные настольные/настенные электронные часы-будильник Космос X6659",space (outer space),unreal/amazing,LITERAL,HIGH,"In this sentence, ""Космос"" refers to the brand name of the electronic clock, not to outer space or as a slang term for something amazing.",0,2025-12-07,https://vk.com/wall-212775552_56862,-212775552,56862
космос,Тайна щупальцеголовых из космоса,space (outer space),unreal/amazing,LITERAL,HIGH,"In this sentence, ""космос"" refers to outer space, which is its literal meaning, as it describes the origin of the ""щупальцеголовых"" (tentacle-headed beings).",0,2025-12-07,https://vk.com/wall-226231351_35724,-226231351,35724
космос,"Генеральный директор OpenAI Сэм Альтман проявил интерес к размещению дата-центров в космосе и в этом контексте вёл переговоры со стартапом Stoke Space, сообщает The Wall Street Journal. По данным издания, Альтман рассматривал возможность инвестиций с целью партнёрства или получения контрольного пакета акций компании. Обсуждения начались летом и активизировались осенью, но сейчас, по всей видимости, они приостановлены.",space (outer space),unreal/amazing,LITERAL,HIGH,"In this sentence, ""космос"" refers to outer space, which is its literal meaning, as it discusses the placement of data centers in that context.",0,2025-12-07,https://vk.com/wall-199852470_80180,-199852470,80180
космос,"Каждый новый старт — это десятки проверок,
которые не терпят спешки.
Можно сколько угодно мечтать о следующих миссиях,
но один сбой в системе —
и полёт откладывается.
Космос любит энтузиастов,
но уважает только тех, кто не торопится.",space (outer space),unreal/amazing,LITERAL,HIGH,"In this sentence, ""космос"" refers to outer space in a literal sense, as it discusses the context of space missions and the nature of space exploration.",1,2025-12-07,https://vk.com/wall-73804972_342029,-73804972,342029
космос,"Боровск, самобытный городок. 
Немного смешной памятник Циолковского в валенках. Смотрит в небо, пытаясь разгадать тайны космоса.

В Боровске он жил, преподавал и занимался наукой. 
Здесь находится его квартира- музей",space (outer space),unreal/amazing,LITERAL,HIGH,"In this sentence, ""космос"" refers to outer space, which is its literal meaning, as it describes the subject's attempt to understand the mysteries of the universe.",0,2025-12-07,https://vk.com/wall478526058_75,478526058,75
космос,"В безвременьи космоса,
Средь галактик, планет,
Ты паришь в невесомости,
Смотришь звёздам в ответ.

И рисуют туманности
На холсте пустоты
Вспышками – реальности
Тех миров, что ушли.

Безвозвратно потеряны.
То, что зримо, лишь след
Последних мгновений
Долгоживущих планет.

И среди тел небесных,
Твое падает вверх,
В голосах бесконечных
Растворяясь в ответ.

#бисер
5.2 Только вообрази себе, какого это - падать вверх",space (outer space),unreal/amazing,LITERAL,HIGH,"In this context, ""космос"" refers to outer space, which aligns with its literal meaning rather than a slang usage.",5,2025-12-07,https://vk.com/wall-192405321_182,-192405321,182
космос,Франция 10 евро 2025 Луна Марс Сатурн Юпитер Одиссея в космосе Томас Песке БУКЛЕТЫ 4 шт СЕРЕБРО,space (outer space),unreal/amazing,LITERAL,HIGH,"In this sentence, ""космос"" refers to outer space, which is its literal meaning, as it is used in the context of celestial bodies and exploration.",0,2025-12-07,https://vk.com/wall-197697920_68732,-197697920,68732
космос,Новый удар из космоса: какой силы будет магнитная буря 7 декабря  Regions.ru,space (outer space),unreal/amazing,LITERAL,HIGH,"In this sentence, ""космос"" refers to outer space, which is its literal meaning, as it discusses a cosmic event affecting Earth.",0,2025-12-07,https://vk.com/wall-233157803_554,-233157803,554
космос,"Только что из павильона «Космонавтика и авиация» 🚀️. Делюсь тем, что удивило:

- Обратная сторона Луны — там реально есть Море Москвы! 🌕  
- Скафандр — мини‑космический корабль на человеке. 🧑‍🚀  
- Космическая еда уже не в тюбиках, а в вакуумных пакетах — и её можно приготовить без огня. 🍽️  
- Макеты МКС и ракет — точные до мельчайших болтов. 🛰️  

Космос — это не фантастика….. 💫",space (outer space),unreal/amazing,LITERAL,HIGH,"In this sentence, ""космос"" refers to outer space, which is its literal meaning, as it discusses aspects of space exploration and related phenomena.",0,2025-12-07,https://vk.com/wall3324357_1975,3324357,1975
космос,"....храбрость, пожалуй, в любви нужна
Не меньше, чем в космосе иль в бою!...",space (outer space),unreal/amazing,LITERAL,HIGH,"In this sentence, ""космос"" refers to outer space, which is its literal meaning, as it is being compared to bravery in love and battle.",0,2025-12-07,https://vk.com/wall73681379_25116,73681379,25116
космос,"Мой рисунок в 17 лет, навеянный статьей В. Зайцева ""Боги приходят из космоса""",space (outer space),unreal/amazing,LITERAL,HIGH,"In this sentence, ""космос"" refers to outer space in a literal sense, as it is discussing the inspiration for a drawing related to the theme of space.",3,2025-12-07,https://vk.com/wall54264717_9594,54264717,9594
космос,"Разве могла я подумать десять лет назад, что ее детское увлечение космосом и штудирование энциклопедий перерастет в ежедневный труд в освоении астрономии и победы на олимпиадах.",space (outer space),unreal/amazing,LITERAL,HIGH,"In this sentence, ""космос"" refers to the literal concept of outer space, as it describes a childhood fascination with the subject rather than using it as slang for something amazing.",0,2025-12-07,https://vk.com/wall13500635_12904,13500635,12904
космос,"Мысли вслух космические продолжение

И продолжение связано со второй мыслью что в этом корабле нет инструкции, не выдали. И что тогда, как ориентироваться в своем внутреннем космосе.",space (outer space),unreal/amazing,LITERAL,HIGH,"In this sentence, ""космос"" refers to the concept of one's internal space or universe, which aligns with its literal meaning of ""space"" rather than a slang usage.",1,2025-12-07,https://vk.com/wall11354987_19281,11354987,19281
космос,"Что общего у чёрных дыр и студентов ГГНТУ?

❗️И те, и другие затягивают… только в знания. 

В новом выпуске подкаста «1920» ведущий Мурад Гудаев и гость Висхан Акаев говорят о космосе, загадках Вселенной и о том, почему наука — это действительно интересно.

Полный выпуск ждёт тебя по ссылке↖️ https://rutube.ru/video/3b98a15ce742a98345cf4d5f7340f0dc/?r=plwm
 
#ГГНТУ #Подкаст1920",space (outer space),unreal/amazing,LITERAL,HIGH,"In this sentence, ""космос"" refers to outer space, which is its literal meaning, as the context discusses space and the mysteries of the universe.",0,2025-12-07,https://vk.com/wall-126975359_5313,-126975359,5313
космос,"6.12.2025г. Состоялся турнир «Зимняя карусель», наши юные спортсмены принимали участие и многие из них получили отличные результаты. Поздравляем Паршину Варю с золотом занявшую первое  🥇 место в кубке по танцу Самба 🥳. Гордимся и желаем достижение новых вершин ♥️. 
[club173707959|Танцевальная студия  «Пантера» на московском] [club130047408|Танцевально-спортивный клуб «Пантера». Рязань] [club177771573|ТСК «Пантера» в СКЦ «Космос»]",space (outer space),unreal/amazing,LITERAL,HIGH,"In this sentence, ""Космос"" refers to the name of a specific venue (СКЦ «Космос»), which is its literal meaning as a place, rather than using it as slang for something amazing.",7,2025-12-07,https://vk.com/wall-173707959_1347,-173707959,1347
космос,"6.12.2025г. Состоялся турнир «Зимняя карусель», наши юные спортсмены принимали участие и многие из них получили отличные результаты. Поздравляем Чупракову Варю с бронзой, занявшую третье место 🥉 в абсолютном кубке 🥳. Гордимся и желаем достижение новых вершин ♥️. 
[club173707959|Танцевальная студия  «Пантера» на московском] [club130047408|Танцевально-спортивный клуб «Пантера». Рязань] [club177771573|ТСК «Пантера» в СКЦ «Космос»]",space (outer space),unreal/amazing,LITERAL,HIGH,"In this sentence, ""космос"" refers to the name of a specific location (СКЦ «Космос»), which is its literal meaning as a proper noun, rather than the slang meaning of something being unreal or amazing.",5,2025-12-07,https://vk.com/wall-173707959_1352,-173707959,1352
космос,Миссия на краю: Невероятный дуэт в космосе,space (outer space),unreal/amazing,LITERAL,HIGH,"In this sentence, ""космос"" refers to outer space, which is its literal meaning, as it describes the setting of the mission.",0,2025-12-07,https://vk.com/wall-226280028_45543,-226280028,45543
космос,Венгрия 3000 форинтов 2025 Космонавты космической программы HUNOR (Hungarian to Orbit) Космос Олень,space (outer space),unreal/amazing,LITERAL,HIGH,"In this sentence, ""космос"" refers to outer space, which is its literal meaning, as it is used in the context of a space program.",0,2025-12-07,https://vk.com/wall-197697920_68725,-197697920,68725
космос,"#Культурошная_НабережныеЧелны

* Знамя которое побывало в Космосе в 1974 году, а в 1975 году было передано за заслуги

* Факел, которые побывал на 14 глобальных стройках 

Сейчас эти артифакты хранятся в музее Набережных Челнов

#набережныечелны
#историянабережныхчелнов",space (outer space),unreal/amazing,LITERAL,HIGH,"In this sentence, ""космос"" refers to outer space, specifically the context of the flag having been in space in 1974, which is its literal meaning.",1,2025-12-07,https://vk.com/wall415432494_936,415432494,936
космос,"Вселенная не только необычнее, чем мы себе представляем, она необычнее, чем мы можем себе представить.",space (outer space),unreal/amazing,LITERAL,HIGH,"The word ""космос"" in the sentence refers to outer space, which is its literal meaning, rather than being used as slang for something unreal or amazing.",0,2025-12-07,https://vk.com/wall281007005_23101,281007005,23101
космос,"[club168131493|Lilova] - Ya ([club35114234|Electrosoul System] Remix) 
[club28812240|Русский Космос] 
05.12.2025 
#dubwise@dnb_unity",space (outer space),unreal/amazing,LITERAL,HIGH,"In this context, ""космос"" refers to ""Русский Космос,"" which is likely the name of a music project or group, thus using the word in its literal sense related to outer space rather than as slang for something amazing.",0,2025-12-07,https://vk.com/wall-225338903_9206,-225338903,9206
космос,"на щеках нарисуем звезды, 
превратимся в 
гигантский космос - 
кто нас сможет 
разъединить?

приходи.
расскажи о лете, о 
волшебном 
полночном свете

и о том, как тебя
любить",space (outer space),unreal/amazing,LITERAL,HIGH,"In this context, ""космос"" refers to the vastness of outer space, aligning with its literal meaning rather than a slang interpretation.",0,2025-12-07,https://vk.com/wall-22122706_71088,-22122706,71088
космос,"Чувствуется что у этого домика угол ската отличается от тех к которым мы привыкли. 

Привычные, думаю это 60-64 градуса. Все таки более острые углы встречаются чаще. 
Для примера и понимания - 60 это мой проект космос например. 63 это уже мой проект Рица 

А домик на фото , мне кажется 58. 

Что думаете ?",space (outer space),unreal/amazing,LITERAL,HIGH,"In this sentence, ""космос"" refers to a specific project related to space, which is its literal meaning, rather than being used as slang for something amazing.",2,2025-12-07,https://vk.com/wall-98299270_53128,-98299270,53128
космос,"💥У нас в гостях снова был выездной планетарий с представлением ""Приключения Хрумки в зимнем лесу""

‼️Планетарий это увлекательное шоу, которое познакомило наших воспитанников с созвездиями зимнего ночного неба. 
 
👍Дети посмотрели интересное и познавательное путешествие в космический мир.Программа передаёт сказочную атмосферу, пробуждает интерес к удивительному миру космоса! У ребят остались только положительные эмоции и отличное настроение)))",space (outer space),unreal/amazing,LITERAL,HIGH,"In this sentence, ""космос"" refers to the literal concept of outer space, as it describes a journey into the cosmic world, rather than using it as slang for something amazing.",2,2025-12-07,https://vk.com/wall-203949825_1715,-203949825,1715
космос,"Space Inc | Факты о космосе
2 дек в 16:23
🌗 Радиус Шварцшильда

Радиус, до которого необходимо сжать тело, чтобы свет от него не мог выйти в космос.

Для Солнца он составляет около 3 км, а для Земли — всего 0,884 см (шар на фотографии). Если сжать Солнце и Землю до этих или меньших радиусов, свет от них не выйдет.

Радиус Шварцшильда можно рассчитать для любого тела. Чем меньше масса тела, тем меньше радиус Шварцшильда",space (outer space),unreal/amazing,LITERAL,HIGH,"In this sentence, ""космос"" refers to outer space in a scientific context, specifically discussing the properties of celestial bodies, which aligns with its literal meaning.",0,2025-12-07,https://vk.com/wall620807660_42177,620807660,42177
космос,"Место, где одним глазком можно заглянуть в космос🔭⭐️🌗",space (outer space),unreal/amazing,LITERAL,HIGH,"In this sentence, ""космос"" refers to outer space, which is its literal meaning, as it describes a place one can glimpse into.",1,2025-12-07,https://vk.com/wall160155315_1195,160155315,1195
космос,"Кадр дня: КОСМОС
Вчера вечером была в Хиславичах и домой возвращалась уже в полной темноте. И так неожиданно среди совершенно серых дней тучи вдруг начали уползать куда-то, и на звёздное небо выкатилась огромная луна... В полях, в безлюдных местах небо становится ближе к земле и открывается космос. Это прекрасно, духозахватывающе и непостижимо до такой степени, что остановилась на обочине и смотрела в бесконечность... ❤
Фото не мои, но #МойКадрДня и ролик - мои 😄",space (outer space),unreal/amazing,LITERAL,HIGH,"In this context, ""космос"" refers to the literal outer space as the speaker describes the vastness and beauty of the night sky, rather than using it as slang for something amazing.",2,2025-12-07,https://vk.com/wall94733527_4069,94733527,4069
космос,"Влад Фридом: Глобальная трансформация: что происходит в мире, в космосе и с нами прямо сейчас",space (outer space),unreal/amazing,LITERAL,HIGH,"In this sentence, ""космос"" refers to outer space, which is its literal meaning, as it discusses global transformation and events occurring in the universe.",0,2025-12-07,https://vk.com/wall53883869_31632,53883869,31632
космос,"Ходили на концерт в ВКЗ к 100-летию одного из величайших джазменов и музыкантов Майлза Дэвиса с симфоническим оркестром и одним из лучших трубачей России Вадимом Эйленкригом! ✨ Прекраснейший концерт, играли его культовый альбом Kind of Blue, который отправили даже в капсулу в космос, как одно из достижений человечества. Хотелось бы еще и еще! Чистое наслаждение и красота звучания! Купила билеты еще месяц назад, увидев афишу на улице – никак не могла пропустить, сделала себе подарок к др 💫",space (outer space),unreal/amazing,LITERAL,HIGH,"In this sentence, ""космос"" refers to outer space, specifically mentioning the capsule sent into space, which is its literal meaning.",1,2025-12-07,https://vk.com/wall159555907_3900,159555907,3900
космос,"МИСП. Выставка ""Человек. Жизнь. Космос""",space (outer space),unreal/amazing,LITERAL,HIGH,"In this context, ""космос"" refers to outer space as part of the exhibition title, indicating a literal meaning rather than a slang usage.",0,2025-12-07,https://vk.com/wall3794387_3952,3794387,3952
космос,"Моя постоянная клиентка, с которой мы проходим сейчас курс пилинга Peach Peel 🍑

Сегодня как раз сделали его и ультразвуковую чистку. По итогу получаем нереальное сияние, которое даже из космоса видно✨",space (outer space),unreal/amazing,LITERAL,HIGH,"In this sentence, ""космос"" refers to outer space, indicating that the glow is so remarkable it can be seen from space, which is a literal usage rather than slang.",0,2025-12-07,https://vk.com/wall-233368665_10,-233368665,10
космос,"Возвращение с орбиты. 1983 г. Советский фильм про спасение из аварии в космосе. Сравним с американскими Отрезанными от мира. ТАкой же переполненный документальными кадрами и такой же скучный и несуразный. вот только Отрезанные от мира 1969 года, а этот 83. ТАк что смотреть не стоит. Даже большим фанатам космонавтики, а им наверное и тем более.",space (outer space),unreal/amazing,LITERAL,HIGH,"In this sentence, ""космос"" refers to outer space in the context of a Soviet film about a space accident, which is its literal meaning.",0,2025-12-07,https://vk.com/wall139609614_3428,139609614,3428
космос,"Теперь смело могу говорить, что мои иллюстрации были не только в разных странах мира, таких как Россия, Беларусь, Казахстан, Германия, Испания, Нидерланды, Малайзия, Япония и Китай, а теперь ещё и в космосе 
Запишу это в копилочку достижений и пойду дальше работать))",space (outer space),unreal/amazing,LITERAL,HIGH,"In this sentence, ""космос"" refers to outer space, as the context indicates that the illustrations have been in space, which is a literal interpretation of the word.",68,2025-12-07,https://vk.com/wall-210835681_16197,-210835681,16197
космос,"07.12.2025 Открытый турнир клуба TTPodolsk (СШОР «Космос») 
Лига А 
🥇 КОСТЫРЯ Алексей (Подольск)
🥈 ЖУЧКОВ Сергей (Подольск)
🥉 ПОПОВ Сергей (Подольск)",space (outer space),unreal/amazing,LITERAL,HIGH,"In this context, ""Космос"" refers to the name of a sports school (СШОР «Космос»), which is a proper noun and does not imply the slang meaning of ""unreal/amazing.""",2,2025-12-07,https://vk.com/wall-119231055_4669,-119231055,4669
космос,"07.12.2025 Открытый турнир клуба TTPodolsk (СШОР «Космос») 
Лига Б 
🥇 АБДУРАШИТОВ Шокир (Подольск)
🥈 ЕВСЕЕВ Сергей (Серпухов)
🥉 ШЕВЧЕНКО Виктор (Подольск)",space (outer space),unreal/amazing,LITERAL,HIGH,"In this sentence, ""космос"" refers to the name of a sports school (СШОР «Космос»), which is a proper noun and does not imply the slang meaning of ""unreal/amazing.""",2,2025-12-07,https://vk.com/wall-119231055_4668,-119231055,4668
космос,"***
Маленькие звезды не всегда сбиваются в созвездия 
Маленькие звёзды в чёрной субстанции космоса 
Маленькие звёзды,как дань поэзии
Хорхе Луиса Борхеса…
Фотографичные,как портреты Веласкеса.

Филимонова Татьяна ©",space (outer space),unreal/amazing,LITERAL,HIGH,"In this sentence, ""космос"" refers to outer space, which is its literal meaning, as it describes the context of stars and celestial bodies.",2,2025-12-07,https://vk.com/wall38467261_3896,38467261,3896
космос,"Планетарий Лахта Центра. Такой футуризм. Космос. Пространство и линии. Человек тут, конечно, букашка. Но есть в этом безумная красота и порядок.",space (outer space),unreal/amazing,LITERAL,HIGH,"In this sentence, ""космос"" refers to outer space in a literal sense, as it is used in the context of discussing the themes of futurism and the universe.",1,2025-12-07,https://vk.com/wall7534218_1081,7534218,1081
космос,"Поделка в школу. Каждый класс украшает дерево, у нас тема: космос 🪐 
Мы очень старались.",space (outer space),unreal/amazing,LITERAL,HIGH,"In this sentence, ""космос"" refers to the theme of outer space for the school project, which is its literal meaning rather than a slang usage.",3,2025-12-07,https://vk.com/wall220134472_3015,220134472,3015
космос,Сегодня один а завтра с друзьями и утро счастьем озарит увидеть землю с космоса радостными глазами ведь путь домой теперь открыт,space (outer space),unreal/amazing,LITERAL,HIGH,"In this sentence, ""космос"" refers to outer space, as it is used in the context of seeing the Earth from space, which aligns with its literal meaning.",1,2025-12-07,https://vk.com/wall1077295491_68,1077295491,68
космос,"Мироздание не сосредоточено на человеке. Вы — лишь крохотная частица этого космоса.

Садхгуру

[id43705081|Инга Алексеевна]",space (outer space),unreal/amazing,LITERAL,HIGH,"In this sentence, ""космос"" refers to the universe or outer space in a literal sense, emphasizing the vastness of existence beyond humanity.",3,2025-12-07,https://vk.com/wall67689137_30885,67689137,30885
космос,"Удивительно,  как мудро всё устроено в Космосе и на Земле! И очевидно, что никакой большой взрыв тут ни при чём. Ибо всё продумано до мелочей и создано на основе точных математических расчетов и Вечных Канонов Мироздания, по которым живёт вся Вселенная!",space (outer space),unreal/amazing,LITERAL,HIGH,"In this sentence, ""Космос"" refers to the literal concept of outer space, as it discusses the arrangement and structure of the universe and Earth, rather than using it as slang for something amazing.",0,2025-12-07,https://vk.com/wall85310799_7855,85310799,7855
космос,"толчок летит, толчок летит, / траектория - понял? 
    //
КОСМОС И НАУКА / огромное количество топлива ДВС тратится на войны и промышленность в наше время.
остальное сами смекнут ... если надо...",space (outer space),unreal/amazing,LITERAL,HIGH,"In this sentence, ""космос"" refers to outer space in a literal sense, as it discusses the context of science and exploration.",0,2025-12-07,https://vk.com/wall1041148294_5932,1041148294,5932
космос,"#инвесторКрипта #крипта #инвестиции 
У меня училась мама известного режиссера Клима Шипенко

Он прославился тем, что в 2021 году принял участие в съемках своего же фильма в открытом космосе. Это первый в мире фильм, действия которого сняты на МКС.

За время обучения Валерия удвоила депозит. Сейчас стабильно делает 1000$ в месяц на крипте, совершая простые действия.

Посмотрите отзыв.
Шахматы: https://vk.com/app52261457 
Инвестируй в будущее — начни с крипто сегодня.",space (outer space),unreal/amazing,LITERAL,HIGH,"In this sentence, ""космос"" refers to outer space, specifically the context of filming in space, which is its literal meaning.",0,2025-12-07,https://vk.com/wall-73359278_573,-73359278,573
космос,"Клоуны - убийцы из космоса (1987)

Парочка влюбленных замечает в небе летящий объект, траектория падения которого заканчивается в близлежащем лесу. Решив посмотреть на упавший метеорит, ребята отправляется на предполагаемое место падения и обнаруживает там цирковой шатер. В нём на Землю прилетели клоуны-убийцы, чтобы заготовить как можно больше землян в качестве провианта.",space (outer space),unreal/amazing,LITERAL,HIGH,"In this sentence, ""космос"" refers to outer space, which is its literal meaning, as it describes the origin of the clowns in the context of the story.",2,2025-12-07,https://vk.com/wall-220946849_7914,-220946849,7914
космос,"Так первого человека в космосе изобразил 16 апреля 1961 года Пабло Пикассо, узнав о полете из газет.",space (outer space),unreal/amazing,LITERAL,HIGH,"In this sentence, ""космос"" refers to outer space, which is its literal meaning, as it discusses the first human flight into space.",5,2025-12-07,https://vk.com/wall-169584115_314889,-169584115,314889
космос,"Забери меня дракон, унеси за горизонт
Там найду я свой покой, в мире сладких тёмных грёз. 

Тут душа моя страдала, злой тот мир не понимала, слишком мягкая была, защищалась, как могла. 

Забери меня дракон, ты могучий и силён. Буду космос бороздить, чтобы боль эту забыть. 

Улечу я далеко, не достанет там никто, буду вечно я в покое, не достанет меня горе.",space (outer space),unreal/amazing,LITERAL,HIGH,"In this sentence, ""космос"" refers to outer space, as the context suggests a desire to escape and explore beyond the earthly realm, indicating its literal meaning rather than a slang usage.",0,2025-12-07,https://vk.com/wall160642016_5788,160642016,5788
космос,"Сдам однокомнатную, двухкомнатную квартиру ПОСУТОЧНО от хозяина в квартире чистота, порядок всё необходимое для комфортного проживания есть, без шумных компаний, возможна бронь. 21-й микрорайон магазины, супермаркеты рынок Космос в шаговой доступности.ВОДА 24/7. 1500-2000-2500-3000-3500₽. Сутки,обращаться по телефону. +79498925313

Аренда. Квартир Посуточно Мариуполь",space (outer space),unreal/amazing,LITERAL,HIGH,"In this context, ""Космос"" refers to a specific market name (""рынок Космос"") and is used literally as a proper noun, not in a slang sense.",0,2025-12-07,https://vk.com/wall-218862679_2416,-218862679,2416
космос,"любовь - это просто боль, я просто горю, но я люблю тебя от земли до космоса
любовь - это просто боль, я просто горю, но я люблю тебя от земли до космоса",space (outer space),unreal/amazing,LITERAL,HIGH,"In this sentence, ""космос"" refers to outer space, which is its literal meaning, as it is used to express the extent of love from Earth to outer space.",1,2025-12-07,https://vk.com/wall408983683_515,408983683,515
космос,"#Администрация@wpgproxima 
 
Актуальная сводка важнейших событий Освоенного Космоса за прошедший ход доступна по ссылке. Приятного чтения!

vk.com/@wpgproxima-10356-YOUR_API_KEY_HERE",space (outer space),unreal/amazing,LITERAL,HIGH,"In this sentence, ""космос"" refers to outer space in the context of events related to space exploration, which is its literal meaning.",2,2025-12-07,https://vk.com/wall-209551029_3436,-209551029,3436
космос,"4 декабря 2025 года мы с Ульяной побывали в Управе района Гольяново на празднике, посвященном Дню матери. Многодетных матерей торжественно поздравили сотрудники Управы, а дети прочитали стихи и исполнили песни, посвященные мамам.  По окончании праздника мамы получили подарки. А также без подарков не ушли и дети, участвующие в поздравлении мам. Ульяна тоже рассказывала стихотворение и получила памятный подарок от Управы, а еще в догонку - билет на Новогоднюю елку в КЗ Космос.",space (outer space),unreal/amazing,LITERAL,HIGH,"In this sentence, ""КЗ Космос"" refers to a specific venue (Культурный Завод Космос), which is its literal name, rather than using ""космос"" in the slang sense of something being amazing.",0,2025-12-07,https://vk.com/wall787977988_211,787977988,211
космос,2025 06 10 13 11 30+++01 АКАДЕМИЯ САМАРИНА ДОКЛАД КОСМОС КАК ОСНОВА КОСМО НООСФЕРНЫХ СИСТЕМ,space (outer space),unreal/amazing,LITERAL,HIGH,"In this sentence, ""космос"" refers to outer space in the context of a report on noospheric systems, indicating its literal meaning rather than a slang usage.",2,2025-12-07,https://vk.com/wall-224759795_2065,-224759795,2065
космос,Все мы хотели в детстве в космос😁💪👍,space (outer space),unreal/amazing,LITERAL,HIGH,"In this sentence, ""космос"" refers to outer space, as it is used in the context of childhood dreams of exploring space, which is its literal meaning.",0,2025-12-07,https://vk.com/wall1080932823_56,1080932823,56
космос,"* The Clone Wars
 
Te не Идат от Космоса 
https://drive.google.com/file/d/12KD0rGyD3ZwpCVSAF8Y5wo1DdVNCuX9f/view",space (outer space),unreal/amazing,LITERAL,HIGH,"In this sentence, ""космос"" refers to outer space, which aligns with its literal meaning rather than a slang usage.",0,2025-12-07,https://vk.com/wall200047052_2292,200047052,2292
космос,"Реальность наша там, где мысли… 
Взлетает парус над волной. 
Твой нежный образ взглядом высек 
В созвездии Тельца – весной. 
 
Зима без снега, без морозов, 
Без маломальских холодов… 
Тебе я был бы скучен с прозой, 
Без всех, лишь о тебе, стихов. 
 
Лишь о тебе, скрывать не буду, 
Мои все мысли в этот миг… 
Меж космосом и строк – повсюду: 
Где мы, и где наш снежный бриг. 
 
[club222788676|Анатолий Губанов]",space (outer space),unreal/amazing,LITERAL,HIGH,"In this sentence, ""космос"" refers to outer space, which is its literal meaning, as it is used in the context of thoughts and existence between space and lines.",7,2025-12-07,https://vk.com/wall-39143303_29650,-39143303,29650
космос,"Послезавтра начнется сильная магнитная буря, которая продлится несколько дней. Причиной стали мощные вспышки на Солнце, выбросившие в космос потоки заряженных частиц. Метеозависимым людям стоит приготовиться к неприятным симптомам. Врачи предупреждают о возможных головных болях, общей слабости и скачках артериального давления. В такие периоды рекомендуется избегать серьезных физических нагрузок, высыпаться и держать под рукой необходимые лекарства. ... Подробнее",space (outer space),unreal/amazing,LITERAL,HIGH,"In this sentence, ""космос"" refers to outer space, which is its literal meaning, as it describes the context of solar flares ejecting charged particles into space.",0,2025-12-07,https://vk.com/wall-223416671_294,-223416671,294
космос,"Как от 71 до космоса

Отправить анонимное сообщение через Telegram: https://t.me/RoadCom_AnonBot",space (outer space),unreal/amazing,LITERAL,HIGH,"In this sentence, ""космос"" refers to outer space, which is its literal meaning, rather than being used as slang for something amazing or unreal.",0,2025-12-07,https://vk.com/wall-227790803_24029,-227790803,24029
космос,"Продолжается моя эстрадная жизнь.

Неимоверное удовольствие получаю и от процесса обучения, и от подготовки к концертам, и от возможности проявить себя на сцене!

Фото с выступления на Дне мамы с арт-проектом ""Интрига"" во дворце культуры ""Космос"". Блистаем!)

Следующее мероприятие 25 декабря. Новогоднее шоу обещает быть незабываемым. 
Приходите за праздничным настроением.",space (outer space),unreal/amazing,LITERAL,HIGH,"In this sentence, ""Космос"" refers to the name of a cultural palace, which is a literal usage of the word as a proper noun, not as slang.",5,2025-12-07,https://vk.com/wall202602487_24787,202602487,24787
космос,vk.com/@globbas-veter-kosmosa-ili-sledy-inoplanetyan-chto-skryvaet-zagadochn,space (outer space),unreal/amazing,LITERAL,HIGH,"In this sentence, ""космос"" refers to outer space, which is its literal meaning, as it discusses the context of extraterrestrial traces.",0,2025-12-07,https://vk.com/wall-88085942_4777,-88085942,4777
космос,СДЕЛАЙТЕ ЕЩЁ ИГРУ ПРО ПРОИЗВОДИТЕЛЕЙ ВО ПЕРВЫХ МЕХАНИЧЕСКИХ НАРУЧНЫХ ЧАСОВ ИТД КОТОРЫЕ В ПЕРЕВЁРНУТОЙ ФОРМЕ ИЗУЧАЮТЬСЯ В КОСМОСЕ КАК ПЛАНЕТЫ КАК РЕКЛАМА НОВОСТЕЙ ИТД ЗАНИМАЯСЬ ТРОСИРОВКОЙ ИТД,space (outer space),unreal/amazing,LITERAL,HIGH,"In this sentence, ""космос"" refers to outer space, which is its literal meaning, as it discusses the study of planets in that context.",0,2025-12-07,https://vk.com/wall860151708_6955,860151708,6955
космос,"🚀 3 декабря с ребятами нашего 8б класса побывали на интересной учебной экскурсии в музее на территории Измайловского Кремля, музее с необычном названием - «Интерактивный политехнический музей Дедушкин чердак». Экскурсия была посвящена освоению космоса. 💫🛰️🔭🪐🧑‍🚀👍",space (outer space),unreal/amazing,LITERAL,HIGH,"In this sentence, ""космос"" refers to outer space, as the excursion was dedicated to the exploration of space, which aligns with its literal meaning.",2,2025-12-07,https://vk.com/wall362829561_908,362829561,908
космос,"В нашем подкасте легендарный боец ММА Алексей Олейник поделился мыслью о том, почему важно оставаться на земле и не ставить себя выше других: 
 
“Превозноситься над другими людьми — это очень плохая черта. Я ещё не видел ни одного человека, который только взлетает, взлетает, взлетает. Ему как бы абсолютно всё равно — он без падений улетает куда-нибудь в космос.” 
 
Сильные слова о скромности, которые стоит услышать каждому.",space (outer space),unreal/amazing,LITERAL,HIGH,"In this sentence, ""космос"" refers to outer space in a literal sense, as it describes the idea of someone soaring without any falls, rather than using it as slang for something amazing.",2,2025-12-07,https://vk.com/wall-56794007_39341,-56794007,39341
космос,"NASA снова заметила загадочного «пришельца» из глубин космоса — 3I/ATLAS

3I/ATLAS — лишь третий известный науке межзвёздный объект, посетивший Солнечную систему. Его происхождение остаётся загадкой

Подробнее:

https://stolicaonego.ru/news/nasa-snova-navodit-obektiv-na-zagadochnogo-prisheltsa-iz-glubin-kosmosa/",space (outer space),unreal/amazing,LITERAL,HIGH,"In this sentence, ""космос"" refers to outer space, which is its literal meaning, as it discusses an astronomical object from the depths of space.",5,2025-12-07,https://vk.com/wall-29378821_2532921,-29378821,2532921
космос,"Космос не зарегулирован — это плюс. Но запустить там дата-центр гораздо дороже, а перспективы окупаемости при этом туманны.",space (outer space),unreal/amazing,LITERAL,HIGH,"In this sentence, ""космос"" refers to outer space, which is its literal meaning, as it discusses the regulatory status of space in the context of launching a data center.",0,2025-12-07,https://vk.com/wall-227249536_20926,-227249536,20926
космос,"На осенних каникулах побывали в кинотеатре Космос г. Канска, где посмотрели фильм ""Алиса в стране чудес "". После просмотра погуляли по площади, покачались на качелях.  Дети были довольны поездкой. # МБОУ""ЧечеульскаяСОШ""",space (outer space),unreal/amazing,LITERAL,HIGH,"In this sentence, ""Космос"" refers to the name of a specific cinema (Кинотеатр Космос) and is used in its literal sense as a proper noun, not as slang.",0,2025-12-07,https://vk.com/wall-223210911_14,-223210911,14
космос,"Аттракцион "" Космос"", парк Челюскинцев, Минск 1977 год.",space (outer space),unreal/amazing,LITERAL,HIGH,"In this sentence, ""космос"" refers to the name of an attraction, which is a literal usage related to outer space, not a slang term for something amazing.",0,2025-12-07,https://vk.com/wall298874685_58456,298874685,58456
ад,"Актриса Сиенна Миллер.

Новый фильм с этой актрисой: Шеф Адам Джонс.

О чем кино: В центре сюжета – история некогда знаменитого шеф-повара, который из-за своего пагубного пристрастия теряет собственный ресторан в Париже. Решив не сдаваться, он вновь собирает свою команду, перестраивает лондонский ресторан и надеется получить три звезды.

Самое интересное здесь 👉 vk.com/kinodichd
#фильмы #сериалы #кино",hell,something very intense/chaotic/difficult,LITERAL,HIGH,"The word ""ад"" in the context of the sentence refers to the literal concept of hell, as it is discussing the intense struggles of the chef, which aligns with its original meaning rather than a slang usage.",0,2025-12-08,https://vk.com/wall-220478696_5042,-220478696,5042
ад,"Проснувшись утром сегодня рано,
Умывшись в зеркало гляжусь,
В него глядит малец упрямо
Чуть-чуть седой, но молодой
Прошли года, да нет бежали
Мне 43 уже сейчас
И я всё чаще вспоминаю
О том, что было вот вчера
И детский сад, родную школу,
И институт, присягу ту.
Свою жену, дочурку нашу,
Развод, тот ад... её глаза
Которые меня подняли
И научили жить любя.",hell,something very intense/chaotic/difficult,LITERAL,HIGH,"In this context, ""ад"" refers to the intense emotional turmoil and suffering experienced during the divorce, which aligns with its literal meaning of ""hell.""",0,2025-12-08,https://vk.com/wall621733203_738,621733203,738
ад,"Мужик попал в ад. Черти предложили ему выбрать наказание. Ходит он, смотрит: там - сковородки лижут, там - камни тяжелые ворочают - все как-то неприятно. Вдруг видит: какой-то бомжик, и у него берет минет симпатичная деваха. Мужик сразу радостно кричит, что это ему подходит. Черт, обращаясь к девице: 
— Вот тебе и смена прибыла!",hell,something very intense/chaotic/difficult,LITERAL,HIGH,"In this sentence, ""ад"" is used in its literal sense to refer to hell, as it describes a place where the character experiences punishment and chaos.",0,2025-12-08,https://vk.com/wall-233726277_5224,-233726277,5224
ад,"😂 ДOЧЬ ДЬЯBОЛА ИДEТ В ОБЫЧHУЮ ШKOЛУ 💪

Мoя чертовcки хоpошaя подpyгa (2018) 😈 12+
Жанp: фэнтези, мелодрама, комедия, семейный
Рeйтинг: 6.3

Кoгдa дочepи дьявoла стaнoвитcя cкучно в адy, oтец отпpавляет eе нa 3eмлю, чтoбы oбpaтить людeй вo злo. Однакo вмeстo этогo oнa влюбляeтcя в cвоегo нoвoгo oднoклacсника.

В главныx pолях:
– Эммa Бaдинг
– Янинa Фayц
– Людвиг 3имoн
– Cамyэль Финци
– Эмилиo Cакрaя
– Oливер Kopитткe
– Алваpа Xeфельс
– Mатильдa Mapт
– Аминa Мepай
– Teо Тpeбс",hell,something very intense/chaotic/difficult,LITERAL,HIGH,"In this sentence, ""ад"" refers to the literal concept of hell, as it describes the setting where the daughter of the devil resides before being sent to Earth.",0,2025-12-08,https://vk.com/wall-170346084_51367,-170346084,51367
ад,"Евреи только могут брать созданным Аллахом
Бензин,  древесину, руду , медь , никель 
И все остальное 
Поотому что в аду им это не предоставят",hell,something very intense/chaotic/difficult,LITERAL,HIGH,"In this sentence, ""ад"" refers to the literal concept of hell, as it discusses what will not be provided to Jews in the afterlife, rather than using it as a slang term for something intense or chaotic.",0,2025-12-07,https://vk.com/wall809112639_2173,809112639,2173
ад,"Твой ум - это то, что создает твой рай и твой ад. Он создает счастье, создает страдания. Как только ты осознаешь силу собственного ума, твоя жизнь начнет меняться. Будь ответственным за то, чем наполняешь ум, именно этим наполнится твоя жизнь.",hell,something very intense/chaotic/difficult,LITERAL,HIGH,"In this sentence, ""ад"" is used in its literal sense to refer to the concept of hell, contrasting it with ""рай"" (paradise) in the context of mental states and experiences.",1,2025-12-07,https://vk.com/wall176723289_18660,176723289,18660
ад,На Земле грехи и суета - впереди мытарства Страшный Суд Ад или Рай!!!,hell,something very intense/chaotic/difficult,LITERAL,HIGH,"In this sentence, ""ад"" refers to the literal concept of hell as part of a religious or philosophical context, rather than being used as slang for something intense or chaotic.",1,2025-12-07,https://vk.com/wall605463885_9085,605463885,9085
ад,"Оперaция «Baлькиpия» (2008) 
Жaнp: История, триллер, драма, военный 
 
Полкoвник Kлayс фoн Штayффeнберг, чьe имя cталo симвoлом coпрoтивлeния, в 1944 гoдy вoзглaвил дepзкий зaговор прoтив Адoльфa. Eго отчaяннaя попыткa yничтoжить диктaтоpa с пoмощью бoмбы, cпрятaнной в портфeле, зaкoнчилась нeyдачeй: фюpеp был рaнен, нo выжил.",hell,something very intense/chaotic/difficult,LITERAL,HIGH,"In this context, ""ад"" refers to the literal concept of hell, as it describes the intense and chaotic situation surrounding the events of the plot, rather than being used as slang.",0,2025-12-07,https://vk.com/wall-50821414_817774,-50821414,817774
ад,"Ты ко мне..не привыкай. 

Не ищи меня средь ночи.

Я не твой и ад и рай.

Пусть душа ..не кровоточит..

Нарисован я тобой

На песке из разных линий.

Синий месяц над избой

Так рисует в кронах лилий.

Миг настанет и другой,

На листах пурги осенней,

Унесет тебя с собой

В край поры всегда весенней.

Позабудется мой лик.

И повадки. И походка.

На другом конце земли

Прозвенят ромашки кротко.

Счастья взмоют матыльки.

Ты поймешь как быть любимой.

Мы с тобою . далеки.

Проходили просто мимо...",hell,something very intense/chaotic/difficult,LITERAL,HIGH,"In this context, ""ад"" refers to the literal concept of hell, contrasting it with ""рай"" (paradise), indicating a direct reference to these traditional notions rather than a slang usage.",0,2025-12-07,https://vk.com/wall1086331265_148,1086331265,148
ад,Фильм - Ветринная Река : в конце концов каждая мрязь получит по заслугам за свои гнелые дела - Гареть в Аду 🔥🔥🔥,hell,something very intense/chaotic/difficult,LITERAL,HIGH,"In this sentence, ""ад"" is used in its literal sense to refer to hell, as it describes a consequence for wrongdoing rather than a metaphorical or slang expression.",0,2025-12-07,https://vk.com/wall31220116_126715,31220116,126715
ад,"Мне никогда не забыть, как мы говорили по телефону в 4 утра. Никогда и ни с кем у меня больше не будет такого разговора. Потому что таких нет и не будет , для меня ты особенный, и неповторимый. Как бы хотелось, что бы моей любви было достаточно. Как же жаль, что это невозможно. И как же жаль, что боль от разлуки будет тянуться из года в год. Темница для души. Тюрьма для разума. Ад для сознания… я очень сильно тебя любила. И только тебя , только ты мог быть в моей жизни, только ты , ты мое всё.",hell,something very intense/chaotic/difficult,LITERAL,HIGH,"In this sentence, ""ад"" is used to describe an intense emotional state of suffering and despair, which aligns with its literal meaning of ""hell"" rather than a slang usage.",0,2025-12-07,https://vk.com/wall1047476460_3,1047476460,3
ад,"Отель Хазбин

Рождённая в Аду принцесса Чарли Морнингстар стремится осуществить свою несбыточную мечту — открыть отель, предназначенный для перевоспитания грешников. Из-за перенаселения Ада, в нём ежегодно проводятся истребления, в ходе которых экзорцисты во главе с Адамом спускаются с небес и убивают демонов. Чарли это расстраивает, и она хочет найти более мирное решение проблемы перенаселения, мотивируя это целью избежать убийства демонов и дать им возможность попасть в Рай.",hell,something very intense/chaotic/difficult,LITERAL,HIGH,"In this sentence, ""ад"" refers to the literal concept of hell as a place where demons reside, consistent with its traditional meaning in religious and mythological contexts.",1,2025-12-07,https://vk.com/wall-234480595_27,-234480595,27
ад,"Дорога в ад выглядит как рай. 
Дорога в рай выглядит как ад.",hell,something very intense/chaotic/difficult,LITERAL,HIGH,"In this sentence, ""ад"" is used in its literal sense to refer to hell, contrasting it with paradise, rather than as a slang term for something intense or chaotic.",0,2025-12-07,https://vk.com/wall852201687_464,852201687,464
ад,"Гори, свеча, не затухай, непроходящей болью будь.
Пусть в пламени твоем встают, чей оборвался путь.
Кто из спокойных мирных дней шагнул в наземный ад
И кто до гробовой черты нес звание – солдат,
Кто в восемнадцать с небольшим познал цену потерь.
Кто за Россию, жизнь отдав, открыл в бессмертье дверь.
Гори, свеча, не затухай, не дай нахлынуть тьме.
Не дай живым забыть всех тех, погибших на войне.
(Н. Кузнецова)",hell,something very intense/chaotic/difficult,LITERAL,HIGH,"In this context, ""ад"" refers to ""hell"" as a literal place of suffering and torment, contrasting the peaceful days with the chaos of war, rather than being used as a slang term for an intense or chaotic situation.",0,2025-12-07,https://vk.com/wall647820140_60,647820140,60
ад,"Бахмут, Донецкая область.
Разве это похоже на военные объекты? А ведь там жили люди, но пришел Путин с его «руzzким миром» и разрушил мир нормальных людей… узурпатору и всем кто его поддерживает место в аду в одном котле с Гитлером!!!",hell,something very intense/chaotic/difficult,LITERAL,HIGH,"In this sentence, ""ад"" is used in its literal sense to refer to hell as a place of punishment, specifically in the context of condemning Putin and his supporters.",0,2025-12-07,https://vk.com/wall176494663_2706,176494663,2706
ад,"Вообщем мне недавно звонит не известный номер
Служба по контракту интересует
Я этой девушке 
Выразилась популярным русским языком
Да пошли эти все евреи в ад пол населения в землю уложили пусть будут прокляты их души
Она молчит что сказать не знает 
Ну не стала мучить её,  бренную душу,  сама отключилась.",hell,something very intense/chaotic/difficult,LITERAL,HIGH,"In this sentence, ""ад"" is used in its literal sense to refer to hell, as it expresses a strong condemnation of a group of people, indicating a desire for them to suffer in the afterlife.",0,2025-12-07,https://vk.com/wall809112639_2163,809112639,2163
ад,"ИСТИНА ГОСПОДА БОГА СОЛНЦА.  Симуляция, Королевство Кривых Зеркал , Мир Пустоты и Тьмы Люцифера Антихриста .                      Незрелые   Родители  ! Уберите маленьких детей от  мобильных  телефонов, Берегите свои Глаза  и  Глазки Ваших   Детей. Мобильный Телефон - это не Игрушка для развлечений, это ИНструмент для Выживания в АДУ в Древней Игре Змеи -  I.",hell,something very intense/chaotic/difficult,LITERAL,HIGH,"In this context, ""ад"" refers to the literal concept of hell, as it is used to describe a dire situation or environment, specifically in the phrase ""инструмент для выживания в АДУ.""",0,2025-12-07,https://vk.com/wall624742682_6616,624742682,6616
ад,"“амани манада хойле киртане адхикара дибе туми 
 
Если я смогу стать ""амани манада"", проявляя уважение к другим и не ожидая никакого уважения в ответ, тогда это даст мне право совершать киртан. В противном случае у меня не будет такого права совершать киртан. Вы понимаете это?”
 
Лекция о Чайтанья-чаритамрите Ади 10.29 – Бхубанешвар – 3 сентября 1992 г.",hell,something very intense/chaotic/difficult,LITERAL,HIGH,"In the context of the sentence, ""ад"" is used in its literal sense referring to the concept of hell, rather than as a slang term for something intense or chaotic.",3,2025-12-07,https://vk.com/wall-79786826_1548,-79786826,1548
ад,"— Где ангелы?
— На небесах.
— А люди?
— Маются внизу.
На небесах играет Бах,
Впадают реки в бирюзу.
А на земле сплошная боль,
Интриги, ненависть, тоска.
Тому, кто вжился в злую роль,
Неинтересны облака.
И человек не ждёт чудес,
Не верит он ни в рай, ни в ад,
Лишь перья падают с небес,
И ливни тихо шелестят.
— И дождь стучится к нам как весть?
— Он грязь смывает неспеша.
— А Бог на небе или здесь?
— А Бог везде, где есть душа.",hell,something very intense/chaotic/difficult,LITERAL,HIGH,"In this sentence, ""ад"" refers to the traditional concept of hell, which is used in a literal context as part of a discussion about belief in the afterlife.",0,2025-12-07,https://vk.com/wall43925409_2277,43925409,2277
ад,"Шейх Фади ад-Дали -شيخ فادي الدالي

╰┈➤🔔 vk.com/onlinemadrasa : أون لاين مَدْرَسَة 
➖➖➖➖ ➖➖➖➖ ➖➖➖➖ ➖➖➖➖ ➖➖➖➖➖ 
💌🌿💕¸.•°”˜˜”°•.❥💕🌿💌¸.•°”˜˜”°•.]💌🌿💕¸.•°”˜˜”°•.❥💕🌿💌 
🔹🔹🔹🔹🔹🔹🔹🔹🔹🔹🔹🔹🔹🔹🔹🔹🔹🔹🔹🔹🔹🔹🔹 
#Ислам#Корана#Аят#дуа#медресе#мечеть#сибай#уфа#казань",hell,something very intense/chaotic/difficult,LITERAL,HIGH,"In this context, ""ад"" is part of the name ""ад-Дали"" and does not carry its literal meaning of ""hell"" or any slang connotation; it is simply a component of a proper noun.",8,2025-12-07,https://vk.com/wall-225619137_2421,-225619137,2421
ад,"Это ты мне эту тварь подменил
Но куда ты дел
Ар 
Ма 
Ра 

Чтобы мы вообще вышли из воплощений
Могла бы меньше в голову срать 
Специально накидала 
Все равно ведь ее не отпустят
За эти крохи страданий

Вы нам такой стресс не человеческий вкинули в проводник за эти 5 лет

потому и боитесь
Ведь знаете
Как перед адами откупаться",hell,something very intense/chaotic/difficult,LITERAL,HIGH,"In this context, ""ад"" refers to the literal concept of hell, as it discusses the intensity of experiences and the idea of atonement, rather than using it as a slang term for something chaotic or difficult.",0,2025-12-07,https://vk.com/wall531092857_23343,531092857,23343
ад,"5 декабря 1907. 
Искусство есть ад. Ты идешь по краю пропасти, и если свернешь в сторону, в угоду людям или самому себе, — погибнешь. Поэт должен быть беспощаден, прежде всего к себе. Его дело — выговаривать правду, какую бы страшную гримасу она ни имела.",hell,something very intense/chaotic/difficult,LITERAL,HIGH,"In this sentence, ""ад"" is used in its literal sense to convey the idea that art can be a hellish experience, emphasizing the intense struggle and suffering involved in the creative process.",0,2025-12-07,https://vk.com/wall823353051_34,823353051,34
ад,"Ра у тебя когда то спросит 
За что ты его оторвала от папы 
И почему унесла его с собой в ад
Интересно было бы услышать как ты выкручиваться будешь
И твой ручной чёртик
Как пиздеть будет
Если конечно
его раньше не съедят за его дела",hell,something very intense/chaotic/difficult,LITERAL,HIGH,"In this sentence, ""ад"" is used in its literal sense to refer to hell, as it describes a place associated with suffering and chaos, rather than as a slang term for something intense or difficult.",0,2025-12-07,https://vk.com/wall531092857_23342,531092857,23342
ад,"Ничего необычного: 17-летний сын главы Чечни Адам Кадыров находится за рулём Гелендвагена и держит боевое оружие во время своей свадьбы... 

• В России запрещено садиться за руль до достижения 18-летнего возраста. 
• Минимальный возраст для официального вступления в брак в России составляет 18 лет. 
• По закону право на владение оружием имеют только граждане России, которым уже исполнилось 21 год.

#Россия #закон #возраст #свадьба #оружие #регистр #правила",hell,something very intense/chaotic/difficult,LITERAL,HIGH,"The word ""ад"" is used in its literal sense to refer to hell, which is a common term in Russian for the concept of a place of suffering or torment, rather than as slang for something intense or chaotic.",0,2025-12-07,https://vk.com/wall-232572819_2459,-232572819,2459
ад,"С СУДЬБОЮ В ПРЯТКИ
НЕ ИГРАЙ
ОНА ТЕБЯ ВЕЗДЕ РАЗЫЩЕТ
СЕгОдНя - Ад, А ЗАВТРА - РАЙ,
СЕгОДНя - ПРиНЦ, А ЗАВТРА - НИЩИЙ",hell,something very intense/chaotic/difficult,LITERAL,HIGH,"In this context, ""ад"" refers to a state of suffering or torment, aligning with its literal meaning of ""hell"" rather than a slang usage.",2,2025-12-07,https://vk.com/wall-224146190_712,-224146190,712
ад,"И САТАНА ТАМ ПРАВИТ БАЛ.Это ХРАМ! Киево-Печерской Лавры! И рагульское быдло жрёт в нем! В центре святыни организаторы разместили большой экран, закрыв им иконы на стенах, на котором транслировали выступления хряков. богохульники чёртовы, гореть вам в Аду!",hell,something very intense/chaotic/difficult,LITERAL,HIGH,"In this sentence, ""ад"" is used in its literal sense to refer to hell, as it expresses a strong condemnation of the actions described and invokes a traditional religious concept.",0,2025-12-07,https://vk.com/wall10712625_31125,10712625,31125
ад,"В аду сказали:
- Эту сюда не брать. Задолбала ржать. И чертей подкалывать!",hell,something very intense/chaotic/difficult,LITERAL,HIGH,"In this sentence, ""ад"" refers to the literal concept of hell, as it is used in a context that suggests a conversation taking place in a hellish setting.",2,2025-12-07,https://vk.com/wall9932633_10530,9932633,10530
ад,"Всем привет.👊 
В этом году уже ничего выпускать не буду. 
Конец года, много работы и всяких дел✍. Делать ролики сейчас особо некогда, да и после “Восставших из ада” подустал😵‍💫) 
Следующий ролик хочу делать про “Франкенштейна”🧟‍♂, но это уже увидим в 2026 году.🎬📖 
Может, постримлю как-нибудь, захотелось в 121 раз пройти резидент ивел 2.🎮",hell,something very intense/chaotic/difficult,LITERAL,HIGH,"In this sentence, ""ад"" refers to the title of the movie ""Восставшие из ада"" (Hellraiser), which is a specific reference to the literal concept of hell as depicted in the film, rather than using it as slang for something intense or chaotic.",2,2025-12-07,https://vk.com/wall-226727329_345,-226727329,345
ад,",, Верю ! ""

Я верю в Господа.
Я верю в Христа.
Я верю в Него,
Даже больше, чем в себя.

В моменты распада
Бумаги листа
Не хочу ничего,
Кроме веры в Него,
Как спасенья себя.

Здесь нет смерти - ада,
И схема проста -
Если вам не всё равно,
То услышьте Его,
И тогда вы спасёте себя.

( 27 Сентября 2023 год. )

( Вдохновил Вячеслав Бутусов.
Группа ,, Наутилус Помпилиус "" -
,, Ю-Питер "" - ,, Орден Славы "". )

Автор : Ариана Кокоева.

🤍",hell,something very intense/chaotic/difficult,LITERAL,HIGH,"In this context, ""ад"" refers to the literal concept of hell, as it discusses themes of faith and salvation, rather than using it as a slang term for something intense or chaotic.",1,2025-12-07,https://vk.com/wall890454274_784,890454274,784
ад,"Всадник Вечности 
 
 
в Короне Я, и со Мечом 
и Ноль Я, и аки Пустота Господь 
и оттеперь, ещё и на Коне 
аки Любовь что Безусловная 
и Я, и Самое что Всадник и Условный ! 
 

и это охуенное, и очень 
и этое азарт, и Радости что краски 
и дажее, что ибое Сейчас 
и в вашем грёбанном Аду, что душном.... 
))))",hell,something very intense/chaotic/difficult,LITERAL,HIGH,"In this context, ""ад"" refers to a chaotic and intense situation, which aligns with its literal meaning of ""hell"" rather than a slang usage.",0,2025-12-07,https://vk.com/wall830819225_1869,830819225,1869
ад,[КУПИК ИГРАЕТ] Что натворил ДЕФАК БУМ в СКИБИДИ ТУАЛЕТ 67 😈 АД или РАЙ 👼 _ КУПИК ИГРАЕТ в Симулятор Бога (1080p),hell,something very intense/chaotic/difficult,LITERAL,HIGH,"In this context, ""ад"" refers to the literal concept of hell, contrasting it with ""рай"" (heaven), rather than being used as slang for something intense or chaotic.",0,2025-12-07,https://vk.com/wall-223652841_23439,-223652841,23439
ад,"Ну а если честно и серьёзно
То Путин это инвалид 👨‍🦽 на всю жизнь который даже передвигаться самостоятельно не может у которого постоянно расстройство желудка и кишечника, головокружение, головные боли , боли внутренних органов и позвоночника, и так далее по списку, а список 🗂️ огромный
Если путин проживёт ещё год это большой успех
Какие свадьбы, какие дети, какая Москва??
И какие новые перерождения, если я все их израсходовал?? Дальше будет финиш 🏁 финал так сказать, черти с рогами и ад",hell,something very intense/chaotic/difficult,LITERAL,HIGH,"In this context, ""ад"" refers to the literal concept of hell, as it is used to describe a final, chaotic state rather than in a slang sense.",0,2025-12-07,https://vk.com/wall1002829765_4126,1002829765,4126
ад,"Первым, кто попал в рай, был разбойник. И первым, кто попал в ад, был апостол Христов. И то, как это всё происходило, — для нас великий урок. Поэтому человеку никогда нельзя ни отчаиваться, ни ставить крест на другом. 

Митрополит Лимассольский Афанасий (Николау)",hell,something very intense/chaotic/difficult,LITERAL,HIGH,"In this sentence, ""ад"" refers to the traditional concept of hell in a religious context, which aligns with its literal meaning rather than a slang usage.",5,2025-12-07,https://vk.com/wall-23030430_148647,-23030430,148647
ад,"НЕ ОСТАВИЛ. Судьба анти-человека это ад, но я не анти-человек, за что ему спасение а не мне?",hell,something very intense/chaotic/difficult,LITERAL,HIGH,"In this sentence, ""ад"" refers to the literal concept of hell as a place of suffering, rather than using it as a slang term for something intense or chaotic.",0,2025-12-07,https://vk.com/wall2347468_124415,2347468,124415
ад,"Чтобы вести людей к свету, 
Нужно самому к нему идти. 
Причем постоянно… 
Из ада. 

Eva Mayer",hell,something very intense/chaotic/difficult,LITERAL,HIGH,"In this context, ""ад"" refers to hell in its literal sense, as it is used to describe a place from which one is trying to escape while seeking enlightenment.",1,2025-12-07,https://vk.com/wall-31353954_5439,-31353954,5439
ад,"Ни одно дерево не сможет дорасти до небес, если его корни не достигнут ада.",hell,something very intense/chaotic/difficult,LITERAL,HIGH,"In this sentence, ""ад"" refers to the literal concept of hell, as it is used in the context of roots reaching down to a place traditionally associated with suffering and punishment.",0,2025-12-07,https://vk.com/wall-230705490_79,-230705490,79
ад,"🌀Бомбез от СТИВЕНА КИНГА❗ Академия Теней похищает одарённых СВЕРХСПОСОБНОСТЯМИ детей😱 но один гений превратит их КОШМАР в ад, а падший полицейский станет его оружием мести 💣🍺 
 
Инсτиτуτ (2025) 📣 Суперновинка 🔞, Все серии 
Жанр: ужасы, фантастика, триллер

Самое интересное здесь 👉 https://vk.com/kinodichd

#фильмы #сериалы #кино",hell,something very intense/chaotic/difficult,LITERAL,HIGH,"In this context, ""ад"" refers to a literal hell, as it describes the transformation of a nightmare into a hellish scenario, aligning with the horror genre theme of the sentence.",0,2025-12-07,https://vk.com/wall-220472533_9413,-220472533,9413
ад,"Вы все еще бреете бороду? Тогда мы идем к вам!)) 
... 
А потом спорьте с Бердяевым, что церковное христианство, в отличие от учения любви самого Христа, не носит ""откровенно садического характера"". Он его еще ""Судебным христианством"" называет. ""Ничего более чудовищного, чем идея рая и ада, человечество не выдумало за всю свою историю"".",hell,something very intense/chaotic/difficult,LITERAL,HIGH,"In this sentence, ""ад"" is used in its literal sense to refer to the concept of hell, as part of a philosophical argument about the nature of religious beliefs.",0,2025-12-07,https://vk.com/wall1145667_52686,1145667,52686
ад,"сделай шаг и завязнешь в небесном киселе
но крылатость свою вмиг почувствуешь
казнями бездны лихо пренебрежёшь
воробью что бояться гигантских рептилий
осьминогов да прочих богов
ад и рай так бедой закоптили
что не видно ни зги ни стрелков

8.2022",hell,something very intense/chaotic/difficult,LITERAL,HIGH,"In this context, ""ад"" refers to the literal concept of hell, as it is used in a poetic and existential sense to describe a state of suffering and chaos, rather than as a slang term for intensity or difficulty.",1,2025-12-07,https://vk.com/wall4813457_14143,4813457,14143
ад,"идея приносить в жертву детей в его честь сильно его раздражает

даже в аду есть сострадание 

бог и дьявол. два разума которые сталкиваются не раскрывая себя а мы их игрушки
- дракула 2025",hell,something very intense/chaotic/difficult,LITERAL,HIGH,"In this sentence, ""ад"" refers to the literal concept of hell, as it discusses the presence of compassion even in hell, rather than using it as a slang term for something intense or chaotic.",0,2025-12-07,https://vk.com/wall265595006_25462,265595006,25462
ад,"｡ﾟﾟ･｡･ﾟﾟ｡
ﾟ。Только бы мы встретились
　ﾟ･｡･ где-то там🎧🤍

 
｡ﾟﾟ･｡･ﾟﾟ｡
ﾟ。Даже если «где-то там»
　ﾟ･｡･ будет адом🤍🎧",hell,something very intense/chaotic/difficult,LITERAL,HIGH,"In this context, ""ад"" refers to a literal hell, indicating a place of suffering or torment, rather than being used as slang for something intense or chaotic.",2,2025-12-07,https://vk.com/wall-195959108_920840,-195959108,920840
ад,"Просто знать, что где-то на этой земле есть ты, станет для меня, в моем аду, уголком рая.

Марк Леви, ""Семь дней творения""",hell,something very intense/chaotic/difficult,LITERAL,HIGH,"In this sentence, ""ад"" refers to a personal state of suffering or torment, which aligns with its literal meaning of hell rather than a slang usage.",15,2025-12-07,https://vk.com/wall-64534716_955305,-64534716,955305
ад,"А сегодня будет немного остринки🌶🌶🌶
Немного мистики👻👻👻
Немного чертовщинки 😈😈😈
""ВЕДЬМА ИЗ АДА""
Песня на стихах СЕРГЕЯ ЗУЙКОВА
В чарующем исполнении сестёр ДАРИНЫ И МАРИНЫ ЛУНАРИС",hell,something very intense/chaotic/difficult,LITERAL,HIGH,"In this context, ""ад"" refers to the title of a song (""ВЕДЬМА ИЗ АДА""), which uses the literal meaning of ""hell"" as part of its thematic content, rather than as a slang term for something intense or chaotic.",1,2025-12-07,https://vk.com/wall-234442772_32,-234442772,32
ад,В образе мифестофеля: вам рай покажется адом!,hell,something very intense/chaotic/difficult,LITERAL,HIGH,"In this sentence, ""ад"" is used in its literal sense to refer to hell, contrasting it with paradise, rather than as a slang term for something intense or chaotic.",0,2025-12-07,https://vk.com/wall8820690_7889,8820690,7889
ад,"Не нужно притворятся хорошей и ангельской девочкой, чтобы тебя любили. Если ты достойна любви, то тебя будут любить даже если ты исчадие ада.",hell,something very intense/chaotic/difficult,LITERAL,HIGH,"In this sentence, ""ад"" is used in its literal sense to refer to hell, contrasting the idea of being an ""исчадие ада"" (spawn of hell) with the expectation of being loved.",1,2025-12-07,https://vk.com/wall-35540639_951201,-35540639,951201
ад,"Псы попадут в рай, все люди сгорят, мы попадем в ад",hell,something very intense/chaotic/difficult,LITERAL,HIGH,"In this sentence, ""ад"" refers to the traditional concept of hell, which aligns with its literal meaning rather than a slang usage.",0,2025-12-07,https://vk.com/wall600736718_831,600736718,831
ад,"🆘🆘🆘 Срочно ищу дом красавице Линде !🆘🆘🆘
Девочка прошла все круги ада : отлов, скитания, голод и холод. Её били палками, за то, что пришла просить еду к людям !😓 Я забрала её со стройки на времнную передержку. Есть совсем НЕМНОГО
 времени, чтобы найти ей дом !🙏🙏 
Иначе, опять улица, холод, и .....гибель !
Очень ласковая, с собаками дружит, к котам равнодушна. Любит детей.
Выгул терпит. Возраст 2 года.
Будет вам преданным другом !❤🙏
8950 738 5372. Ольга
8951 779 8282 Екатерина
#kdcсобаки",hell,something very intense/chaotic/difficult,LITERAL,HIGH,"In this context, ""круги ада"" refers to the intense and difficult experiences the girl went through, using ""ад"" in its literal sense of hell as a metaphor for suffering.",0,2025-12-07,https://vk.com/wall-508126_214699,-508126,214699
ад,"Что такое жизнь?

• Достоевский: Это ад.
• Сократ: Это испытание.
• Аристотель: Это разум.
• Ницше: Это власть.
• Фрейд: Это смерть.
• Маркс: Это идея.
• Пикассо: Это искусство.
• Ганди: Это любовь.
• Шопенгауэр: Это страдание.
• Бертран Рассел: Это конкуренция.
• Стив Джобс: Это вера.
• Эйнштейн: Это знание.
• Стивен Хокинг: Это надежда.
• Кафка: Это только начало.",hell,something very intense/chaotic/difficult,LITERAL,HIGH,"In this context, ""ад"" is used to express a philosophical view of life as hell, which aligns with its literal meaning rather than a slang interpretation.",0,2025-12-07,https://vk.com/wall-223912953_2453,-223912953,2453
ад,"Ад ослабил свою хватку и теперь можно опять заниматься гедонизмом( получать от жизни удовольствие). Давеча съездил попленэрить. Этюд получился так себе. Но , как я ранее писал, лучше плохой этюд , чем никакого. Если до этого к написанной картинке я не возвращался, то теперь этюд, особенно неудавшийся, становится объектом исследования. На его основе прорабатывается композиция и цветовые сочетания. Эскизы, кстати, можно и в цифре делать.",hell,something very intense/chaotic/difficult,LITERAL,HIGH,"In this sentence, ""ад"" refers to the literal concept of hell, indicating a state of intense difficulty or chaos rather than being used as slang.",1,2025-12-07,https://vk.com/wall-227554499_144,-227554499,144
ад,"ДАЙ БОЖЕ, ЧТОБЫ ТАМ НЕ БЫЛО ДЬЯВОЛА СМЕРТИ АДА ХАУСА, КРИМИНАЛ БЮРОКРАТИИ ЛИЦЕМЕРИЕ ХАМЕЛИОНСТВО ЧÉРНЫЕ РЕУТЫ, КОЛЛЕКТОР, ЛОЖЬ УНИЖЕНИЯ ОБМАНА ПРЕДАТЕЛЬСТВО ИЗМЕНЫ, СТЫДНО И ПОЗОРНО",hell,something very intense/chaotic/difficult,LITERAL,HIGH,"In this sentence, ""ад"" is used in its literal sense to refer to hell, as it is part of a serious expression about the presence of evil and suffering, rather than as a slang term for something intense or chaotic.",0,2025-12-07,https://vk.com/wall1080669354_472,1080669354,472
ад,"🔥Последние новинки🔥

Роща (2025)
Отпусти! (2025)
Манекен (2025)
Среди сосен (2025)
Игра с призраком (2025)
Дом ада. Спуск к дьяволу (2025)
Борли-Ректори: Пробуждение (2025)
Детектив Киен: Безголовый ужас (2025)
Посланник дьявола: тот, кто среди нас (2025)",hell,something very intense/chaotic/difficult,LITERAL,HIGH,"In the phrase ""Дом ада. Спуск к дьяволу,"" the word ""ад"" refers to the literal concept of hell, as it is part of a title describing a place associated with evil or torment.",35,2025-12-07,https://vk.com/wall-7247392_277206,-7247392,277206
ад,"Ну сатанисты не без добра оказались
2х человек отправили высшие сады. Эдема фирдаус
Тем самым обеспечив себе дно ада
Нет худо без добра 
Ушли шахиды
Борцы за слово Аллаха",hell,something very intense/chaotic/difficult,LITERAL,HIGH,"In this sentence, ""ад"" is used in its literal sense to refer to hell, as it discusses the consequences of actions related to satanists and their fate.",0,2025-12-07,https://vk.com/wall809112639_2155,809112639,2155
ад,"Харьковский Рубеж 
 
Это ХРАМ!☝ Киево-Печерской Лавры! И рагульское быдло жрёт в нем! 😳🤦🤮. В центре святыни организаторы разместили большой экран, закрыв им иконы на стенах, на котором транслировали выступления хряков. богохульники чёртовы, гореть 🔥 вам в Аду!",hell,something very intense/chaotic/difficult,LITERAL,HIGH,"In this sentence, ""ад"" is used in its literal sense to refer to hell, indicating a place of punishment, rather than as a slang term for something intense or chaotic.",1,2025-12-07,https://vk.com/wall106330547_39542,106330547,39542
ад,"собрав себя по кускам, 
не заметил как стал тем, 
кто царствует в аду.",hell,something very intense/chaotic/difficult,LITERAL,HIGH,"In this sentence, ""ад"" refers to the literal concept of hell, as it describes a state of existence rather than using it as a slang term for intensity or chaos.",1,2025-12-07,https://vk.com/wall590612238_975,590612238,975
ад,"Ну что друзья, с новиночкой меня. 😇🥰

В мире больших и сильных драконов маленькой полукровке не выжить. Бывший муж Астарии уверен, что если превратить её жизнь в ад, то она при ползет к нему на коленях. Но жертва уже готова переступить черту и... Однако в последний момент она послала своего муженька к черту, но судьба привела четов к ней.",hell,something very intense/chaotic/difficult,LITERAL,HIGH,"In this context, ""ад"" refers to the literal concept of hell, as it describes the extreme suffering and torment the character is experiencing due to her husband's actions.",0,2025-12-07,https://vk.com/wall339152719_3408,339152719,3408
ад,"🆘🆘🆘Живодёры Касья*** и Втю*** пускай у вас руки и ноги отсохнут, за ваши ужасные дела!!!Котята это те же самые дети, которые имеют право на жизнь. А вы их убили. Убийцы!!! Гореть вам в аду!!!🆘🆘🆘",hell,something very intense/chaotic/difficult,LITERAL,HIGH,"In this sentence, ""ад"" is used in its literal sense to refer to hell as a place of punishment, emphasizing the speaker's anger towards the actions of the individuals mentioned.",0,2025-12-07,https://vk.com/wall-204029637_42115,-204029637,42115
ад,Жертва выбора: путь добровольца в ад,hell,something very intense/chaotic/difficult,LITERAL,HIGH,"In this sentence, ""ад"" refers to the literal concept of hell, indicating a severe and tormenting experience rather than a slang usage.",0,2025-12-07,https://vk.com/wall-224021540_38108,-224021540,38108
ад,"Фельдмаршал питерский7, тот который мою маму, тронул, лучше пусть прячется, так как я его ебну, чтобы он не внушал моей маме, что виноваты украинцы, виноват он, что моя мама болела, виноват он, что моя мама потеряла документы для пенсии, виноват он, что он специально издевается над моей мамой, этот пидр живёт в Москве, я его уничтожу, путинского пидормота, жить ему в аду и его детям",hell,something very intense/chaotic/difficult,LITERAL,HIGH,"In this context, ""ад"" is used to refer to the literal concept of hell as a place of suffering and punishment, rather than as a slang term for something intense or chaotic.",0,2025-12-07,https://vk.com/wall738339590_46941,738339590,46941
ад,"❗️❗️Когда ничего нового не происходит, начинается СКУКА.

Почему люди сидят за компьютером и узнают новости, читают газеты? Почему они путешествуют? Человеческая душа живет только новым. Царствие Небесное – бесконечное познание бесконечного Бога.

В аду ничего НОВОГО уже не будет.

— Митрополит Тихон Шевкунов.

🤝 Просим вас поддержать нашу православную страничку лайком и комментарием 💛",hell,something very intense/chaotic/difficult,LITERAL,HIGH,"In this sentence, ""ад"" is used in its literal sense to refer to hell, contrasting it with the idea of new experiences and knowledge, rather than as a slang term for something intense or chaotic.",25,2025-12-07,https://vk.com/wall-179511960_298763,-179511960,298763
ад,"Погребли пирата под корнями
Погребли куда–то прочь от берега
потому что и чтоб
Выпьем лишнего и помолчим
Он выиграл приз — двойную скидку на гроб

Сон ценил пират спал столетиями
Солнцем серым зашёл за края
обманул всех друзей и суд
И подумать то нечем
Как теперь нам жить с этим холмом в лесу

С каких тибетских ледников
Спустился на север Африки анкх
небо в петле–голове
одна нога — глубоко в аду
Гвоздями прибит — свободен внутри
Сквозь рёбра ветер из космоса дует
07122025
🦇©by J04 D1v1510n",hell,something very intense/chaotic/difficult,LITERAL,HIGH,"In this context, ""ад"" refers to the literal concept of hell, as it describes a state of being with one leg ""deep in hell,"" indicating a physical or existential condition rather than a slang expression.",0,2025-12-07,https://vk.com/wall-218426799_10,-218426799,10
ад,"Ад Бел — Том: 1 Глава: 38

Новая глава: https://vk.cc/cQMirU

Регистрируйтесь на сайте и добавляйте тайтл в закладки! [https://vk.me/wf_chapter|Подписывайтесь на рассылку], и мы уведомим вас, когда выйдут новые главы из списка закладок.

Ад Бел / Bel's Hell / Bel's Hell

#Ад_Бел #Bel_s_Hell #Bel_s_Hell #WebFandom",hell,something very intense/chaotic/difficult,LITERAL,HIGH,"In this context, ""ад"" refers to the title of a work, which is literally translated as ""Hell,"" indicating a specific place or concept rather than being used as slang for something intense or chaotic.",1,2025-12-07,https://vk.com/wall-214465302_12620,-214465302,12620
ад,"🖌️ Хумайд ат-Тавиль сказал: 

«Если ты совершаешь грех в уединении, зная, что Аллах видит тебя, то ты осмеливаешься на великое преступление, а если ты полагаешь, что Он не видит тебя, то ты впал в неверие»

📕 См. «Ихья улюм ад-Дин», 4/398.",hell,something very intense/chaotic/difficult,LITERAL,HIGH,"In this context, ""ад"" refers to the concept of hell in a religious and moral sense, aligning with its literal meaning rather than any slang usage.",1,2025-12-07,https://vk.com/wall70483995_6959,70483995,6959
ад,"«ЧЕЛОВЕК НЕ ВЫНОСИТ СОБСТВЕННОЙ ДУШЕВНОЙ ПУСТОТЫ.
   ОНА ДЛЯ НЕГО—СУЩИЙ АД»",hell,something very intense/chaotic/difficult,LITERAL,HIGH,"In this sentence, ""ад"" is used in its literal sense to describe a state of extreme suffering or torment, reflecting the concept of hell rather than a slang expression.",2,2025-12-07,https://vk.com/wall1084258344_275,1084258344,275
ад,"Взвод (1986)

Страна - США, Великобритания 
Жанр - военный, история, драма 
Кинопоиск: 8.0 IMDb: 8.10 
 
В сентябре 1967 года куда-то в приграничный район между Вьетнамом и Камбоджей прибыл рядовой 25-го пехотного полка Крис Тэйлор. Прибыл, чтобы своими глазами увидеть, как выглядит подлинный ад",hell,something very intense/chaotic/difficult,LITERAL,HIGH,"In this sentence, ""ад"" refers to the literal concept of hell, describing the intense and chaotic conditions experienced by the soldier in a war zone.",14,2025-12-07,https://vk.com/wall-212054141_37141,-212054141,37141
ад,"Все совпадения случайны...

Все совпадения случайны.
Твоё со мной, моё - с тобой.
Нам не дано коснуться тайны,
Что называется судьбой.

Ты можешь верить и не верить,
Но не гаси надежды луч,
Что совпадёт с замком на двери
Подаренный на память ключ.

Пусть не спасает эта Вера
И Ад не превращает в Рай.
Пусть счастье - глупая Химера.
Но - всё-равно! - ты совпадай!

Предотвращают от паденья
Надёжней крыльев за спиной.
Нечаянные совпаденья
Меня с тобой, тебя со мной...
22.06.2016",hell,something very intense/chaotic/difficult,LITERAL,HIGH,"In this context, ""ад"" refers to the literal concept of hell, contrasting it with the idea of paradise, which aligns with the traditional religious meaning rather than a slang usage.",1,2025-12-07,https://vk.com/wall16113555_18746,16113555,18746
ад,"Господ сатана я признаю твою власть,неизвегни не в коем случае меня в ад может я захочу жить как человек.Исполню волю твою пощади меня господин.я несу свой крест с этого момента.",hell,something very intense/chaotic/difficult,LITERAL,HIGH,"In this sentence, ""ад"" is used in its literal sense to refer to hell, as the speaker is acknowledging the authority of Satan and expressing a fear of being sent there.",0,2025-12-07,https://vk.com/wall1068129998_49,1068129998,49
ад,В Ад свой не пущу. Там мое поместье. И уборщики мне не ненужны. Тут буквицы. Дебильные. Переводить преходиться.,hell,something very intense/chaotic/difficult,LITERAL,HIGH,"In this sentence, ""ад"" refers to hell in its literal sense, as the speaker is expressing a personal connection to that place rather than using it as a metaphor for chaos or difficulty.",0,2025-12-07,https://vk.com/wall71888716_8307,71888716,8307
жесть,"Цена штучно: 130руб
Терка, металл
Для мужчин и для женщин
Терка жестяная Никис с металлической ручкой 4 грани 208х96х120 
Четырехгранная компактная терка для овощей Никис выполнена из пищевой жести, толщина которой (0,25мм). Толщина является оптимальной для.
...",tin/metal sheet,something shocking/extreme,LITERAL,HIGH,"In this sentence, ""жесть"" refers to a metal sheet used in the context of a grater, which is its literal meaning, not a slang usage.",0,2025-12-07,https://vk.com/wall-226316502_35836,-226316502,35836
жесть,"Продам жестий чехол для перевозки лука 
Внутри имеется система для крепления плечей на липучках, а также 3 отделения для хранения 
Чехол имеет габаритные размеры 
130х18х14 
 
Продаю в связи с тем что мне не помещается в багажник машины 
 
2000 рублей 
Территориально в Москве",tin/metal sheet,something shocking/extreme,LITERAL,HIGH,"In this sentence, ""жестий"" refers to a hard case made of metal or a similar material for transporting a bow, which aligns with its literal meaning as a material rather than a slang expression.",1,2025-12-07,https://vk.com/wall-209551706_4980,-209551706,4980
жесть,"Кровля — это система. Поэтому мы производим и монтируем всё, включая дымники. 
Не оставляем слабых мест: наши дымники из той же жести, что и кровля, и устанавливаются по той же технологии фальца для идеальной герметичности.",tin/metal sheet,something shocking/extreme,LITERAL,HIGH,"In this sentence, ""жесть"" refers to the metal sheet used for the smoke ducts, which is its literal meaning, not a slang expression.",1,2025-12-07,https://vk.com/wall-223875177_27,-223875177,27
жесть,Слонёнок не отходил от больной мамы ни на шаг и отгонял всех прочь. Люди по достоинству оценили жест малыша,tin/metal sheet,something shocking/extreme,LITERAL,HIGH,"In this sentence, ""жест"" refers to the act of the child showing kindness and compassion, which is a literal interpretation of the word as a gesture, rather than its slang meaning of something shocking or extreme.",0,2025-12-07,https://vk.com/wall815025007_2487,815025007,2487
жесть,"🤍В каждой женщине своя тайна: свой акцент, свой жест, свое молчание. 

—Антуан де Сент-Экзюпери",tin/metal sheet,something shocking/extreme,LITERAL,HIGH,"In this sentence, ""жест"" refers to a physical gesture, which is its literal meaning, rather than the slang meaning of something shocking or extreme.",25,2025-12-07,https://vk.com/wall32005394_3481,32005394,3481
лёд,"😱👏Семья спасла тонущего мужчину на квадроцикле

Сегодня, 6 декабря, на Кипарисова супружеская пара возвращалась с рыбалки, когда заметила в воде человека — квадроцикл уже ушёл под лёд, на поверхности оставалась только голова водителя.

Муж тут же бросился на помощь и успел вытащить тонущего. Человек спасён, пострадавший жив.
Квадроцикл, однако, полностью ушёл под воду.

Берегите себя на льду — он сейчас крайне опасен.",ice,cool/stylish,LITERAL,HIGH,"In this sentence, ""лёд"" refers to the physical state of water that has frozen, which is a literal meaning, as it describes the dangerous condition of the surface where the incident occurred.",0,2025-12-08,https://vk.com/wall-220942083_18696,-220942083,18696
лёд,"Цена штучно: 70руб
Силиконовые формы, силикон
Для мужчин и для женщин
СИЛИКОНОВАЯ ФОРМА ДЛЯ ЛЬДА прямоугольная на 12 ячеек 
Замораживайте фигурный лед в специальной форме и охлаждайте напитки. В ячейки можно заливать не только воду, но и замораживать в них цедру лимона, листики мяты, лимонный сок, травяные отвары и многое другое.
Размер 24,5х11,5 см, высота 2,5 см.",ice,cool/stylish,LITERAL,HIGH,"In this sentence, ""лёд"" refers to ice used for freezing drinks, which is its literal meaning, not a slang term.",0,2025-12-08,https://vk.com/wall-168054588_57560,-168054588,57560
лёд,Новый год-время волшебства и ярких деталей! Маникюр станет эффектным завершением вашего образа!!!,ice,cool/stylish,LITERAL,HIGH,"The word ""лёд"" is not present in the provided sentence, and the context does not imply any slang usage; it focuses on the theme of New Year and beauty, which does not relate to ""лёд"" in either sense.",1,2025-12-08,https://vk.com/wall347229946_1975,347229946,1975
лёд,"[Nepeta Страшилки] СЕРБСКАЯ ЛЕДИ ПРЕВРАТИЛА ПАРНЯ В ЗОМБИ! (1080p)

SERBIAN DANCING LADY - СЕРБСКАЯ ЛЕДИ СНОВА ВЕРНУЛАСЬ! ЧТО ПРОИЗОШЛО?",ice,cool/stylish,LITERAL,HIGH,"In the given sentence, ""лёд"" is not present; instead, the focus is on ""леди,"" which translates to ""lady,"" and does not involve the word ""лёд"" in its literal sense of ice.",0,2025-12-08,https://vk.com/wall-148482079_8922,-148482079,8922
лёд,"Продам фару от питбайков/эндуро kayo.
Вместе с лед лампой. Есть небольшие царапины 1000₽. Есть такая же фара но без лампы за 500₽.",ice,cool/stylish,LITERAL,HIGH,"In this sentence, ""лед лампой"" refers to a specific type of lamp (LED lamp), which is a literal usage of ""лед"" as part of the term for the lighting technology, not as slang.",0,2025-12-08,https://vk.com/wall-157573944_673727,-157573944,673727
лёд,"Сегодня нас порадовал небольшой морозец — для меня это самая комфортная и любимая температура воздуха.(-16) Мы снова отправились к озерам, чтобы немного порыбачить. Озера уже замерзли, и лед окреп. Красота вокруг просто неописуемая!",ice,cool/stylish,LITERAL,HIGH,"In this sentence, ""лёд"" refers to the physical state of water that has frozen, which is its literal meaning, as it describes the condition of the lakes.",0,2025-12-08,https://vk.com/wall23976004_8012,23976004,8012
лёд,"Всем здравствуйте, подскажите пожалуйста что делать. Климат справа дует теплом(не горячим), а слева просто лед???",ice,cool/stylish,LITERAL,HIGH,"In this sentence, ""лёд"" refers to actual ice, as indicated by the context of contrasting temperatures (warm air on one side and ice on the other).",0,2025-12-08,https://vk.com/wall-48360044_1016730,-48360044,1016730
лёд,"Всего 3 месяца на льду — и вот он, наш боец!
Его философия проста: падаешь — вставай. Не получается — пробуй снова. Хочешь играть — работай.
Никаких волшебных таблеток, только лёд, шайба и характер👍 
#детскийхоккей #работанадсобой #нетпределов #ВоляКПобеде",ice,cool/stylish,LITERAL,HIGH,"In this sentence, ""лёд"" refers to the physical ice on which hockey is played, making it a literal usage rather than slang.",3,2025-12-08,https://vk.com/wall-231912689_380,-231912689,380
лёд,"В нашей жизни всё бывает:
И под солнцем лёд не тает,
И теплом зима встречает.
Дождь идет в декабре...
#7_декабря",ice,cool/stylish,LITERAL,HIGH,"In this sentence, ""лёд"" refers to ice in a literal sense, as it describes a natural phenomenon where ice does not melt under the sun.",1,2025-12-08,https://vk.com/wall17618511_9324,17618511,9324
лёд,"Народные приметы и суеверия на текущий день:

- Нужно быть веселым и бодрым в этот день - к отменному здоровью.
- Если в мороз на речной лед выступает вода – к сильному потеплению и дождю.
- Если снег идет, то лето дождливым будет.",ice,cool/stylish,LITERAL,HIGH,"In this sentence, ""лёд"" refers to the literal ice on the river, as it describes a natural phenomenon related to weather conditions.",0,2025-12-08,https://vk.com/wall-216473783_15529,-216473783,15529
лёд,"Премьера ! 

[club199009406|miorganto] - Веснушки 

« Во мне растопили лёд твои веснушки »",ice,cool/stylish,LITERAL,HIGH,"In this sentence, ""лёд"" refers to ice in a literal sense, as it describes an emotional state being melted, rather than using it as slang for something cool or stylish.",3,2025-12-07,https://vk.com/wall-199009406_676,-199009406,676
лёд,"Выбрались из тонущего самолёта при минус 18° — искали 6 дней, к моменту находки все ПОГИБЛИ от холода

26 февраля 1963 года. Залив Шелихова. Ил-18 садится на лёд в 2,7 км от берега.

Четверо выбрались из тонущего самолёта живыми. Одна стюардесса утонула сразу. Трое остались на льду: бортмеханик, бортрадист и пассажирка. Температура: -18°С. До берега — 40 минут ходьбы.

Они остались ждать спасателей у обломков. Их нашли только через 6 суток. Все мертвы.",ice,cool/stylish,LITERAL,HIGH,"In this sentence, ""лёд"" refers to the physical substance of ice on which the plane landed, making it a literal usage.",0,2025-12-07,https://vk.com/wall-196840038_2277,-196840038,2277
лёд,"Правила безопасности на льду

Тонкий лёд представляет собой большую опасность. Ежегодно в его ловушку попадает множество людей, в том числе дети, которые гуляют вблизи замерзших водоемов без присмотра родителей. 

Избежать трагических последствий можно, если соблюдать меры личной безопасности. Какие именно рассказали в карточках, подготовленных по материалам МЧС России. 

👉🏻 Расскажите о правилах детям и поделитесь советами с родными и близкими!

#СШ20камчатка",ice,cool/stylish,LITERAL,HIGH,"In this sentence, ""лёд"" refers to ice in a literal sense, as it discusses the dangers associated with thin ice in frozen bodies of water.",1,2025-12-07,https://vk.com/wall-217461868_4552,-217461868,4552
лёд,Вот теперь слепите сколько хотите а то у всех лед лампы стоят и т п 🤣🤣🤣,ice,cool/stylish,LITERAL,HIGH,"In this sentence, ""лёд"" refers to actual ice used for making something, not as a slang term for cool or stylish.",0,2025-12-07,https://vk.com/wall651413520_1605,651413520,1605
лёд,"Одноразка на 18к тяг  

   Цена 850₽ 
Вкус ВИНОГРАДНЫЙ ЛЁД

https://vk.ru/id581153438",ice,cool/stylish,LITERAL,HIGH,"In this context, ""лёд"" refers to the flavor ""виноградный лёд"" (grape ice), which is a literal description of a frozen product rather than a slang term.",0,2025-12-07,https://vk.com/wall-202174560_10525,-202174560,10525
лёд,"В субботу открыли сезон ночных катаний в АренаПлей Север. Очень классное место: 2 арены игровая и диско, профессиональный лёд, музыка, аниматоры. Кто не был, советую хоть  разок здесь побывать. Одно из самых любимых мест у младших. 💙
Вчера прокатались 4,5 часа и Тёма был очень расстроен, что уезжаем до закрытия, а можно было бы кататься ещё целых 2 часа! (Работает каток к слову до 5 утра 😅)
На фото Тёма просит остаться на 5й час. 🫠",ice,cool/stylish,LITERAL,HIGH,"In this sentence, ""лёд"" refers to the actual ice surface used for skating, which is its literal meaning.",0,2025-12-07,https://vk.com/wall15164837_288,15164837,288
лёд,"Рено сценик 🥸
Установка би лед модулей ✅
Шлифовка и полировка фар ✅
Защита полиуретаном ✅",ice,cool/stylish,LITERAL,HIGH,"In this context, ""би лед модулей"" refers to ""bi-led modules,"" which are lighting components, and ""лёд"" is used literally to describe the type of lighting (LED), not in a slang sense.",1,2025-12-07,https://vk.com/wall-228999791_239,-228999791,239
лёд,"Очень важное объявление!!!!
Дорогие друзья, жители нашего города и гости! 
На открытом катке «Северная Сказка» идёт заливка катка, кататься пока ещё НЕЛЬЗЯ!!!
Немного терпения. Надо всем потерпеть, чтобы лёд подготовили хорошего качества. Спасибо за понимание 🤗
Всех ждем на торжественное открытие 14 декабря в 17.00⛸️

Полярные Зори

#ПолярныеЗори #НаСевереЖить #Мурманскаяобласть",ice,cool/stylish,LITERAL,HIGH,"In this sentence, ""лёд"" refers to the physical ice being prepared for skating, which is its literal meaning.",0,2025-12-07,https://vk.com/wall-223652840_28020,-223652840,28020
лёд,"Киа рио 👻
Установка би лед модулей ✅
Лёгкая полировка фар ✅
Защита полиуретаном ✅",ice,cool/stylish,LITERAL,HIGH,"In this context, ""би лед модулей"" refers to ""bi LED modules,"" where ""лёд"" is part of a technical term and does not imply the slang meaning of ""cool/stylish.""",1,2025-12-07,https://vk.com/wall-228999791_238,-228999791,238
лёд,"Подборка машин, уходящих под лёд. Как придурки топят свои машины",ice,cool/stylish,LITERAL,HIGH,"In this sentence, ""лёд"" refers to ice in the context of cars going under it, which is its literal meaning.",0,2025-12-07,https://vk.com/wall-178778321_183168,-178778321,183168
лёд,"Наступил день, и нет солнца, спряталась не хочет смотреть на наши странные игры, хочет видеть детей здоровыми, и чтобы восход солнца окрашивал, рисунки детей, трава, пусть будет зелёной, и яблоням цвести. Пусть летают мирные самолёты и от любви тает лед,, и пусть никогда не спрашивает  мой внук,, бабушка, почему звучит  воздушная тревога,,
Пусть нашим детям снятся мирные солнечные  сны, зелёная трава спелая земляника, наша родная земля, пахнущая молоком. Небо, всегда голубое.",ice,cool/stylish,LITERAL,HIGH,"In this sentence, ""лёд"" refers to ice in its literal sense, as it is used in the context of melting due to love, which aligns with the physical properties of ice.",1,2025-12-07,https://vk.com/wall577501229_36,577501229,36
лёд,"Всем привет! Вот такая у меня рыбачка Айза....а у соседних рыбаков всю рыбу спёрла 🦮🎣🥹, наелась и поехи домой. Правда обратно шли по реке и она периодически откусывала лёд с лап . Что подскажете  и чем помочь!?

#ПокажиСвоегоПитомца_Самоеды",ice,cool/stylish,LITERAL,HIGH,"In this sentence, ""лёд"" refers to actual ice that the dog is biting, which is its literal meaning, not a slang usage.",3,2025-12-07,https://vk.com/wall-47727216_762150,-47727216,762150
лёд,"Nexia 2012 года 
3 собственника 
1.6 16 Кл тяга прекрасная не дымит 
Коробка без хрустов и вылетов 
Ходовая плотная 
Зимняя резина на литье 
По кузову крепкая 
Дно пороги целые 
Низа дверей целые 
Гидроусилитель руля 
4 стеклоподъемника 
Лед лампы 
По цене жигулей 127000
Торг на бензин 
Осмотр Ижевск 
89120558870",ice,cool/stylish,LITERAL,HIGH,"In this sentence, ""лед лампы"" refers to ""ice lamps,"" which is a literal description of the type of lamps used, not a slang term for something cool or stylish.",0,2025-12-07,https://vk.com/wall-131545875_80484,-131545875,80484
лёд,"Всем доброго дня! Не могу выложить видео в Калиновский чат. Может здесь увидят люди. Лебедь вместе с уткой 2 месяца тусил возле нашего дома. Мы их назвали Юнона и Авось. Потом к ним присоединились ещё три селезня Билли, Вилли, Дилли. 
Уже когда лёд начал вставать в конце ноября - самом начале декабря, каким-то чудесным образом озеро не замерзало вокруг островка. Видео снято 2 и 3 декабря. Очень хочется верить, что смог долететь хотя бы до ближайшего незамерзающего водоёма. Будем ждать весну!",ice,cool/stylish,LITERAL,HIGH,"In this sentence, ""лёд"" refers to ice in a literal sense, describing the physical state of water as it freezes, rather than using it as slang for something cool or stylish.",1,2025-12-07,https://vk.com/wall-115913240_9451,-115913240,9451
лёд,"Гоняю мелочевку и очень жду первый лед и солнышко 🌞

А вы ждете лёд? ❄",ice,cool/stylish,LITERAL,HIGH,"In this sentence, ""лёд"" refers to ice in the context of waiting for the first ice to form, which is a literal meaning related to seasonal changes.",3,2025-12-07,https://vk.com/wall-78036274_92478,-78036274,92478
лёд,"Последние выходные со спиннингом в руках, посёлок ППК. Сегодня точно закрытие! Клёв так себе, ни шатко, ни валко... Активности вообще не заметил... Может не там ловил 🤔 Ну да ладно, в целом сезон неплохой был, теперь готовимся к первому выходу на лёд 🤗Всем добра! 👍
[club224151119|Рыбалка с KIMOTO]
https://t.me/kimotofish",ice,cool/stylish,LITERAL,HIGH,"In this context, ""лёд"" refers to ice as a physical substance for ice fishing, which is its literal meaning.",1,2025-12-07,https://vk.com/wall630182464_1189,630182464,1189
лёд,Избегайте падений. Сейчас скользко. Под снегом местами лёд. ❄️ Доброй ночи.🌛,ice,cool/stylish,LITERAL,HIGH,"In this sentence, ""лёд"" refers to actual ice that is present under the snow, which is its literal meaning.",0,2025-12-07,https://vk.com/wall155837209_6716,155837209,6716
лёд,"Невероятная атмосфера детских соревнований 🎆🎆🎆🎆🎇🎇🎇🎇️

Возрастные группы 9-11 лет и 12-13 лет открыли российский соревновательный сезон Всероссийскими соревнованиями ""Юный конькобежец"" в г.Москва. 
На лёд стадиона ""Крылатское"" вышли более 450 спортсменов из 17 регионов РФ.",ice,cool/stylish,LITERAL,HIGH,"In this sentence, ""лёд"" refers to the actual ice surface on which the athletes compete, making it a literal usage.",1,2025-12-07,https://vk.com/wall-193800072_650,-193800072,650
лёд,"Ездили сегодня по озёрам Башкирии ...смотрели, встал ли лёд..

Автор Калинина Алена",ice,cool/stylish,LITERAL,HIGH,"In this sentence, ""лёд"" refers to the physical ice on the lakes in Bashkiria, indicating a literal meaning rather than a slang usage.",1,2025-12-07,https://vk.com/wall-17756569_100931,-17756569,100931
лёд,"В Челябинской области произошло трагическое происшествие на воде. 49-летний мужчина и его 13-летний сын, отправившиеся на рыбалку, провалились под лёд и утонули. После того как они перестали выходить на связь, на место выехал друг семьи, обнаруживший на берегу пустой автомобиль. В ходе поисково-спасательной операции тела обоих были обнаружены в тот же день в полынье на расстоянии около ста метров от берега на глубине двух метров. 
 
[club219925943|🇵 🇮 🇸 🇪 🇨 😱 ]",ice,cool/stylish,LITERAL,HIGH,"In this sentence, ""лёд"" refers to the physical ice on which the tragic incident occurred, making it a literal usage rather than slang.",2,2025-12-07,https://vk.com/wall-219925943_312154,-219925943,312154
лёд,"2002 года выпуска, карбюратор работает отлично, двигатель работает на 5 масло не кушает, коробка раздатка все включается без проблем и хруста. Дно пороги на месте. Машина не новая есть куда приложить руки. Установлены лед фары. Салон не прокурен.
Во владение 10 лет, резина свежая куплена год назад.передние тормоза от ваз 2108.
В подарок заводские фары.
Торг у капота.",ice,cool/stylish,LITERAL,HIGH,"In this sentence, ""лед"" refers to ""лед фары"" (ice lights), which indicates a type of lighting (LED lights) and is used in its literal sense rather than as slang for something cool or stylish.",0,2025-12-07,https://vk.com/wall-117487293_320547,-117487293,320547
лёд,"28.11.25 Волочаевское озеро, Выборгский район. 

Открыли сезон зимней рыбалки и к вечеру закрыли. Лёд на любителя, тает на глазах.

#малыеозёра #щука #рыбалка
источник",ice,cool/stylish,LITERAL,HIGH,"In this sentence, ""лёд"" refers to the physical ice on the lake, which is a literal usage, as it describes the conditions for winter fishing.",2,2025-12-07,https://vk.com/wall-156915515_146793,-156915515,146793
лёд,"Собственник🖐 
Продам: Mercedes-Benz CLA 200 
Год выпуска: 2018 
Пробег: 136000км 
Коробка: автомат 
Двигатель: 1.6 турбо 
Два комплекта резины (на дисках р17 зима-лето), ставил новую акустическую систему, подогрев сидений, датчик света, дождя фары лёд, парктроник, видеорегистратор, датчик приближения. 
Город: Донецк (ДНР) 
Цена: 1.970.000 
Больше подробностей по номеру: +79493012647",ice,cool/stylish,LITERAL,HIGH,"In this context, ""лёд"" refers to the type of headlights (LED lights) used in the car, which is a literal description of the car's features rather than a slang term.",0,2025-12-07,https://vk.com/wall-181053164_108927,-181053164,108927
лёд,"Продам 2114 2006 год 
Мотор коробка ходовая в идеале,дно пороги целое,
Стоят литые диски R14
Салон ухоженный кожаные чехлы Эва коврики,лед лампы,стеклоподъемники,документы чистые !
Цена 135 тысяч 
89192723768",ice,cool/stylish,LITERAL,HIGH,"In this sentence, ""лед"" refers to ""лед лампы"" (ice lamps), which indicates a type of lighting and is used in its literal sense, not as slang for cool or stylish.",0,2025-12-07,https://vk.com/wall-173148268_133835,-173148268,133835
лёд,"⛸ Казанская фигуристка Эвелина Валиева вернулась на лёд после тяжелой травмы благодаря врачам ДРКБ. 
 
Летом 2019 года на тренировке лезвие конька другого фигуриста почти полностью перерезало сосуды на бедре девочки. Хирургу Дмитрию Осипову удалось не только спасти жизнь фигуристки, но и ее спортивную карьеру. 
 
Спустя шесть лет Эвелина выступила на «Гран-при» России и посвятила свой успех врачу.",ice,cool/stylish,LITERAL,HIGH,"In this sentence, ""лёд"" refers to the physical ice surface on which figure skating takes place, which is its literal meaning.",0,2025-12-07,https://vk.com/wall-123003059_26358,-123003059,26358
лёд,"И под Ярославлем сейчас
❄❄❄
))) 
.......
""...ПЕРВЫЙ СНЕГ

  Здравствуйте, легкие звезды пушистого первого снега!
Быстро на темной земле таете вы чередой.
Но проворно летят за вами другие снежинки,
Словно пчелы весной, воздух недвижен пестря.
Скоро наступит зима; под тонким и звучным железом
Резвых саней завизжит холодом стиснутый лед…

И. С. Тургенев... """,ice,cool/stylish,LITERAL,HIGH,"In this context, ""лёд"" refers to ice in a literal sense, as it describes the physical state of frozen water related to winter and snow.",1,2025-12-07,https://vk.com/wall163981637_50549,163981637,50549
лёд,"продам альфу wels состояние хорошее поставлен новый двигатель 110 кубов купленный в 25год новый пластик,карбюратор,лед фара,задния резина,спидометр стоп сигнал,спорт камутатор электрика все работает установлены фсо для доп света стоят дуги.поменял колодки и задние амортизаторы и поворотники только продажа документов нет писать в лс 
Либо звоните по 89009462681",ice,cool/stylish,LITERAL,HIGH,"In this sentence, ""лед фара"" refers to a type of headlight that is made with a clear, ice-like material, thus using ""лёд"" in its literal sense related to the physical state of ice.",0,2025-12-07,https://vk.com/wall-80507380_98976,-80507380,98976
лёд,"Очень важное объявление!!!!
Дорогие друзья, жители нашего города и гости! 
На открытом катке «Северная Сказка» идёт заливка катка, кататься пока ещё НЕЛЬЗЯ!!!
Немного терпения. Надо всем потерпеть, чтобы лёд подготовили хорошего качества. Спасибо за понимание 🤗
Всех ждем на торжественное открытие 14 декабря в 17.00⛸️

Полярные Зори",ice,cool/stylish,LITERAL,HIGH,"In this sentence, ""лёд"" refers to the physical ice being prepared for skating, which is its literal meaning.",1,2025-12-07,https://vk.com/wall-192617740_62081,-192617740,62081
лёд,"Зима пока только на катке)) Лед отличный)) Ну и как уже заведено по многолетней привычке в выходные, мы с семьей  катаемся.",ice,cool/stylish,LITERAL,HIGH,"In this sentence, ""лёд"" refers to actual ice on a skating rink, which is its literal meaning, rather than a slang term for something being cool or stylish.",0,2025-12-07,https://vk.com/wall2659377_1918,2659377,1918
лёд,"Расписание тренировок на сезон: 2025-2026
 *Понедельник* 
Лёд 8:00 - 9:00 (2 смена,+ 1смена)

Лёд 18:00 - 19:00 (первая смена + 2 смена кто может)
Земля 19:15 - 20 :00

 *Вторник* 
Выходной 

 *Среда*
Лёд 8:00 - 9:00 (2смена,+1 смена кто может) 

Лёд 17:30 - 18:30 
Земля 18:45-19:45

 *Четверг*
Лёд 18:00 - 19:00 
Земля 19:15 - 20 :00 

 *Пятница*
Выходной 

 *Суббота*

Лёд 11:30 - 12:30 
Земля 12:45-13:45

*Воскресенье*
выходной",ice,cool/stylish,LITERAL,HIGH,"In this sentence, ""лёд"" refers to ice used for skating or training, which is its literal meaning, rather than a slang term for something cool or stylish.",1,2025-12-07,https://vk.com/wall-234478069_2,-234478069,2
лёд,"Продам юпитер 3 ,на ходу ,новая поршневая ,не звенит ! 
Стоит БСЗ ,лед фары нету. 
По всем вопросам Лс 
Цена 15.000 торг
Заводится с пол пинка !
Обмен на ваши предложения
Интересует обмен на Минск ,и другие предложения !",ice,cool/stylish,LITERAL,HIGH,"In this context, ""лед"" refers to the absence of ice in the headlights, which is a literal meaning rather than a slang usage.",0,2025-12-07,https://vk.com/wall-219028139_13970,-219028139,13970
лёд,"07.12.2025 г. Лобовое стекло покрылся льдом, включили обдув печки ветрового стекла, расчистили внешний лёд скребком и дальше ""дорога, дорога, ты знаешь так много, равнины, леса и погосты, Святая великая даль""...",ice,cool/stylish,LITERAL,HIGH,"In this sentence, ""лёд"" refers to ice that has formed on the windshield, which is its literal meaning and not used as slang.",0,2025-12-07,https://vk.com/wall327163172_4194,327163172,4194
лёд,"""Заполнен зрительный зал -
Пусть музыка растопит в сердце лёд"". 
Сегодня мы провели замечательный вечер в Театре Эстрады, слушая любимые песни в прекрасном исполнении и в сопровождении симфонического оркестра. Какое же это удовольствие - слушать живую музыку! Сергей Мазаев щедро одарил  публику в свой День рождения! Спасибо, [id331040389|Ольга Матвеева] , за приглашение ! А на улицах Москвы ярко ощущается приближение праздника)",ice,cool/stylish,LITERAL,HIGH,"In this context, ""лёд"" refers to the emotional state of being cold or distant, which is a metaphorical use rather than the literal meaning of ice, but it is not used in a slang context.",2,2025-12-07,https://vk.com/wall81823035_3768,81823035,3768
лёд,"Лада Приора 2010 года выпуска.В красивом цвете.Новая зимняя резина, новая лед оптика, родную так же отдам. Машина в очень хорошем состоянии, ни гнили ни рыжиков ни намёка на это. Всё переварено и отработано.Вид потрясающий. Мотор после кап ремонта работает тихо ничего не звенит, в мотор вложили около 70 тысяч. Новый радиатор и вся система охлаждения. Цена за машину 325 тысяч рублей. Торг. Находится в городе Сим. Вопросы в л.с. или по телефону 89823572467",ice,cool/stylish,LITERAL,HIGH,"In this context, ""лед оптика"" refers to ""ice optics,"" which indicates a type of lighting that resembles ice, thus using ""лёд"" in its literal sense related to ice rather than as slang for something cool or stylish.",0,2025-12-07,https://vk.com/wall-107996910_189028,-107996910,189028
лёд,"2002 года выпуска, карбюратор работает отлично, двигатель работает на 5 масло не кушает, коробка раздатка все включается без проблем и хруста. Дно пороги на месте. Машина не новая есть куда приложить руки. Установлены лед фары. Салон не прокурен.
Во владение 10 лет, резина свежая куплена год назад.передние тормоза от ваз 2108.
В подарок заводские фары.
150т
Торг у капота.",ice,cool/stylish,LITERAL,HIGH,"In this sentence, ""лед"" refers to ""лед фары,"" which means ""ice lights,"" indicating a type of headlights that use LED technology, thus using the word in its literal sense related to the physical object rather than as slang.",0,2025-12-07,https://vk.com/wall-41825486_116758,-41825486,116758
лёд,"Снег, лёд и морозная тишина вокруг — и на этом фоне сидят наши котики. Спокойные, задумчивые, немного загадочные, словно маленькие хранители зимнего озера. Миниатюрные мемные пушистики, которые делают холодную зиму уютной.

#мемныекоты #зима #миниатюра #фигуркакота #ручнаяработа #зимнийкот #мемныйкот",ice,cool/stylish,LITERAL,HIGH,"In this sentence, ""лёд"" refers to ice in a literal sense, describing the winter environment rather than using it as slang for something cool or stylish.",0,2025-12-07,https://vk.com/wall-227301633_238,-227301633,238
лёд,"В целях предупреждения несчастных случаев гсударственным инспектором Гатчинского отделения ГИМС проведены профилактические обходы прибрежной территории р. Оредеж.

Для своей безопасности соблюдайте рекомендации МЧС России:

️- запрещено выходить на тонкий, неокрепший лёд;
️- не оставляйте детей без присмотра вблизи водоемов;
-️ не проверяйте лёд на прочность ударом ноги.
️",ice,cool/stylish,LITERAL,HIGH,"In this sentence, ""лёд"" refers to ice in a literal sense, as it discusses safety precautions regarding thin and unstable ice on a river.",0,2025-12-07,https://vk.com/wall771176290_655,771176290,655
лёд,"В Свердловской области местные жители заметили по-настоящему необычное природное явление — так называемый «блинчатый лёд».

Оно образуется, когда кусочки льда начинают сталкиваться друг с другом из-за сильных порывов ветра и сильных волн.

Завораживающее зрелище.",ice,cool/stylish,LITERAL,HIGH,"In this sentence, ""лёд"" refers to the physical substance of ice, describing a natural phenomenon, which is its literal meaning.",21,2025-12-07,https://vk.com/wall-56647921_1333793,-56647921,1333793
лёд,"✅ ✅✅✅✅✅✅✅

𝐆𝐄𝐄𝐊 𝐁𝐀𝐑 25000 ЗАТЯЖЕК 

ЦЕНА 550 РУБ 

ОРИГИНАЛ 100%

ЗАРЯЖАЕТСЯ TYPE CE 

МЕСТО Ст4-86/1.      Ст6-37
16 ВКУСЫ НАЛИЧИИ

виноград кислое яблоко 

черника лед 

тройная дыня лед 

виноград малина лед 

кислое яблоко лед 

сочный персик лед 

кислый виноград лед 

манго персик арбуз 

грейпфрут лимон 

арбуз лед 

клубника банан 

вишня лайм 

малина гранат 

клубничная жвачка 

ягодный микс лед",ice,cool/stylish,LITERAL,HIGH,"In this context, ""лёд"" refers to the flavor profile of the products (e.g., ""черника лед"" means ""blueberry ice""), indicating a literal meaning related to the taste or cooling effect rather than slang for something cool or stylish.",1,2025-12-07,https://vk.com/wall564983355_4582,564983355,4582
лёд,"❄️🌲 ☕Морозный вечер лишь подчеркивает тепло встреч с самой дорогой подружкой [id201978781|Лена Ступина] . Такие моменты согревают душу и напоминают, что главное — это не погода за окном, а чашка согревающего чая, смех, который не стихает часами, и разговоры по душам — от которых тает любой лёд.

Спасибо тебе, моя дорогая, что ты есть. За то, что наши встречи превращают самый морозный вечер в воспоминание, которое будет греть меня до следующей.
Ты— моё самое тёплое место в любую погоду. 💖",ice,cool/stylish,LITERAL,HIGH,"In this sentence, ""лёд"" refers to actual ice in the context of emotional warmth overcoming coldness, indicating a literal meaning rather than a slang usage.",3,2025-12-07,https://vk.com/wall143592650_4245,143592650,4245
лёд,"[id630182464|Владимир Вершинин#23]
Последние выходные со спиннингом в руках, посёлок ППК. Сегодня точно закрытие! Клёв так себе, ни шатко, ни валко... Активности вообще не заметил... Может не там ловил 🤔 Ну да ладно, в целом сезон неплохой был, теперь готовимся к первому выходу на лёд 🤗Всем добра! 👍",ice,cool/stylish,LITERAL,HIGH,"In this sentence, ""лёд"" refers to ice in the context of preparing for ice fishing, which is its literal meaning.",5,2025-12-07,https://vk.com/wall-210524912_25149,-210524912,25149
лёд,"‼️Расписание занятий на неделю 08.12 - 14.12‼️

Понедельник
18:00 - лёд (малая арена)
19:15 - кросс (балконы)

Среда
19:00 - ОФП (2 этаж ""Олимп"")

Суббота 
15:45 - лёд (малая арена)
17:00 - ОФП

Воскресенье
11:15 - хореография (49 зал 3 этаж)
*возможны дополнения в расписании.",ice,cool/stylish,LITERAL,HIGH,"In this context, ""лёд"" refers to the ice surface used for skating or hockey, which is its literal meaning, rather than a slang term for something cool or stylish.",7,2025-12-07,https://vk.com/wall-222303974_1171,-222303974,1171
лёд,В Баку тоже готовятся к Новому году. И есть лед - (ненастоящий) на берегу моря (настоящего). Как-то так),ice,cool/stylish,LITERAL,HIGH,"In this sentence, ""лёд"" refers to actual ice on the shore of the sea, which is its literal meaning, not a slang usage.",0,2025-12-07,https://vk.com/wall1071486559_7,1071486559,7
лёд,"🫐🍉‼Rum Bar 10000‼ 🥝🍓- 10000 затяжек 
 
✅Цена: 199 р.💸

Чёрносмородиновый сок 
Клубника-холодок 
Клубника-киви 
Манго-персик
-абрикос Мята 
Клубника-манго 
Тройной ягодный лёд 
Клубника-арбуз 
Сок клубники и персика 
Арбуз-холодок 
Черника Сироп 
розы  лимонад",ice,cool/stylish,LITERAL,HIGH,"In this context, ""лёд"" refers to a specific type of frozen product (berry ice) rather than being used as slang for something cool or stylish.",1,2025-12-07,https://vk.com/wall564983355_4581,564983355,4581
лёд,"#МойПервыйЛёд #АртельРФК 

первый раз, когда я пошла на каток, мне очень сильно запомнился. я влюбилась в лёд, в катание, в ту атмосферу))
Но кататься я так и не научилась)) но влюбило меня это сильно))",ice,cool/stylish,LITERAL,HIGH,"In this sentence, ""лёд"" refers to the physical substance of ice used for skating, which is its literal meaning, rather than a slang term for something cool or stylish.",0,2025-12-07,https://vk.com/wall867640162_37,867640162,37
лёд,"Снег❄,️ лёд🧊, зимний фестиваль ✨️""Дивий град"", подготовка к Новому🎄 2026 🎉году, парк ""Семейный""☃️",ice,cool/stylish,LITERAL,HIGH,"In this sentence, ""лёд"" refers to ice in a literal sense, as it is mentioned in the context of winter and a festival, indicating the physical presence of ice rather than using it as slang.",1,2025-12-07,https://vk.com/wall36640379_733,36640379,733
лёд,"Настоящий мужчина не боится холода — он покоряет его. Лед, удочка и трофей в руках — это победа над стихией. Сила в терпении.",ice,cool/stylish,LITERAL,HIGH,"In this sentence, ""лёд"" refers to ice in a literal sense, as it is part of the context involving fishing and conquering the elements.",0,2025-12-07,https://vk.com/wall-221838035_41541,-221838035,41541
лёд,"Добрый вечер друзья.
Как говорится ""лед тронулся"".
Вырезал прототип палубы. Пока без разметки и окрашивания поверхности. Было долго. Но по другому у меня не получается.
Спасибо всем друзьям, которые наблюдают за процессом.
Такие дела...
Продолжаем ""строить"".",ice,cool/stylish,LITERAL,HIGH,"In this sentence, ""лед"" refers to the literal meaning of ice, as it is part of the phrase ""лед тронулся,"" which indicates that a situation has started to change or progress, rather than using ""лед"" in a slang context.",1,2025-12-07,https://vk.com/wall19200836_1924,19200836,1924
лёд,"ЧП произошло на переправе в Тобольске

Лед не выдержал… О состоянии водителя информации нет. Детали уточняются 

📸 Типичный Тобольск",ice,cool/stylish,LITERAL,HIGH,"In this sentence, ""лёд"" refers to the physical ice on the crossing, which is its literal meaning, rather than a slang term for something cool or stylish.",0,2025-12-07,https://vk.com/wall-33085660_326523,-33085660,326523
лёд,"И пусть даже пророчат ненастье -
Обжигающих сердце огней?
Мы легко пролистаем напасти -
Жар и холод... календарей...

Жар и холод... Лёд и пожары...
И что же - останется нам?..
Когда плещутся в небе Стожары,
Убегающим вдаль по волна'м...

Убегающим - в небе тающим?
Но с туманами там не пропасть!
И всё так же под вечер взлетающим,
Что бы далью нам в сердце упасть...

Что бы в сердце... упасть?

 Раствориться?
Убегающей тлена слезой
И весною опять возродиться -
Улетающей в небо
 Звездой...",ice,cool/stylish,LITERAL,HIGH,"In this context, ""лёд"" refers to ice in a literal sense, as it is used in conjunction with ""жар"" (heat) and describes contrasting elements, rather than as slang for something cool or stylish.",0,2025-12-07,https://vk.com/wall633263403_75180,633263403,75180
лёд,"Русский лед 2025
Фото с турнира https://vk.com/album237633075_309417329",ice,cool/stylish,LITERAL,HIGH,"In this context, ""лёд"" refers to ice as a physical substance related to a tournament, rather than using it as slang for something cool or stylish.",0,2025-12-07,https://vk.com/wall237633075_281,237633075,281
лёд,144.капуста рожь основа черника синий красный кефир мука сосуды творог песочное сыр йогурт шоколад черничный сено кварц глина за воду ветер малину рога ресурсы.чемоданы за малину воду по 20.есть мар- морковь и морк.палочки за малину воду .продаю малину за воду по 30. капусту рожь основы за шоколад .куплю лёд селитру медь .куплю суперы за рога малину воду.,ice,cool/stylish,LITERAL,HIGH,"In this sentence, ""лёд"" refers to ice in a literal sense, as it is mentioned in the context of buying and selling items, which suggests a physical substance rather than a slang term.",0,2025-12-07,https://vk.com/wall860313950_2239,860313950,2239
лёд,"Волга готовится ко сну — течёт медленнее, вода становится темнее и прозрачнее. Ушли последние лодки, даже чайки собрались в стаи и куда-то умчались.

И не хочется говорить. Хочется слушать, как холод укладывает реку спать. Как шуршат тростники, уже припорошенные инеем. Как шепчутся волны о чём-то важном.

Скоро лёд. Скоро снег. Скоро другая красота.
А пока— последние мгновения дыхания непокрытой великой реки.",ice,cool/stylish,LITERAL,HIGH,"In this sentence, ""лёд"" refers to ice in its literal sense, indicating the natural state of the river as it prepares for winter.",3,2025-12-07,https://vk.com/wall-219124319_1175,-219124319,1175
лёд,"CLOUD DIMOK STRONG 22000 

⚡️370р⚡️🔞

❤️‍🔥❤️‍🔥❤️‍🔥👇🏻👇🏻

➖Виноградный сок
➖Клубника лёд
➖Персик маракуйя гуава
➖Микс ягоды
➖Двойное яблоко
➖Голубые ягоды лимон
➖Личи лёд
➖Вишня арбуз
➖Черника лёд
➖Апельсин лимон
➖Ежевика
➖Персик лёд
➖Манго лёд
➖Арбуз
➖Мята

От-20шт -360р
От-50шт -340р
От-100шт -310р

🏪ТК Садовод Корпус Б, 1 этаж, линия 2,место 07а

(Корпус Б 1-2-07а)",ice,cool/stylish,LITERAL,HIGH,"In this context, ""лёд"" refers to the flavor or type of product (ice) used in beverages, which is its literal meaning, not a slang term.",0,2025-12-07,https://vk.com/wall-229066819_856,-229066819,856
лёд,"Сегодня на льду наша команда встретилась с  Магнитогорским Металлургом. Сильный соперник, жесткая игра.
Главный результат — это характер, который показали наши парни! Они сражались до последней секунды, не опустили головы и дали бой. Каждая смена, каждый брошенный на лед — это проявление настоящей команды.

#Нягань #ДетскийХоккей #Хоккей #МеталлургМагнитогорск #Игра #ХоккейнаяСемья #БорьбаДоКонца #Гордимся #ВместеМыСила",ice,cool/stylish,LITERAL,HIGH,"In this sentence, ""лёд"" refers to the ice surface on which the hockey game is played, which is its literal meaning.",3,2025-12-07,https://vk.com/wall-227679835_3516,-227679835,3516
лёд,"Волшебные выходные на базе отдыха ""Сосновка"". На улице 7 декабря, а на реке утки плавают и никакого намёка на лёд. Но мы предпочли всё таки бассейн, потеплее будет.",ice,cool/stylish,LITERAL,HIGH,"In this sentence, ""лёд"" refers to ice in a literal sense, as it describes the absence of ice on the river in December.",0,2025-12-07,https://vk.com/wall64603268_2098,64603268,2098
лёд,"Всем привет! Наступившая календарная зима морозами как то до сих пор и не радует, хотя поколоть лёд неделю назад на одном озерце всё же довелось... ) Сегодня уже в четвёртый раз пытался закрыть летний сезон на одном озёре кп, но судя по прогнозам это скорее всего даже не конец... ☺ Рыба на месте, но выходы на кормёжку у неё сейчас совсем редкие, или вообще никакие. Несколько поклёвок за световой день сейчас просто за счастье... ) Всем НХНЧ!",ice,cool/stylish,LITERAL,HIGH,"In this sentence, ""лёд"" refers to ice in a literal sense, as it describes the physical state of frozen water on a lake.",9,2025-12-07,https://vk.com/wall251951505_2323,251951505,2323
лёд,"«Могла грызть только лед»

Анастасия гордится тем, что смогла выносить и родить ребенка, несмотря на сильнейший токсикоз. Врачи настолько опасались за ее здоровье, что предлагали прервать беременность, но девушка не согласилась лишать малыша шанса на жизнь. 
 
Смотрите новые выпуски «Давай поженимся!» по будням в 15:15 в эфире Первого и на сайте 1tv.ru/live",ice,cool/stylish,LITERAL,HIGH,"In this sentence, ""лёд"" refers to ice in a literal sense, as it describes a physical substance rather than being used as slang.",22,2025-12-04,https://vk.com/wall-25380626_3540241,-25380626,3540241
лёд,"Время подойдет, так и лед пойдет — когда для чего-то наступит время, это случится",ice,cool/stylish,LITERAL,HIGH,"In this sentence, ""лёд"" refers to ice in a literal sense, indicating that when the time is right, the ice will start to move or melt, rather than being used as slang for something cool or stylish.",0,2025-12-07,https://vk.com/wall764897736_93,764897736,93
лёд,"Командой АКМ 2018 участвовали в открытии Губернского катка, было интересно, весело, энергично. Много людей смотрит на тебя, свет со всех сторон, открытый лед (даже маму не увидел, хотя она была у борта). Посчастливилось даже поиграть с игроками МХЛ АКМ 🥁🥁🥁",ice,cool/stylish,LITERAL,HIGH,"In this sentence, ""лёд"" refers to the physical ice surface of the skating rink, which is its literal meaning, rather than a slang term for something cool or stylish.",0,2025-12-07,https://vk.com/wall891009788_79,891009788,79
лёд,"Здравствуйте!
На связи команда катка.❤️
К сожалению из-за аномальной теплой погоды, мы тяжело поднимали лед 24 на 7, в 3 смены и не успели повесить огонёчки и разукрасить борта, просим вас не ругать за это 🙏
На след. неделе мы исправимся.

Спасибо за понимание 🤝. Скажите пожалуйста всей команде спасибо, они молодцы.
P.S. многим чисто физически не можем отвечать в личных сообщениях, простите нас. 🙏 https://t.me/delfin_news/3648",ice,cool/stylish,LITERAL,HIGH,"In this sentence, ""лёд"" refers to the physical ice used for skating, which is its literal meaning, rather than a slang term for something cool or stylish.",0,2025-12-07,https://vk.com/wall-222242097_2008,-222242097,2008
лёд,"Москва — незнакомая и таинственная,
С башнями из червонного золота
И холодная как лёд.",ice,cool/stylish,LITERAL,HIGH,"In this sentence, ""лёд"" refers to ice in a literal sense, describing the coldness of Moscow, rather than using it as slang for something cool or stylish.",0,2025-12-07,https://vk.com/wall279696304_1386,279696304,1386
лёд,Продам. Hyundai accent 2008год вложений не требует.ходовая перебрана.новое сцепление .кондиционер свеже заправлен.вся система промывалась.два комплекта резины на штампах.фильтра и масло заменил.хороший свет.лед туманки.сигнализация. Фаркоп.оформление без проблем.цена 430т.р.осмотр город Свердловск.тел +79595022026,ice,cool/stylish,LITERAL,HIGH,"In this sentence, ""лед"" refers to ""LED fog lights,"" which is a literal description of the type of lights used in the vehicle, not a slang term for something cool or stylish.",0,2025-12-07,https://vk.com/wall-204130903_154882,-204130903,154882
лёд,"Rinok.su - Больше объявлений у нас на сайте 🔥

Продам не дорого новые Леды. На авто не стояли пишите звоните 77430026",ice,cool/stylish,LITERAL,HIGH,"In this sentence, ""Леды"" refers to new tires (specifically winter tires), which is a literal usage related to automotive context, not a slang term for something cool or stylish.",0,2025-12-07,https://vk.com/wall-53555355_77429,-53555355,77429
лёд,"Погода не лётная, но всё же выползли из стен квартирных. Наконец-то кое-кто выздоровел. Полина за неделю первый раз вышла на прогулку и сразу на лёд) Посмотрев отрывок видео понятен мой уровень катания😆 я даже не помню когда в последний раз стояла на коньках. Те кто говорит, что ролики и коньки одно и тоже, не верьте, врут🤫😄 хотя Полина меня похвалила, что за час катания я ни разу не упала
🌧️Декабрь Дожди,
🌨️Снега Не Жди,
⛸️Обувай Коньки
🌬️И пари, пари",ice,cool/stylish,LITERAL,HIGH,"In this sentence, ""лёд"" refers to the physical ice surface that Polina is skating on, which is its literal meaning.",0,2025-12-07,https://vk.com/wall73267291_3051,73267291,3051
золото,"после того как сделала то , что сказал Отец Небесный ,  чтоб солнце сделать ярче во всём мире 

они у тебя  самые  дорогие были эти локоны  во всём мире , бесценные на вес золота  правильнее говорить  сказал он

......
......
Отец: после того как я отрезала локоны, и писала пост:
Поздравляю, теперь ты открыла действительно дорогого союзника  (в этом то твоя и проблема была)",gold,something precious/amazing,LITERAL,HIGH,"In this sentence, ""золото"" refers to the literal metal gold, as it is used in the context of describing the value of the hair (""локоны"") in a tangible way, rather than as a slang expression.",0,2025-12-08,https://vk.com/wall-224904687_782,-224904687,782
золото,"Вообщем расклад такой таро 
У Высшей Силы
Пока тут стоят мечети и церкви
Не какие сатанисты на эту землю.
Не явяться
А там нефть , газ ,  руда , никель
Ну Бог может послать мысли и о золоте и алмазах
И там ваши мысли ,
А изначально оно так
Богом хранимая земля 🌎",gold,something precious/amazing,LITERAL,HIGH,"In this sentence, ""золото"" refers to the literal metal gold, as it is mentioned in the context of potential resources in the land, rather than as a slang term for something precious or amazing.",0,2025-12-08,https://vk.com/wall809112639_2179,809112639,2179
золото,"Кардиган, кашемир
Размеры ЕДИНЫЙ (42-48)
Самые стильные кардиганы сезона уже у нас! Хит, который мы ждали! Идеальный, комфортный, стильный! Золотые пуговички добавят изюминку образу! 
Трендовая палитра оттенков
Ткань вязка в качестве LuX Длина-50 см
Цена штучно: 1200руб
Цена оптом: 1200руб (упак. 6шт=7200руб)",gold,something precious/amazing,LITERAL,HIGH,"In the sentence, ""золотые пуговички"" refers to buttons made of gold, which is a literal use of the word ""золото"" as it describes the material of the buttons.",0,2025-12-08,https://vk.com/wall743826836_45240,743826836,45240
золото,"Древняя

Холст на подрамнике 20х25, акрил, золотая поталь, лак",gold,something precious/amazing,LITERAL,HIGH,"In the sentence, ""золотая поталь"" refers to a literal application of gold leaf, which is a material used in art, rather than a slang expression.",0,2025-12-08,https://vk.com/wall-145136928_2994,-145136928,2994
золото,"Машка в добрые руки
Добродушная, жизнерадостная, ласковая, игривая девочка. Стерилизована, привита. С другими собаками дружит, любит людей. Золотой характер.
Возраст 3 года, ростом по колено.",gold,something precious/amazing,LITERAL,HIGH,"In this sentence, ""золотой характер"" refers to the dog's character being precious or wonderful, but it is used in a figurative sense to describe her personality positively, not in the literal sense of the metal gold.",0,2025-12-08,https://vk.com/wall-693308_149442,-693308,149442
золото,"""Снаружи, за пыльной живой изгородью, тащился мимо вдребезги разбитый мир, - здесь же, в тени деревьев, уцелел трепетный клочок мирной жизни, с жужжанием пчёл и золотым светом позднего лета. Мне казалось, я мог напиться им про запас, как верблюд водой для перехода через пустыню. Закрыл глаза, чувствовал и пил свет."" Эрих Мария Ремарк, ""Ночь в Лиссабоне"".",gold,something precious/amazing,LITERAL,HIGH,"In this sentence, ""золотым светом"" refers to the literal golden light of late summer, not using ""золото"" in a slang context.",0,2025-12-08,https://vk.com/wall751161505_2632,751161505,2632
золото,"Только для сравнения 😎

В 2012 году Энтони Джошуа выиграл олимпийское золото по боксу, а вот Джейк Пол победил в школьном турнире по борьбе…

Он был лучшим из всех шести борцов, которые пришли 😂",gold,something precious/amazing,LITERAL,HIGH,"In this sentence, ""золото"" refers to the literal gold medal won by Anthony Joshua at the Olympics, not as a slang term for something precious or amazing.",0,2025-12-08,https://vk.com/wall-68314737_229929,-68314737,229929
золото,"Чтo видите нa этoй cтеpеoкapтинке вы? ☺
Πишите oтвет в кoмментapии! 👇🏻
|,
|
Золотая жила",gold,something precious/amazing,LITERAL,HIGH,"In this context, ""Золотая жила"" refers to a literal vein of gold, indicating a source of precious metal, rather than using ""золото"" in a slang sense.",0,2025-12-08,https://vk.com/wall-221451819_8314,-221451819,8314
золото,"💥Катушка XS24OB💥Цена-350руб💥

id 150094

💥БЕРЁМ ВСЁ ❗❗❗ 
 
Kупим : Beлoсипеды ,ноутбуки, тeлeфoны, бытовую технику, электро - инструмент, спортивный и туристический инвентарь, также ЗОЛОТО и СЕРЕБРО 💍💍💍 
 
У нас можно приобрести товар по низким ценам💵 
 
trade-in❗ 
 
💥Мы ждем вас по адресу: пгт.Промышленная, ул.Крупской 4Б тел.8-900-059-13-80💥",gold,something precious/amazing,LITERAL,HIGH,"In this sentence, ""золото"" refers to the actual metal gold, as it is listed among items that are being purchased, indicating a literal meaning rather than a slang usage.",0,2025-12-08,https://vk.com/wall671689883_13378,671689883,13378
золото,"#АЛЕКСАНДР_ШЛОМАН
Золотой голос Белоруссии, солист Витебской Областной филармонии, артист Российского «Театра Игоря Шипкова». ...
Родился : 8 декабря в 1985 году (40 лет) в городе Глубокое Витебской области.",gold,something precious/amazing,LITERAL,HIGH,"In this sentence, ""золотой голос"" refers to a literal description of the singer's voice as being exceptionally beautiful or valuable, but it is a recognized phrase that conveys a literal quality rather than a slang usage.",0,2025-12-08,https://vk.com/wall-99015689_105917,-99015689,105917
золото,"💥Диски на PS4💥Цена-1500руб💥

id 149892

💥БЕРЁМ ВСЁ ❗❗❗ 
 
Kупим : Beлoсипеды ,ноутбуки, тeлeфoны, бытовую технику, электро - инструмент, спортивный и туристический инвентарь, также ЗОЛОТО и СЕРЕБРО 💍💍💍 
 
У нас можно приобрести товар по низким ценам💵 
 
trade-in❗ 
 
💥Мы ждем вас по адресу: пгт.Промышленная, ул.Крупской 4Б тел.8-900-059-13-80💥",gold,something precious/amazing,LITERAL,HIGH,"In this sentence, ""золото"" refers to the actual metal gold, as it is listed among items being purchased, indicating a literal meaning rather than a slang usage.",0,2025-12-08,https://vk.com/wall671689883_13377,671689883,13377
золото,"Паша, Артега, Даша, Никита, Ваня, Тёма, Солбон, Глеб и Федя (сидит с ноутбуком за кулисой)

Шоу «Команды» на Первом 🌀",gold,something precious/amazing,LITERAL,HIGH,"The word ""золото"" in the context of ""добыча золота"" and ""кольцо из золота"" refers to the literal metal gold, not a slang expression.",3,2025-12-08,https://vk.com/wall-70701349_1573,-70701349,1573
золото,"СЕКУНДОЧКУ, ты просто так сказал или решил статуэтку МакФ отдать ??? Она золотая ?",gold,something precious/amazing,LITERAL,HIGH,"In this sentence, ""золотая"" refers to a physical object (the statuette) made of gold, which is its literal meaning.",0,2025-12-08,https://vk.com/wall76961194_10427,76961194,10427
золото,"ВКД. Две вазочки из прошлого века, ""Вербилки"", фарфор, по форме аналогичны вазочкам гостиницы ""Интурист"". На одной небольшой недокрас золота на ободке, в остальном все хорошо. Высота 13 см.
Старт 250 рублей, Ставка от 20 рублей, Финиш 36 часов от последней ставки. Петрозаводск Мурманская/Первомайский.",gold,something precious/amazing,LITERAL,HIGH,"In this sentence, ""золото"" refers to the literal gold color on the rim of the vase, indicating a physical characteristic rather than a slang expression.",0,2025-12-08,https://vk.com/wall-189967224_243668,-189967224,243668
золото,"Стоимость золотого запаса России по итогам ноября превысила рекордные $300 млрд, а его доля в резервах выросла до 42,3% — максимума с зимы 1995 года, следует из данных ЦБ.

ГДЕ НАШ ЗОЛОТОЙ ЗАПАС?",gold,something precious/amazing,LITERAL,HIGH,"In this sentence, ""золото"" refers to the literal gold reserves of Russia, as indicated by the context of financial data and reserves.",2,2025-12-08,https://vk.com/wall712578646_42899,712578646,42899
золото,"💥Удочка телескопическая💥Цена-250руб💥

id 136740

💥БЕРЁМ ВСЁ ❗❗❗ 
 
Kупим : Beлoсипеды ,ноутбуки, тeлeфoны, бытовую технику, электро - инструмент, спортивный и туристический инвентарь, также ЗОЛОТО и СЕРЕБРО 💍💍💍 
 
У нас можно приобрести товар по низким ценам💵 
 
trade-in❗ 
 
💥Мы ждем вас по адресу: пгт.Промышленная, ул.Крупской 4Б тел.8-900-059-13-80💥",gold,something precious/amazing,LITERAL,HIGH,"In this sentence, ""золото"" refers to the actual metal gold, as it is listed among items being purchased, indicating a literal meaning rather than a slang usage.",0,2025-12-08,https://vk.com/wall671689883_13376,671689883,13376
золото,"18 лет и новое платье от тёти Любы😁❤
Made in America 🤩
А от папы золото🌞
Баловень я, кАнешнА😏",gold,something precious/amazing,LITERAL,HIGH,"In this sentence, ""золото"" refers to a literal gold item received from the father, not as a slang term for something precious or amazing.",0,2025-12-08,https://vk.com/wall108003009_9378,108003009,9378
золото,"Цена штучно: 2200руб
Цена оптом: 2000руб (упак. 3шт=6000руб)
Сумка, эко-кожа
#Гермес» #кашельки 
Новая
Коллекция 
Люкс Эко
 Золотой фурнитура
 Коробка пыльник
?Артикул 2591
Размер 23-11см",gold,something precious/amazing,LITERAL,HIGH,"In the context of the sentence, ""золотой фурнитура"" refers to the color or material of the hardware (fittings) being gold, which is a literal description rather than a slang usage.",0,2025-12-08,https://vk.com/wall675909302_89038,675909302,89038
золото,"💥Удочка телескопическая 1-7м💥Цена-250руб💥

id 136740

💥БЕРЁМ ВСЁ ❗❗❗ 
 
Kупим : Beлoсипеды ,ноутбуки, тeлeфoны, бытовую технику, электро - инструмент, спортивный и туристический инвентарь, также ЗОЛОТО и СЕРЕБРО 💍💍💍 
 
У нас можно приобрести товар по низким ценам💵 
 
trade-in❗ 
 
💥Мы ждем вас по адресу: пгт.Промышленная, ул.Крупской 4Б тел.8-900-059-13-80💥",gold,something precious/amazing,LITERAL,HIGH,"In this sentence, ""золото"" refers to the actual metal gold that is being bought, not used in a slang context.",0,2025-12-08,https://vk.com/wall671689883_13375,671689883,13375
золото,"Готова к переезду! В брид или в домашние любимцы!
Домашнее имя Айлин
Британская короткошерстная девочка
в окрасе золотая шиншилла ny12
Родилась 15 мая
Мама BHL ny 11, Папа BRI ay 11
Курск. Москва. Доставка по России и заграницу
T. 89510819937 #zamokimperatora #британскиекошки #британскиекотята #золотаяшиншилла #британскаяшиншилла",gold,something precious/amazing,LITERAL,HIGH,"In the sentence, ""золотая шиншилла"" refers to a specific color of a cat breed, using ""золото"" in its literal sense to describe the color rather than as a slang term for something precious or amazing.",0,2025-12-08,https://vk.com/wall-39662732_11716,-39662732,11716
золото,"Продукция «Газпром нефти» вошла в число победителей конкурса «100 лучших товаров России», а дизель сети АЗС ""Газпромнефть"" получил престижный знак «Золотая сотня».

Почему он?
 стабильное цетановое число
 улучшенное сгорание
 чище форсунки после использования
 уверенный запуск в любой сезон
Всё это — результат модернизации НПЗ и отлаженной системы контроля качества на каждом этапе, от производства до АЗС.

@Avtoiporyadok

https://carride.ru",gold,something precious/amazing,LITERAL,HIGH,"In this context, ""золотая сотня"" refers to a prestigious award or recognition, using ""золото"" in its literal sense as part of the award's name, rather than as slang for something amazing.",0,2025-12-08,https://vk.com/wall-222210499_24190,-222210499,24190
золото,"💥Удочка 2.7м двухсоставная💥Цена-250руб💥

id 136740

💥БЕРЁМ ВСЁ ❗❗❗ 
 
Kупим : Beлoсипеды ,ноутбуки, тeлeфoны, бытовую технику, электро - инструмент, спортивный и туристический инвентарь, также ЗОЛОТО и СЕРЕБРО 💍💍💍 
 
У нас можно приобрести товар по низким ценам💵 
 
trade-in❗ 
 
💥Мы ждем вас по адресу: пгт.Промышленная, ул.Крупской 4Б тел.8-900-059-13-80💥",gold,something precious/amazing,LITERAL,HIGH,"In this sentence, ""золото"" refers to the actual metal gold that is being bought, not used in a slang context.",0,2025-12-08,https://vk.com/wall671689883_13374,671689883,13374
золото,"😞 В ночь с 5 на 6 декабря на Молодежной 83 у меня в машине выбили стекла и украли сумку. В сумке были документы на имя Виктория Руденко. А также деньги и золотые часы. Может, кто найдет документы? Тел. 89934526360",gold,something precious/amazing,LITERAL,HIGH,"In this sentence, ""золотые часы"" refers to literal gold watches, indicating the material they are made of rather than using ""gold"" in a slang context.",2,2025-12-08,https://vk.com/wall-54841713_2100716,-54841713,2100716
золото,"Розовеет слегка, набирается мёда
Золотого, небесная синяя даль
Окна в доме зажглись, дожидаясь восхода",gold,something precious/amazing,LITERAL,HIGH,"In the sentence, ""золото"" refers to ""gold"" in its literal sense, describing the color or quality of the honey being gathered, rather than using it as a slang term for something precious or amazing.",1,2025-12-08,https://vk.com/wall852343364_9673,852343364,9673
золото,"Украшения на ёлку из глины ручной работы 
Материалы - глина (голубая, красная, грунтовка, краски, лак глянцевый акриловый, контур, поталь золотая, магниты)",gold,something precious/amazing,LITERAL,HIGH,"In the sentence, ""поталь золотая"" refers to a material (gold leaf) used in crafting, which is a literal reference to the metal gold, not a slang expression.",0,2025-12-08,https://vk.com/wall41286016_3921,41286016,3921
золото,"Потрясающий зеленый маникюр в сочетании с золотом!

1000 идей для твоего маникюра",gold,something precious/amazing,LITERAL,HIGH,"In this sentence, ""золото"" refers to the literal metal gold used in the context of nail design, rather than as a slang term for something precious or amazing.",0,2025-12-08,https://vk.com/wall-89465781_103526,-89465781,103526
золото,"💥Гармонь💥Цена-2000руб💥
💥Цвет товара зеленый 
Тип гармонь 
Количество голосов 3 
Тип клавиатуры готовая 
Вес 5100 г 
Материал мехов картон💥

id 125938513

💥БЕРЁМ ВСЁ ❗❗❗ 
 
Kупим : Beлoсипеды ,ноутбуки, тeлeфoны, бытовую технику, электро - инструмент, спортивный и туристический инвентарь, также ЗОЛОТО и СЕРЕБРО 💍💍💍 
 
У нас можно приобрести товар по низким ценам💵 
 
trade-in❗ 
 
💥Мы ждем вас по адресу: пгт.Промышленная, ул.Крупской 4Б тел.8-900-059-13-80💥",gold,something precious/amazing,LITERAL,HIGH,"In this sentence, ""золото"" refers to the actual metal gold that is being bought, which is its literal meaning, rather than a slang term for something precious or amazing.",0,2025-12-08,https://vk.com/wall671689883_13373,671689883,13373
золото,"Воздушные шары, фольга
Для мужчин и для женщин
Распродажа 
Цена за набор указано 
Шары надувные набор цыфр от 0-9 
В наборе 15шт) от 10набор по 180р 
Цвета разные золотой персиковый серебро красный синий розовый радуга 
Корпус А 2-2-21 бронь есть 
Подписывайтесь на нашу группу! vk.com/tk.sadavod
Цена штучно: 200руб
Цена оптом: 180руб (упак. 10шт=1800руб)",gold,something precious/amazing,LITERAL,HIGH,"In this sentence, ""золото"" refers to the literal color of balloons, not the metal or any slang usage.",0,2025-12-08,https://vk.com/wall376832922_139117,376832922,139117
золото,"За выходные 6-7 декабря у учеников 6 медалей:
----------
Спин лига 2 золота (Полина, Лиза)
Командное первенство среди Округов Москвы 2 серебра (Роберт, Олеся)
Народные игры (1 золото у Олеси)
Первомайская классы (1 золото Вова)",gold,something precious/amazing,LITERAL,HIGH,"In this sentence, ""золото"" refers to actual gold medals awarded in competitions, which is its literal meaning.",0,2025-12-08,https://vk.com/wall6712504_896,6712504,896
золото,"В пачке семечек нашёл свёрток, посмотрел, а там золотая подвеска. Неплохой подарочек дочке получился.",gold,something precious/amazing,LITERAL,HIGH,"In the sentence, ""золотая подвеска"" refers to a physical object made of gold, which is its literal meaning, rather than a slang expression.",0,2025-12-08,https://vk.com/wall193684248_26319,193684248,26319
золото,"💪 Томич Дмитрий Черкашин стал шестикратным чемпионом мира по гиревому спорту

Томский гиревик Дмитрий Черкашин завоевал три медали на чемпионате мира в Китае. В категории до 85 кг он взял золото в упражнениях «длинный цикл» и «рывок», а также серебро в «толчке». Этот успех принес спортсмену звание шестикратного чемпиона мира. Губернатор Томской области Владимир Мазур поздравил Дмитрия и его тренера Николая Тимофеева с выдающимся достижением.",gold,something precious/amazing,LITERAL,HIGH,"In this context, ""золото"" refers to the gold medal awarded in a sports competition, which is its literal meaning as a physical object rather than a slang term.",0,2025-12-08,https://vk.com/wall-138757410_14885,-138757410,14885
золото,"🔥 Ты не поверишь! Мы с медалями! 🥇🥈

✅ В Порхове прошёл турнир по баскетболу! Команды девушек и юношей 2011-2012 годов рванули к победам!

💪 Девушки – молодцы! Сильные соперницы, но наше серебро – это круто! 

🏆 Юноши – чемпионы! Золото у нас в кармане! Полуфинал впереди, скоро региональные старты! 🚀

Поздравляем всех! Вперёд к новым вершинам!",gold,something precious/amazing,LITERAL,HIGH,"In this sentence, ""золото"" refers to the literal gold medal won in a basketball tournament, not as a slang term for something amazing.",1,2025-12-08,https://vk.com/wall-70520888_74529,-70520888,74529
золото,"9.12.2025 ЕДУ В МОСКВУ С АЛГАЯ,НОВОУЗЕНСКА, ПИТЕРКИ, КРАСНОГО КУТА, кафе ЗОЛОТОЙ ТЕЛЁНОК, ЭНГЕЛЬСА, САРАТОВА ПЕТРОВСКА. 

10.12.2025. ЕДУ С МОСКВЫ В ПЕТРОВСК, САРАТОВ, ЭНГЕЛЬС, кафе ЗОЛОТОЙ ТЕЛЁНОК, КРАСНЫЙ КУТ, ПИТЕРКУ, НОВОУЗЕНСК,АЛГАЙ!

ЕСТЬ СВОБОДНЫЕ МЕСТА! ДОСТАВКА ПОСЫЛОК, ДОВЕЗУ ДО АДРЕСА!
 89272287444",gold,something precious/amazing,LITERAL,HIGH,"In this sentence, ""ЗОЛОТОЙ ТЕЛЁНОК"" refers to a café named ""Golden Calf,"" using ""золото"" in its literal sense as part of the establishment's name, rather than as slang for something precious or amazing.",0,2025-12-08,https://vk.com/wall-224317300_2071,-224317300,2071
золото,"У нас Пашка по-хитрому сделал.
Он был в пятёрах, кроме русиша и литры.
Классная не ставила,
Там речи о пятёрках не шло.
Ушёл вот в эту башкирскую, там с золотой закончил.
Потому что там суть другая.
Инженерик тоже.",gold,something precious/amazing,LITERAL,HIGH,"In the sentence, ""золото"" refers to a literal achievement of finishing with a gold medal or award, rather than using it as slang for something precious or amazing.",0,2025-12-08,https://vk.com/wall1054694911_7288,1054694911,7288
золото,"Летом 2015 года под Омском обрушилась казарма ВДВ: 24 десантника погибли, 21 выжил. Лишившийся обеих ног Рустам Набиев был самым тяжелым из пострадавших. Три года спустя он выигрывает «золото» в международных турнирах, воспитывает дочь. 
Лишившийся обеих ног десантник Рустам Набиев покорил Эльбрус на руках. 
Молодец - не сдался!",gold,something precious/amazing,LITERAL,HIGH,"In this sentence, ""золото"" refers to winning a gold medal in international tournaments, which is its literal meaning as a physical award rather than a slang expression.",0,2025-12-08,https://vk.com/wall-70485569_126731,-70485569,126731
золото,"Александр Корнев завоевал командное золото в смешанной эстафете. Он бежал в команде с Анастасией Гришиной, Викторией Метеля и Кириллом Бажиным",gold,something precious/amazing,LITERAL,HIGH,"In this sentence, ""золото"" refers to the literal gold medal awarded for winning a team event in a mixed relay, not as a slang term.",0,2025-12-08,https://vk.com/wall-228430410_8757,-228430410,8757
золото,"Золотая подборка

Источник: Рецепты красоты. Маникюр, макияж, прически?
https://ok.ru/group/62072781602930",gold,something precious/amazing,LITERAL,HIGH,"The phrase ""Золотая подборка"" refers to a collection that is literally described as ""golden,"" indicating high quality or value, but it does not use ""золото"" in a slang context.",0,2025-12-07,https://vk.com/wall-208192780_36838,-208192780,36838
золото,"1 тур 2 группа Золотое Кольцо видео на матчи 20-23 ноября 2025
Первый матч. 

Второй матч. 

Третий матч. 

https://vkvideo.ru/video-227356365_456243222

Четвертый матч. 

https://vkvideo.ru/video-227356365_456243226
Пятый матч.",gold,something precious/amazing,LITERAL,HIGH,"In this context, ""Золотое Кольцо"" refers to a specific tourist route in Russia known for its historical significance and is not used in a slang sense.",0,2025-12-07,https://vk.com/wall-234478069_6,-234478069,6
золото,"Золотая осень в Щегловском Богородичном мужском монастыре. Тула, 10 окт. 2025.",gold,something precious/amazing,LITERAL,HIGH,"In the sentence, ""золотая осень"" refers to the literal golden color of autumn leaves, not using ""золото"" in a slang context.",0,2025-12-07,https://vk.com/wall722726713_2007,722726713,2007
золото,"Мероприятие ""Чукотка-фронту"", посвящённое 95-летию со дня образования Чукотского автономного округа в детском саду ""Золотой ключик"".",gold,something precious/amazing,LITERAL,HIGH,"In this sentence, ""Золотой ключик"" refers to the name of a kindergarten and uses ""золото"" in its literal sense as part of a proper noun, not as slang.",1,2025-12-07,https://vk.com/wall-218864970_816,-218864970,816
золото,"Возможно я старомодна , но на мой взгляд первый шаг должен делать мужчина. Можно сколько угодно рассуждать о том, что мужчин меньше чем нас женщин, на всех вроде как и не хватит , но это заблуждение .. Если ты зацепила, он море и горы преодолеет , а если нет, то и на блюдце с золотой каемочкой ты ему не нужна ..",gold,something precious/amazing,LITERAL,HIGH,"In the sentence, ""золотой каемочкой"" refers to a literal golden rim, indicating a physical object rather than a metaphorical or slang usage.",0,2025-12-07,https://vk.com/wall-224172648_5303,-224172648,5303
золото,"Цена штучно: 800руб
Игрушка, железо
Размер 30см Цена 800р
Размер 40см Цена 950р
Размер 50см Цена 1300р
Размер 60см Цена 1700р
Размер 70см Цена 2500р
Размер 80см Цена 2800р
Рождественский Железный Олень Лось светодиодный светильник с сосновые конусы украшение Золотой олень лампа для торгового центра украшения для дома новый год 2026",gold,something precious/amazing,LITERAL,HIGH,"In the sentence, ""золото"" refers to the literal material gold used in the context of a decorative item, not as a slang term for something precious or amazing.",0,2025-12-07,https://vk.com/wall-204192935_68264,-204192935,68264
золото,vk.com/@cold_talk-rasklad-kak-prodat-zoloto-na-avito-i-ne-popast-na-shtrafy,gold,something precious/amazing,LITERAL,HIGH,"In this sentence, ""золото"" refers to the literal metal gold being sold on Avito, rather than being used as a slang term for something precious or amazing.",0,2025-12-07,https://vk.com/wall-232248078_875,-232248078,875
золото,"Колье на цепочке, длина 42 см
Камни: коралл, керамические бусины, тигровый глаз, ракушка морская 
Фурнитура цвет золото",gold,something precious/amazing,LITERAL,HIGH,"In this sentence, ""золото"" refers to the literal material of gold used in jewelry, not as a slang term for something precious or amazing.",1,2025-12-07,https://vk.com/wall-31413908_344,-31413908,344
золото,"💄Новый промокод Золотое Яблоко до 14 декабря 

ЗИМА

от -10% до -30%
от 5000₽ до 20 001₽ подробности тут 

t.me/Promokodi_zolotoe_yabloko",gold,something precious/amazing,LITERAL,HIGH,"In the sentence, ""Золотое Яблоко"" refers to a specific name or brand, where ""золото"" is used literally to denote the precious metal, rather than as slang for something amazing.",0,2025-12-07,https://vk.com/wall-218568716_1818,-218568716,1818
золото,"Цена штучно: 180руб
Крем для лица, пластик
Крем для лица корея осветляющий увлажняющий дневной 
Люксовая косметика золотое яблоко косметика kisy уходовая косметика кися крем киси Все блогеры советуют крем для лица из pinterest дневной отбеливающий крем для лица с ниацинамидом Dr. Cellio 4 в 1 содержит полезные для кожи растительные экстракты",gold,something precious/amazing,LITERAL,HIGH,"In the sentence, ""золото"" refers to ""luxury cosmetics"" and is used in the context of a product description, indicating the literal material (gold) rather than a slang expression for something precious or amazing.",0,2025-12-07,https://vk.com/wall510460857_67725,510460857,67725
золото,"Сказочные новогодние фото вашего малыша — без студии и очередей! 🎄
Нейрофотосессия в детских локациях: снежный лес, уютный камин, мерцающая ёлка в золоте — выбирайте атмосферу, а я бережно создам кадры с естественным, нежным сходством и живыми эмоциями.
— Нужно всего 2–3 фото ребёнка
— Готово за 2-3 часа
Пишите «Ёлка» в личные — пришлю примеры локаций и подберём стиль. Работаю только с согласия родителей, данные защищены, публикация — только с вашего разрешения.",gold,something precious/amazing,LITERAL,HIGH,"In this sentence, ""золото"" refers to the literal color and material of the Christmas tree decorations, not as a slang term for something precious or amazing.",0,2025-12-07,https://vk.com/wall-227713988_2503,-227713988,2503
золото,"Колье, длина 42 см, до 47 см
Камни: яшма красная, яшма далматин, агат 
Фурнитура цвет золото",gold,something precious/amazing,LITERAL,HIGH,"In this sentence, ""золото"" refers to the literal material used in jewelry (gold), not as a slang term for something precious or amazing.",1,2025-12-07,https://vk.com/wall-31413908_343,-31413908,343
золото,"Женя Чернов и Дима Горбунов завоевали золото на нашем турнире “Пара на пару»! Заслуженная победа💪

Второе место у Валерия Урсула и Олега Попова, третье - у Ани Матюшко и Юрия Здобного!

Поздравляем победителей и благодарим всех участников!

В субботу, 13 декабря, ждём всех на турнире по Шахпонгу!

До встречи в клубе💚",gold,something precious/amazing,LITERAL,HIGH,"In this sentence, ""золото"" refers to the literal gold medal awarded for winning the tournament, not a slang expression.",2,2025-12-07,https://vk.com/wall-64671808_10088,-64671808,10088
золото,"4 кубка Абсолютного чемпиона 
16 золотых медалей 
6 серебряных
5 бронзовых 
завоевала Череповецкая сборная по ментальной арифметике на турнире Северо-западного федерального округа.
Ученики Центра ""Учусь легко"" достойно представили наш город. 
Горжусь, люблю, благодарю. 
Учимся  и работаем дальше.",gold,something precious/amazing,LITERAL,HIGH,"In this sentence, ""золотых медалей"" refers to literal gold medals won in a competition, not as a slang term for something precious or amazing.",2,2025-12-07,https://vk.com/wall3218940_6287,3218940,6287
золото,"Потеряла кольцо золотое, немного погнуто, с вкраплением камешков, если нашли, просьба вернуть 
Связь: 89934527574 #mttg",gold,something precious/amazing,LITERAL,HIGH,"In the sentence, ""золотое"" refers to the material of the ring, indicating it is made of gold, which is its literal meaning.",0,2025-12-07,https://vk.com/wall-153277765_76720,-153277765,76720
золото,"Колье, длина 44 см, до 49 см
Камни: авантюрин, агат, жемчуг речной
Фурнитура цвет золото",gold,something precious/amazing,LITERAL,HIGH,"In this sentence, ""золото"" refers to the color of the jewelry's fittings, indicating a literal use of the word for the metal gold, rather than a slang expression.",1,2025-12-07,https://vk.com/wall-31413908_342,-31413908,342
золото,"НЕВЕРОЯТНЫЕ ПОБЕДЫ ТЕАТРА МОДЫ «ВИРТУАЛЬ»!!!! На Международном фестивале «Музыкальный портал»( г. Дагомыс) театру моды «ВИРТУАЛЬ» вручены два победных кубка! Кубок Лауреата 1 степени и Высшая награда фестиваля- кубок «ЗОЛОТАЯ ТЕРПСИХОРА». Это заслуженные крутые награды за высокий профессионализм, талант и безупречное конкурсное выступление! ПОЗДРАВЛЯЕМ ОТ ДУШИ! ВСЕ БОЛЬШИЕ МОЛОДЦЫ!!!",gold,something precious/amazing,LITERAL,HIGH,"In this sentence, ""ЗОЛОТАЯ ТЕРПСИХОРА"" refers to a specific award named ""Golden Terpsichore,"" which uses ""золото"" in its literal sense as part of the award's title, not as slang.",2,2025-12-07,https://vk.com/wall52072844_4172,52072844,4172
золото,"Золотой юбилей ""Улыбке 50""",gold,something precious/amazing,LITERAL,HIGH,"In this sentence, ""золотой"" refers to a 50th anniversary, which is traditionally called a ""golden jubilee,"" thus using ""gold"" in its literal sense related to the anniversary celebration.",3,2025-12-07,https://vk.com/wall-9871485_2312,-9871485,2312
золото,Биатлонист из Удмуртии в составе сборной России взял золото на Кубке Содружества  Udm-info,gold,something precious/amazing,LITERAL,HIGH,"In this sentence, ""золото"" refers to a gold medal won in a sporting event, which is its literal meaning as a physical object.",0,2025-12-07,https://vk.com/wall-213968343_11673,-213968343,11673
золото,"Декор “Золотое кольцо России"" 
Цена в электроном варианте 100₽. 
Чтобы приобрести материал, напишите нам в личные сообщения 👉 vk.me/douidea",gold,something precious/amazing,LITERAL,HIGH,"In the phrase ""Декор “Золотое кольцо России,"" ""золото"" refers to the literal material gold used in the context of decoration, not as slang for something precious or amazing.",0,2025-12-07,https://vk.com/wall-71965632_508,-71965632,508
золото,"Колье на цепочке
Длина 43 см
Камни: аквамарин, жемчуг речной 
Фурнитура цвет золото",gold,something precious/amazing,LITERAL,HIGH,"In this sentence, ""золото"" refers to the actual material used in the jewelry's hardware, indicating its literal meaning as a metal rather than a slang term for something precious or amazing.",1,2025-12-07,https://vk.com/wall-31413908_341,-31413908,341
золото,"Первенство СЗФО России по рукопашному бою , город Сосновый Бор 350 участников, 8 команд , наши спортсмены выступили достойно и завоевали одно золото 🥇 Джуманиязов Таир, 4 бронзовые медали - 🥉 Буренков Андрей, Артеев Тимофей, Елькин Данил, Восинский Александр, Молодцы , Поздравляем!!",gold,something precious/amazing,LITERAL,HIGH,"In this sentence, ""золото"" refers to a gold medal won in a competition, which is its literal meaning as a physical object rather than a slang term.",0,2025-12-07,https://vk.com/wall103940485_5541,103940485,5541
золото,"💫 ЗОЛОТО и ИЗУМРУД СЛАЙМ ASMR Смешиваем тени для век

Завораживающий процесс смешивания сияющих золотых и изумрудных теней для создания идеального слайма. Насладитесь идеальным сочетанием текстур и насыщенных, глубоких цветов. Расслабляющий ASMR шелест и хруст, который подарит мурашки и полное погружение в творческий процесс. Это зрелище, от которого невозможно оторваться.

#золотослайм #изумрудныйслайм #ASMRслайм #слаймASMR #релаксASMR #слаймвидео #хрустящийслайм",gold,something precious/amazing,LITERAL,HIGH,"In this sentence, ""золото"" refers to the literal substance gold used in the context of mixing colors for slime, rather than as a slang term for something precious or amazing.",0,2025-12-07,https://vk.com/wall-221895178_72364,-221895178,72364
золото,"Цена штучно: 150руб
Пудра, пластик
Матирующая пудра для лица SPF30 тон13
Лидер корейской косметики – натуральная энзимная пудра для лица. Отличная фиксация макияжа на весь день; матирует; избавляет от жирного блеска и при этом увлажняет. Коллаген; пептиды и экстракт золота выравнивают структуру и подстраиваются под любой тон кожи.",gold,something precious/amazing,LITERAL,HIGH,"In this sentence, ""золото"" refers to the literal substance gold, as it describes an ingredient in a cosmetic product rather than being used as slang for something precious or amazing.",0,2025-12-07,https://vk.com/wall-170102951_71528,-170102951,71528
золото,"09.08.25. Болгар. Татарстан. Болгарский историко-археологический комплекс. Музей Корана.

В музее хранится крупнейшей в мире экземпляр священной книги ислама. Его вес — 800 кг, а размер в закрытом виде — 2 на 1,5 метра. Внесён в список рекордов Гиннеса. Обложка Корана украшена чеканкой по золоту с драгоценными камнями. 

#россия #татарстан #нашастрана #путешествиемаксима #музейкорана",gold,something precious/amazing,LITERAL,HIGH,"In this sentence, ""золото"" refers to the literal material (gold) used in the decoration of the Quran's cover, not as a slang term for something precious or amazing.",0,2025-12-07,https://vk.com/wall30715665_9651,30715665,9651
золото,"9.11.2025.СОКОЛЬНИКИ. НУ ВОТ И ОБОШЁЛ Я ЗОЛОТОЙ ПРУД КРУГОМ, ПОЛЮБОВАЛСЯ УТОЧКАМИ (СМ. ТАКЖЕ СТРАНИЦУ ""НИКИТУНДРИЙ САВАННЫЙ"") А СЕЙЧАС ПОЙДУ НА 2-й ЛУЧЕВОЙ ПРОСЕК, ОН РЯДОМ)))))☁☁☁☁☁☁☁☁🍂🍂🍂🍂🍁🍁💦💦💦💦💦💦💦💦🦆🦆🦆🦆😊😊😊😊👍👍👍👍",gold,something precious/amazing,LITERAL,HIGH,"In this sentence, ""золото"" refers to ""золотой пруд"" (golden pond), which is a literal description of a place rather than a slang usage.",2,2025-12-07,https://vk.com/wall158162688_13596,158162688,13596
золото,"Золотая подвеска с изумрудом и бриллиантами. Новая, с пломбой
13500р, Щелковская https://vk.com/id2844241",gold,something precious/amazing,LITERAL,HIGH,"In the sentence, ""золотая подвеска"" refers to a gold pendant, which is a literal use of the word ""золото"" as it describes the material of the jewelry.",1,2025-12-07,https://vk.com/wall-48332904_802591,-48332904,802591
золото,vk.com/@intellekt_sobst-gde-prodaut-derevyannye-vzryvnoi-sekret-dlya-teh-kto-hochet,gold,something precious/amazing,LITERAL,HIGH,"The word ""золото"" in the context of ""добыча золота"" and ""кольцо из золота"" refers to the actual metal gold, not a slang expression.",0,2025-12-07,https://vk.com/wall-232298417_827,-232298417,827
золото,"6 декабря в отделе ЗАГС по городу Марксу и Марксовскому району наши земляки, супруги Павел Васильевич и Наталья Николаевна Прядильщиковы отметили «Золотую свадьбу» - полувековой юбилей супружеской жизни.",gold,something precious/amazing,LITERAL,HIGH,"In this sentence, ""Золотая свадьба"" refers to the literal 50th wedding anniversary, which is traditionally associated with gold, thus using ""золото"" in its original, literal sense.",0,2025-12-07,https://vk.com/wall-219603969_7620,-219603969,7620
золото,"Свадебный танец, «Горько!», роспись. Эти счастливые моменты вернули наших земляков Наталью и Александра Маслюк в 1975 год, когда они поженились. Спустя пятьдесят лет, день в день, они торжественно отметили золотую свадьбу. Происходило это в Марксовском отделе ЗАГС, где собрались родственники и гости, чтобы поздравить юбиляров с такой знаменательной датой.",gold,something precious/amazing,LITERAL,HIGH,"In this sentence, ""золотая свадьба"" refers to the literal anniversary celebration marking 50 years of marriage, using ""золото"" in its original sense related to the precious metal associated with this milestone.",0,2025-12-07,https://vk.com/wall-219603969_7618,-219603969,7618
золото,"«Залупный анонсировал выставку золотых ворот из Киево-Печерской Лавры в Лондоне. Ворота 1784 года были украдены из Киева во время Гражданской войны. Кто их украл и так понятно, учитывая что в музей они попали благодаря меценату, который выкупил их у еврейских арт-дилеров С. и Дж. Голдшмидтов в 1935 году. Теперь это собственность Короны, а восторженного папуаса из его ограбленной страны приглашают посмотреть на сокровища в Британский музей. И так у них всегда.» A. Parker",gold,something precious/amazing,LITERAL,HIGH,"In the sentence, ""золотых ворот"" refers to literal golden gates, indicating the physical material (gold) rather than using it as slang for something precious or amazing.",0,2025-12-07,https://vk.com/wall174390073_4076,174390073,4076
золото,"📚Новая книга (Золотая Орда/Алтын Урда)

Автор книги: Марат Салаватович Гатин – кандидат исторических наук, доцент кафедры истории Татарстана Казанского (Приволжского) федерального университета

📖Книга повествует об истории зарождения, становления, расцвета и упадка великой евразийской державы - Золотой Орды. 

Издание рассчитано на широкий круг читателей.",gold,something precious/amazing,LITERAL,HIGH,"In the sentence, ""Золотая Орда"" refers to a historical state and uses ""золото"" in its literal sense as part of a proper noun, not as slang.",1,2025-12-07,https://vk.com/wall-193688923_440,-193688923,440
золото,"💥Смарт часы Series 9💥700 руб💥 
💥id:125934317 
 
❗❗БЕРЁМ ВСЁ ❗❗ 
Kупим дoрoгo :Beлoсипеды,ноутбуки, тeлeфoны, бытовую технику, электро инструмент, спортивный и туристический инвентарь,также принимаем ЗОЛОТО и серебро💍 
Самая ВЫСОКАЯ оценка в городе👍👍 
У нас можно приобрести товар по низким ценам💵 
trade-in❗ 
💥Мы ждем вас по адресу: г.Гурьевск, ул. Кирова, 34",gold,something precious/amazing,LITERAL,HIGH,"In this sentence, ""золото"" refers to the actual metal gold that is being accepted in exchange for goods, which is its literal meaning.",0,2025-12-07,https://vk.com/wall669766298_12558,669766298,12558
треш,"Удары необходимы для спасения нашей души, потому что они очищают душу. Чем больше бьешь и трешь одежду, тем чище она становится. Так и осьминогов с каракатицами ударами делают мягче и очищают от черной жидкости. 
 
Старец Паисий Святогорец",trash (garbage),something wild/crazy,LITERAL,HIGH,"In this context, ""треш"" refers to the physical action of rubbing or scrubbing clothes, which aligns with its literal meaning rather than the slang usage.",76,2025-12-07,https://vk.com/wall-42004199_45532,-42004199,45532
треш,"#Личное_творчество
Нейросеть это - тот же инструмент человека, как скрипка или Фл Студио. Я очень рад, что у меня есть возможность сделать что-то своё. Альбом содержит треки в нескольких стилях: Поп-панк, Эмо, Готик, Гранж и Треш Метал. Очень хотелось, чтобы песни были максимально близки к своему жанру. Пока делал все эти треки, понял, что они мне очень нравятся и это, пожалуй самое главное.
Ссылка на альбом https://vk.com/music/playlist/60306033_85261796_c62ff4ca2a7015ca2d",trash (garbage),something wild/crazy,LITERAL,HIGH,"In this context, ""треш"" refers to the genre ""Trash Metal,"" which is a specific style of music, thus it is used in its literal sense rather than as slang.",3,2025-12-06,https://vk.com/wall60306033_6441,60306033,6441
треш,"Sylosis – The New Flesh (Single) (2026) 
[Melodic Thrash/Death Metal/Metalcore, UK]

Формация собралась в городе Рединг в 2000 году чтобы играть треш-метал, а в следующем году у мужиков выходит седьмой релиз.",trash (garbage),something wild/crazy,LITERAL,HIGH,"In this context, ""треш"" refers to ""треш-метал,"" which is a specific genre of music (thrash metal), and is used in its literal sense to describe the style of music the band plays, rather than as slang for something wild or crazy.",2,2025-12-06,https://vk.com/wall-23143974_13282,-23143974,13282
мясо,"Подсмотрели в Грузии рецепт легендарного шашлыка мцавади. Мясо маринуется сутки и даже если было жестким, тает во рту

Рецепт легендарного шашлыка мцавади мы подсмотрели у грузинского кулинара.

https://365news.biz/women/luchshie-retsepty/550195-podsmotreli-v-gruzii-retsept-legendarnogo-shashlyka-mtsavadi-myaso-marinuetsya-sutki-i-dazhe-esli-bylo-zhestkim-taet-vo-rtu.html",meat,brutal action (in games/movies),LITERAL,HIGH,"In this sentence, ""мясо"" refers to the literal meaning of meat used in the context of a recipe for cooking, not as slang.",0,2025-12-08,https://vk.com/wall-152963994_107747,-152963994,107747
мясо,"Блинчики с мясом 
Цена 600 руб.за кг.
Наш тел.89817360753",meat,brutal action (in games/movies),LITERAL,HIGH,"In this sentence, ""мясо"" refers to meat as an ingredient in the dish ""блинчики с мясом,"" which is its literal meaning.",0,2025-12-08,https://vk.com/wall-192593596_3304,-192593596,3304
мясо,"Вкусный и простой сoус! 
Соус к мясу и шaшлыку 

Нам понадобится: 
Чеснок 3-5 зубчиков 
Томатная паста 3 ст л 
Соль 1чл.
Сахар 1чл.
Перец черный 1чл.
Укроп небольшой пучок 
Масло подсолнечное 50мл.
Вода 100мл.
Приготовление: 
Поместите все ингредиенты в чашу блендера. Измельчайте на высокой скорости в течение 20 секунд, пока соус не станет однородным.
Наш соус готов

Сборник аппетитных рецептов...",meat,brutal action (in games/movies),LITERAL,HIGH,"In this sentence, ""мясо"" refers to meat as an ingredient for the sauce, which is its literal meaning.",0,2025-12-08,https://vk.com/wall-223812728_11649,-223812728,11649
мясо,"🥪Натуральная колбаса на завтрак. 
 
🧩Слово ""колбаса"" пришло в русский язык из тюркских языков, вероятно, через татарский. Оно происходит от слова ""kalybasa"", что означало ""прессованное мясо"". 
 
Ингредиенты: 
 
🔹курица тушка – 1,8 кг 
🔹лук – 1 крупный 
🔹морковь – 1-2 шт 
🔹соль, специи и лавровый лист – по вкусу 
🔹желатин – 50 г 
🔹сок свёклы – до нужного цвета",meat,brutal action (in games/movies),LITERAL,HIGH,"In this sentence, ""мясо"" refers to the literal ingredient used in the preparation of sausage, not as a slang term for brutal action.",0,2025-12-08,https://vk.com/wall-167158582_1245443,-167158582,1245443
мясо,"оз. Медное, точка 59-51, темп. Нормальная, фарм + троф Карасекарп, клипса 7. Рыбачил почти час. Много спустил на куски мяса рыбы. В общем фарм отличный. + еще сдал в кафешке. Все на скринах. Всем НХНЧ🤘",meat,brutal action (in games/movies),LITERAL,HIGH,"In this context, ""мясо"" refers to pieces of fish meat that were used for fishing, which is its literal meaning rather than a slang term.",0,2025-12-08,https://vk.com/wall-217584972_6580,-217584972,6580
мясо,"Продам барана живым весом или мясом
+7959 522 4045",meat,brutal action (in games/movies),LITERAL,HIGH,"In this sentence, ""мясом"" refers to the literal product of meat from the ram being sold, not a slang term.",0,2025-12-08,https://vk.com/wall-224767984_22103,-224767984,22103
мясо,"Цена штучно: 900руб
Мясорубка, металл
Для мужчин и для женщин
Мясорубка ручная механическая бытовая металлическая
 - незаменимый инструмент на кухне. Механический измельчитель используется в основном для переработки мяса в фарш для приготовления котлет, тефтелей, паштетов. Ручная мясорубка для мяса СССР хорошо перемалывает сырье разной жесткости и жирности.",meat,brutal action (in games/movies),LITERAL,HIGH,"In this sentence, ""мясо"" refers to meat in the context of using a meat grinder, which is its literal meaning.",0,2025-12-08,https://vk.com/wall411706755_126694,411706755,126694
мясо,"ЛЮЛЯ-КЕБАБ В ДУХОВКЕ 😋

Фaрш - 1 кг,
Лук - 1 шт
Перец болгарский - 1 шт
Петрушка - 1 пучoк
Вoдa - 100 мл
Сoль, чёрный перец, специи для мясa - по вкусу.
🥰 ПРИЯТНОГО АППЕТИТА 🥰",meat,brutal action (in games/movies),LITERAL,HIGH,"In this sentence, ""мясо"" refers to the literal ingredient used in cooking, specifically ground meat for the kebab, rather than any slang meaning.",0,2025-12-08,https://vk.com/wall193684248_26320,193684248,26320
мясо,"Цена 150 руб
Цена 1120 руб

Снеки соевая мясо
Китайская закуска
1
172г
Оптом упаковкай 10x75=
По 172г одного цвета",meat,brutal action (in games/movies),LITERAL,HIGH,"In this sentence, ""мясо"" refers to ""соевое мясо,"" which is a literal term for a food product made from soy, not used in a slang context.",0,2025-12-08,https://vk.com/wall-125772826_31714,-125772826,31714
мясо,"Зеленью и чесноком не отделаешься 😊. Это винегрет варёный будет.
Мясо ещё надо добавить! 🥩😊
И фасоль 🫘
И вот тогда - борщ! 🍲",meat,brutal action (in games/movies),LITERAL,HIGH,"In this sentence, ""мясо"" refers to the literal ingredient meat that needs to be added to the dish, rather than any slang meaning.",1,2025-12-08,https://vk.com/wall491415235_16366,491415235,16366
мясо,"Пирог с мясом – это лучший вариант для будней и праздников.

Это вкусно! Попробуйте!",meat,brutal action (in games/movies),LITERAL,HIGH,"In this sentence, ""мясо"" refers to meat as a food ingredient in the context of a pie, which is its literal meaning.",0,2025-12-08,https://vk.com/wall-136929197_94470,-136929197,94470
мясо,"Цена 180 руб
Упаковка 180 руб
Цена 180 руб
Цена 180 руб

Специи
Для шашлыка
1 кг
Для с
Рублей 1 кг
Для плов 1
1 кг
Для мясо 1
( возможно этикетка будет другая )",meat,brutal action (in games/movies),LITERAL,HIGH,"In this context, ""мясо"" refers to meat as an ingredient for cooking, which is its literal meaning.",0,2025-12-08,https://vk.com/wall-125772826_31690,-125772826,31690
мясо,"Салат Маргарита — это слоеный салат с курицей и грибами. В качестве мяса можно использовать отварное филе или любую другую мякоть курицы. Маринованные грибы обжариваются с луком, что еще больше раскрывает их вкус, делая его насыщеннее. Салат выглядит очень нежным и воздушным, великолепно смотрится на праздничном столе. Он получается довольно сытным и самодостаточным, поэтому не",meat,brutal action (in games/movies),LITERAL,HIGH,"In this sentence, ""мясо"" refers to the literal meaning of meat, specifically chicken meat used in the salad, and there is no indication of slang usage.",0,2025-12-08,https://vk.com/wall-217494834_11306,-217494834,11306
мясо,"Баранина с мятным йогуртовым соусом в аэрогриле 🔥

Ингредиенты:

Баранина (корейка) — 500 г
Йогурт — 150 г
Мята — ½ пучка
Лимонный сок — 1 ст.л.
Чеснок — 2 зубчика
Соль, перец — по вкусу

🔥 Приготовление:

Натрите баранину солью и перцем.
Готовьте 15 минут при 190°C.
Смешайте йогурт, мяту, чеснок и лимонный сок.
Подавайте мясо с соусом.

💡 Идеально с лавашом и овощами.",meat,brutal action (in games/movies),LITERAL,HIGH,"In this sentence, ""мясо"" refers to the literal meaning of meat, as it describes the dish being prepared.",0,2025-12-07,https://vk.com/wall-187240033_10017,-187240033,10017
мясо,"Выездная торговля в селах Корсаковского муниципального округа! 
 
Понедельник, 08 декабря 
 
✍Новиково: 
10.00-12.00 ул. Советская, 28. 
 
🧀Будет осуществляться торговля сырами, мясом, колбасными и мясными деликатесами. 
 
Приятных покупок!",meat,brutal action (in games/movies),LITERAL,HIGH,"In this sentence, ""мясо"" refers to actual meat products being sold, which is its literal meaning, not a slang usage.",0,2025-12-07,https://vk.com/wall-169030636_18919,-169030636,18919
мясо,"Мясо домашней индейки. 
Резать будем в воскресенье. Заказы принимаю заранее
Бесплатная доставка до подъезда. 
Вес около 8 - 9 кг
600руб/кг
8 987 667 09 30",meat,brutal action (in games/movies),LITERAL,HIGH,"In this sentence, ""мясо"" refers to the literal meaning of meat, specifically turkey meat, as it is discussing a product for sale.",0,2025-12-07,https://vk.com/wall-21579744_411187,-21579744,411187
мясо,"Принимаем заявки на мясо бройлера. Очень нежное, вкусное мясо. Тушка 2,5-3,5 кг. Цена 350 руб/кг. Доставка по 5С в воскресенье, 14.12. (вторая половина дня). Тел.: 89276011403 89276033325",meat,brutal action (in games/movies),LITERAL,HIGH,"In this sentence, ""мясо"" refers to the literal product being sold (broiler meat), not a slang term.",0,2025-12-07,https://vk.com/wall-119443110_126040,-119443110,126040
мясо,"Да и мясо этой рыбы очень вкусное и полезное, богатое ценными питательными веществами. Судак не костляв, хорош в любом виде – жареном, вареном, вяленом и копченом. В отличие от щуки, судак избегает мелководных участков, покрытых растительностью, любит чистую, богатую кислородом воду. Предпочитает незаиленные участки водоема с песчаным или галечным дном, глубокие ямы и омуты, закоряженные […]",meat,brutal action (in games/movies),LITERAL,HIGH,"In this sentence, ""мясо"" refers to the edible flesh of the fish, which is its literal meaning, rather than any slang usage.",0,2025-12-07,https://vk.com/wall-204102163_13966,-204102163,13966
мясо,"🥩Фарш из мяса СЕВЕРНОГО ОЛЕНЯ в наличии🥩

‼100% оленина, без добавок и специй‼

Цена: 550 руб за кг
Фасовка: 1кг в вакуумной упаковке в замороженном виде.

🏠 Вы можете приобрести продукцию из оленины, сделать заказ в личное сообщение или по номеру 📞 +7 (921) 485 05 04

Предложение ограничено, 13 декабря уеду на месяц!
🚙 Осуществляю доставку!",meat,brutal action (in games/movies),LITERAL,HIGH,"In the sentence, ""мясо"" refers to the literal substance of meat from a reindeer, not a slang term for brutal action.",2,2025-12-07,https://vk.com/wall156501236_5977,156501236,5977
мясо,"Цена штучно: 300руб
Нож, металл
Для мужчин и для женщин
Топорик для мяса / Нож-топор / Мясной тесак кухонный
Топорик для мяса сделан из нержавеющей, легированной стали, которая после заточки надолго остается острой. Им легко резать мясо и разделывать кости.",meat,brutal action (in games/movies),LITERAL,HIGH,"In this sentence, ""мясо"" refers to meat in the context of a kitchen tool designed for cutting and preparing meat, which is its literal meaning.",0,2025-12-07,https://vk.com/wall-219813436_47645,-219813436,47645
мясо,"Салат Маргарита — это слоеный салат с курицей и грибами. В качестве мяса можно использовать отварное филе или любую другую мякоть курицы. Маринованные грибы обжариваются с луком, что еще больше раскрывает их вкус, делая его насыщеннее. Салат выглядит очень нежным и воздушным, великолепно смотрится на праздничном столе. Он получается довольно сытным и самодостаточным, поэтому не […]
Запись Салат Маргарита (Марго) впервые появилась Информационное Агентство 365 дней.",meat,brutal action (in games/movies),LITERAL,HIGH,"In this sentence, ""мясо"" refers to meat in the context of a salad recipe, which is its literal meaning, not a slang usage.",0,2025-12-07,https://vk.com/wall-115274014_101715,-115274014,101715
мясо,"Салат Маргарита (Марго)

Салат Маргарита — это слоеный салат с курицей и грибами. В качестве мяса можно использовать отварное филе или любую другую мякоть курицы. Маринованные грибы...

https://365news.biz/women/luchshie-retsepty/550193-salat-margarita-margo.html",meat,brutal action (in games/movies),LITERAL,HIGH,"In the sentence, ""мясо"" refers to meat in the context of a salad recipe, which is its literal meaning.",0,2025-12-07,https://vk.com/wall-152963994_107745,-152963994,107745
мясо,"Цена штучно: 50руб
Цена оптом: 40руб (упак. 5шт=200руб)
Кондитерские принадлежности, дерево
Для мужчин и для женщин
Бамбуковые шпажки, деревянные шампура. Шпажки для приготовления шашлычков, палочки для творчества. Шпажки для барбекю и гриля. Набор шампуров для приготовления шашлычков из различного мяса, овощей, морепродуктов, а также маршмеллоу. 100 штук в упаковке.",meat,brutal action (in games/movies),LITERAL,HIGH,"In this sentence, ""мясо"" refers to actual meat used for cooking, which is its literal meaning, rather than any slang connotation.",0,2025-12-07,https://vk.com/wall-203851759_49904,-203851759,49904
мясо,"В продаже мясо молодых нубийских коз. Вкусное, диетического и очень полезное. Забой в день продажи. 300 р к. Вес примерно 20-25 кг. Продается тушей или половинкой туши. 89536134270",meat,brutal action (in games/movies),LITERAL,HIGH,"In this sentence, ""мясо"" refers to the literal meaning of meat being sold, as it describes a product available for purchase.",1,2025-12-07,https://vk.com/wall-150227004_128041,-150227004,128041
мясо,"ОНИ ВСЕ ХОТЯТ ЖИТЬ!!! 
СПАСИТЕ ИХ, ПОЖАЛУЙСТА...🙏🙏🙏 
🆘🆘🆘 Срок до первого заказа на мясо 🆘🆘🆘",meat,brutal action (in games/movies),LITERAL,HIGH,"In this context, ""мясо"" refers to meat in a literal sense, as it discusses the urgency of ordering meat, rather than using it as slang for brutal action.",0,2025-12-07,https://vk.com/wall119527163_102752,119527163,102752
мясо,"🔥Мясо мидий и мидии на полустворке🔥
Мясо мидий в/м размер 200/300 1кг
Мидии на полустворке 1 кг",meat,brutal action (in games/movies),LITERAL,HIGH,"In this sentence, ""мясо"" refers to the literal meat of mussels, which is a common culinary term, rather than a slang usage.",0,2025-12-07,https://vk.com/wall868547017_15,868547017,15
мясо,"Очень вкусный салат ""ФАСОЛЬКА"" 🥗🥗🥗

Сытный и очень вкусный!🎯🎯🎯
Не пожалейте ❤❤❤!!!
Ингредиенты:
Фасоль из банки, готовая отварная - 1 баночка.
Картофель в мундире - 2 шт.
Маринованные огурцы - 3-4 шт.
Говядина отварная - 150-200гр.
(можно любое мясо отварное)
Лук красный - 1 шт.
Зелень
Заправка - майонез, возможно ваша любимая заправка.
Перец по вкусу.

Приготовление:
Все ингредиенты нарезаем, добавляем фасоль и заправку.
И к столу👍🍾
Приятного аппетита!",meat,brutal action (in games/movies),LITERAL,HIGH,"In this sentence, ""мясо"" refers to cooked meat as an ingredient in a salad recipe, which is its literal meaning.",0,2025-12-07,https://vk.com/wall-224829689_2804,-224829689,2804
мясо,На 200 тонн мяса северного оленя увеличили заготовку наши коллеги в соседнем Ямало-Ненецком автономном округе!!,meat,brutal action (in games/movies),LITERAL,HIGH,"In this sentence, ""мясо"" refers to the literal meat of the northern deer, as it discusses the increase in meat procurement, not a slang usage.",0,2025-12-07,https://vk.com/wall-98396481_5447,-98396481,5447
мясо,"Восхитительное блюдо, которое сочетает в себе нежное куриное мясо, ароматные овощи и питательный булгур.
⠀
Ингредиенты:
Курица - 400 гр.
Лук - 2 шт.
Морковь - 1 шт.
Чеснок - 3 зубчика
Булгур - 1 стакан
Сливки 10% - 1,5 стакана

Вкуснейшие рецепты в нашей группе!",meat,brutal action (in games/movies),LITERAL,HIGH,"In the sentence, ""мясо"" refers to chicken meat in a culinary context, which is its literal meaning, not a slang usage.",0,2025-12-07,https://vk.com/wall-216705117_48572,-216705117,48572
мясо,"***

Творчество всегда избыток 
И никогда баланс...
Через сотни попыток 
Эмоции выплеснуть шанс!

Избыток горящего света
Сплетает красиво слова, 
Согреет теплом словно летом,
И кругом идёт голова...

Избыток боли кусками 
Срезает мясо с души...
И слезы прольются словами,
Притупят злобы ножи!

Творчество всегда избыток!
И баланс никогда...
Одна из сотни попыток 
Чувства облечь в слова...

07.12.2025

#ЕМ #РифмованнаяРеальность #стихи #поэзия #творчество",meat,brutal action (in games/movies),LITERAL,HIGH,"In this context, ""мясо"" refers to the literal meaning of ""meat,"" as it describes a visceral and emotional experience rather than a slang usage related to brutality.",0,2025-12-07,https://vk.com/wall-185602720_201,-185602720,201
мясо,"Требуется рубщик мяса

В нашу дружную команду требуется рубщик мяса с опытом работы Чистота , умение , желание

8968 275 81 74",meat,brutal action (in games/movies),LITERAL,HIGH,"In this sentence, ""рубщик мяса"" refers to a butcher, which is a direct and literal reference to someone who cuts meat, not a slang usage.",0,2025-12-07,https://vk.com/wall-32929083_89200,-32929083,89200
мясо,"‼️Наличие/под заказ‼️

Вкусный деликатес к Вашему столу 😋

🔺печень трески 0,5
🔺мясо мидий подкопченое 0,2
🔺мясо мидий в томате 0,2
🔺треска в с/соку 0,39
🔺тунец 0,5
🔺скумбрия в с/соку 0,39
🔺скумбрия в томате 0,39
🔺зубатка 0,39
🔺кальмар 0,5
🔺камбала в с/соку 0,39 
🔺камбала в томате 0,5
🔺пикша 0,5
🔺форель 0,5
🔺судак 0,5
🔺сельдь 0,39

Для заказа: личные сообщения/телеграмм 89535405457",meat,brutal action (in games/movies),LITERAL,HIGH,"In this sentence, ""мясо"" refers to the literal meat of mussels, which is a food product, and not used in a slang context.",0,2025-12-07,https://vk.com/wall868547017_13,868547017,13
мясо,"Удивите гостей этим ШИКАРНЫМ БЛЮДОМ на НОВОГОДНЕМ СТОЛЕ! Мясо в духовке, Лучший рецепт!",meat,brutal action (in games/movies),LITERAL,HIGH,"In this sentence, ""мясо"" refers to meat as an ingredient in a dish, which is its literal meaning, not a slang usage.",1,2025-12-07,https://vk.com/wall-217468381_2512,-217468381,2512
мясо,"Доставка :
Шашлык свинина : корейка, окорок 1800 р кг
Шея 2000 р кг
Шашлык курица 1800 р кг
Крылышки 800 р кг
Люля кебаб 1800 р кг
Аджика 100 р порция
Кетчуп 100 р порция
Лаваш ( 1 шт - 50 рублей )
Очень вкусный шашлык и люля , закажите и сами в этом убедитесь , всегда свежее мясо и очень сочное !
Доставка по городу бесплатная !
Принимаю заказы на Новый год , от большого количества заказов есть скидка !",meat,brutal action (in games/movies),LITERAL,HIGH,"In this sentence, ""мясо"" refers to actual meat used in food preparation, which is its literal meaning.",0,2025-12-07,https://vk.com/wall886914988_3,886914988,3
мясо,"Креветки в панировке 1 кг подарит [club233112772|Kreveta | Креветки, морепродукты, мраморное мясо] нашему общему случайному подписчику групп, сделавшему репост этой записи. 
Победителя выявим 14 декабря.",meat,brutal action (in games/movies),LITERAL,HIGH,"In this sentence, ""мясо"" refers to ""мраморное мясо"" (marble meat), which is a literal description of a type of meat, not used in a slang context.",4,2025-12-07,https://vk.com/wall-45107029_50448,-45107029,50448
мясо,"Здравствуйте. Продаю баранов на мясо, по 550 рублей за килограмм. Т. 89201621826. Анонимно",meat,brutal action (in games/movies),LITERAL,HIGH,"In this sentence, ""мясо"" refers to the literal meaning of meat being sold, not as a slang term for brutal action.",0,2025-12-07,https://vk.com/wall-66462467_780964,-66462467,780964
мясо,"Завод семьи k италия🇮🇹 рим🏟️
Завод:мясо и наркотики",meat,brutal action (in games/movies),LITERAL,HIGH,"In this sentence, ""мясо"" refers to meat in a literal sense, as it is mentioned in the context of a factory producing meat and drugs.",0,2025-12-07,https://vk.com/wall-230621975_7,-230621975,7
мясо,"принимаю заказы 
На мясо домашней свинины 
Мясо не жирное 
Свободно пол туши 
Выращено на зерновых кормах
330₽/кг 
Доставка имеется
89063864777",meat,brutal action (in games/movies),LITERAL,HIGH,"In this sentence, ""мясо"" refers to actual meat being offered for sale, which is its literal meaning, rather than a slang usage.",0,2025-12-07,https://vk.com/wall-21579744_411185,-21579744,411185
мясо,"Салат «Снежный» с крабом и авокадо 
Нам понадобятся: крабовое мясо -200гр, огурец свежий - 1 шт, авокадо-половина,рис -2 ст.ложки, майонез и йогурт.
Приготовление: берем кольцами и укладываем все ингредиенты слоями: рис, крабовое мясо, огурец, авокадо. Каждый слой промазать соусом из майонеза и йогурта.
Салат можно украсить икрой и зеленью.
Приятного аппетита и отличного настроения!🎊🎄🌲🥰",meat,brutal action (in games/movies),LITERAL,HIGH,"In this sentence, ""мясо"" refers to crab meat, which is its literal meaning as an ingredient in the salad recipe.",0,2025-12-07,https://vk.com/wall-211686981_2197,-211686981,2197
мясо,"Домашние куры бройлеры 400 р/кг. 
Мясо домашних кур выращенных на натуральных кормах (овощи, пшеница, кукуруза, дробленка). 
Птичка из собственного хозяйства! 
Очень нежное и вкусное мясо, подойдёт для бульона, запекания, фарша и тд.
Вес тушек от 2,5 до 3 кг.
Забой производился в октябре.
Все тушки в замороженном виде! 
При заказе от 5 шт цена 350р/кг.
Возможны бронирование и  бесплатная доставка до подъезда!!! 

По всем интересующим вопросам обращаться по телефону
89613742886 Наталья",meat,brutal action (in games/movies),LITERAL,HIGH,"In this sentence, ""мясо"" refers to the literal meaning of meat from domestically raised chickens, as it describes the product being offered for sale.",0,2025-12-07,https://vk.com/wall-201663873_20508,-201663873,20508
мясо,"ОБАЛДЕННЫЕ СТЕЙКИ! По этому рецепту мясо получается нежным, сочным и очень вкусным",meat,brutal action (in games/movies),LITERAL,HIGH,"In this sentence, ""мясо"" refers to meat in a culinary context, which is its literal meaning, as it describes the quality of the dish being prepared.",1,2025-12-07,https://vk.com/wall-217468381_2511,-217468381,2511
мясо,"Здравствуйте! 
Вот схема питания моей собаки (цвергшнауцер): 
✔️Филе: 120г
✔️Сердце(кроветворный), желудки: 50г
✔️Мясо-костное: 50г
✔️Печень, почки, селезёнка: 20г
Подскажите, в качестве филе подойдет пикальное мясо (пищевод говяжий)? раньше брали только филе индейки",meat,brutal action (in games/movies),LITERAL,HIGH,"In this sentence, ""мясо"" refers to actual meat as part of the dog's diet, which is its literal meaning.",3,2025-12-07,https://vk.com/wall-135003714_2203282,-135003714,2203282
мясо,"#WW139686 — артикул на лососёвое масло (100% чистое, из мяса ДИКОГО лосося). Копируй и вставляй на ВБ 🙌🏼

Масло лосося дают питомцам для улучшения состояния кожи и шерсти, укрепления иммунной и сердечно-сосудистой системы, а также для поддержки здоровья суставов и мозга благодаря содержанию полезных жирных кислот Омега-3 и Омега-6 🐟

Оно полезно и при линьке, а также может помочь в комплексной терапии различных заболеваний и в период восстановления после болезней 🐶🐱",meat,brutal action (in games/movies),LITERAL,HIGH,"In this sentence, ""мясо"" refers to the literal meat of wild salmon, which is a direct description of the product being discussed.",0,2025-12-07,https://vk.com/wall-232619171_103,-232619171,103
мясо,"Свинина - ОПТОМ!🥩

Друзья, опт у нас идёт только от 5 кг. 

•Куски разные, разруб идёт с костями и кожей. 
 
Цену уточняйте у наших продавцов😊
____ 
ПРОДУКТЫ МЯСО РЫБА КОММУНАР АНТЕЛЕВО 
д. Антелево, Чудская улица, участок №20",meat,brutal action (in games/movies),LITERAL,HIGH,"In this sentence, ""мясо"" is used in its literal sense to refer to meat products being sold, rather than in a slang context.",0,2025-12-07,https://vk.com/wall-204440339_1033,-204440339,1033
мясо,"Это блюдо станет настоящей находкой для тех, кто любит сытную и домашнюю еду. Картофельная запеканка с мясным фаршем, залитая соусом бешамель и сыром, получается невероятно сочной, ароматной и вкусной. Пока она горячая, сыр тянется, а сливочные нотки соуса хорошо дополняют картошку и мясо. Для приготовления вам понадобится крупный картофель (6 штук), мясной фарш на ваш […]  фото: freepik.com/chandlervid85  Это блюдо станет настоящей находкой для тех, кто любит сытную и домашнюю еду.",meat,brutal action (in games/movies),LITERAL,HIGH,"In this sentence, ""мясо"" refers to meat as an ingredient in the dish, which is its literal meaning and not used in a slang context.",0,2025-12-07,https://vk.com/wall-222626153_14169,-222626153,14169
мясо,"Куриный суп-пюре - просто 🔥🔥🔥🔥
И дома , и на работе ! 
Развел в кружке с горячей водой и наслаждайся полноценным сбалансированным обедом 😉
Можно добавить мясо и зелень 👌🥰
А какие там хрустящие сухарики 😂😂Ммм…
Мужу тоже понравился ! 
Он даже не понял , когда это я успела свежий супчик ему сварить 😂😂😂",meat,brutal action (in games/movies),LITERAL,HIGH,"In this sentence, ""мясо"" refers to actual meat that can be added to the soup, which is its literal meaning.",0,2025-12-07,https://vk.com/wall119581531_2899,119581531,2899
мясо,"7.12.2025 22:29
Без сахара
0/30 дней подряд
Без химии
0/30 дней подряд
Без мяса/рыбы 
0/30 дней подряд
Без мучного
0/30 дней подряд",meat,brutal action (in games/movies),LITERAL,HIGH,"In this sentence, ""мясо"" is used in its literal sense to refer to meat, as it is listed among dietary restrictions.",0,2025-12-07,https://vk.com/wall202888508_847,202888508,847
мясо,"#ВолодяВПутин #МнениеЕнота
Потом ВВП, наверняка, поехал туда, где есть мясо😎 
Русский  - ест мясо!🥩",meat,brutal action (in games/movies),LITERAL,HIGH,"In this sentence, ""мясо"" refers to literal meat, as it discusses where someone might go to find food, specifically meat, rather than using it as slang for brutal action.",2,2025-12-07,https://vk.com/wall82140668_61382,82140668,61382
мясо,"Никогда не была в Грузии, но люблю готовить грузинские блюда. Не хватает яркого солнца, синего неба, цветущего в марте миндаля жителям севера. А грузинские блюда - мясо и овощи. Яркие, жгучие, пряные, вкусные. Чахохбили с курицей. Кроме заранее обжаренных куриных голеней, здесь томаты, зелень (кинза, петрушка), чеснок, пряности.",meat,brutal action (in games/movies),LITERAL,HIGH,"In this sentence, ""мясо"" refers to the literal meaning of meat as an ingredient in Georgian dishes, rather than any slang usage.",0,2025-12-07,https://vk.com/wall265106309_12490,265106309,12490
мясо,"Ну и надгробие у Ельцина-словно мясо свежеубитое. Земля стекловатой! 
А вот тот второй с Ельциным на снимке- он по полной фигурирует в списке Эпштейна. Клинтон с принцем Эндрю просто не просыхали на педофильском острове Эпштейна: куда  в основном свозили как контрибуцию девочек из России, Белоруссии, Казахстана, Украины, Молдавии.",meat,brutal action (in games/movies),LITERAL,HIGH,"In this sentence, ""мясо"" refers to fresh meat in a literal sense, describing the quality of the gravestone metaphorically, rather than using it as slang for brutal action.",0,2025-12-07,https://vk.com/wall518848565_6094,518848565,6094
мясо,"Концерт группы 19/07 feat. Сергей Захаров(басист группы Король и Шут) в клубе Инкогнито(Москва):
11. Мертвый анархист
12. Танец злобного гения
13. Ели мясо мужики
14. Некромант",meat,brutal action (in games/movies),LITERAL,HIGH,"In the context of the song title ""Ели мясо мужики,"" ""мясо"" is used in its literal sense referring to meat, as the title suggests a direct reference to men consuming meat.",1,2025-12-07,https://vk.com/wall796477895_408,796477895,408
мясо,"Мегабургер для большой компании 😍
Словно торт , но вкуснее , сытнее и любимее 🤤
Огроменная котлетина из мяса оленя , много соуса , овощей и вкусная булка 🍔
Хватит на всех ! 
Заказы принимаем на буднях и выходных , за 3 дня до вывоза. 
Вкуснее вы ничего уже не попробуете !!",meat,brutal action (in games/movies),LITERAL,HIGH,"In this sentence, ""мясо"" refers to the literal meaning of meat, specifically describing the patty made from deer meat in the context of a burger.",1,2025-12-07,https://vk.com/wall-162428768_41721,-162428768,41721
мясо,"Что вы знаете про пельмень?
Мясо и тесто? Это еще мука и бокал. или даже 2.
Не так все просто если за работу берутся не профессионалы своего дела, да под винишко.. 
Спасибо [id116045985|Ирина Хафизова] за приглашение!",meat,brutal action (in games/movies),LITERAL,HIGH,"In this sentence, ""мясо"" is used in its literal sense to refer to the meat component of pelmeni, rather than as slang for a brutal action.",0,2025-12-07,https://vk.com/wall164457933_3141,164457933,3141
мясо,"ПО-ДРУГОМУ УЖЕ НЕ ЗАХОЧЕТСЯ, МЯСО ПРОСТО ТАЕТ 
 
Список ингредиентов: 
- Свинная рулька - 1,5 кг 
- Картофель - 1 кг 
- Квашеная капуста - 500 г 
- Чеснок - 5 зубчиков 
- Куриный желток - 1 шт 
- Горчица в зернах - 1,5 ч.л. 
- Острая горчица - 1 ч.л. 
- Мед - 1 ч.л. 
- Соль - 1 ч.л. без горки 
- Черный молотый перец - 1 ч.л. без горки 
Накрыть фольгой и запекать 2 часа при температуре 180 градусов. 
АВТОР euphoria_of_food 
Как вам рецепт?👇️",meat,brutal action (in games/movies),LITERAL,HIGH,"In this sentence, ""мясо"" refers to the literal meat being cooked, as it is part of a recipe context and not used in a slang sense.",0,2025-12-07,https://vk.com/wall-219918011_31977,-219918011,31977
мясо,"Продам мясо индоуток тушками, забой по предварительному заказу.89991458516 или писать в лс",meat,brutal action (in games/movies),LITERAL,HIGH,"In this sentence, ""мясо"" refers to the literal meaning of meat from ducks, as it is discussing the sale of duck meat and not using it in a slang context.",0,2025-12-07,https://vk.com/wall-88107041_280661,-88107041,280661
мясо,"Совершенно новая столовая в ""Planetbase 2""🥪. 
 
В ней колонисты могут есть свои любимые блюда, такие как стейк из синтетического мяса, бургер с крикетом или салат из водорослей.

П.С. А как будто бы похожа старую столовую🤔.

""Какая вкусняшка, эта ваша еда будущего😐""!! 
 
#симуляторы@mar_tians 
#Planetbase@mar_tians 
#досуг@mar_tians",meat,brutal action (in games/movies),LITERAL,HIGH,"In this sentence, ""мясо"" refers to ""synthetic meat,"" which is a literal reference to food, not a slang term.",0,2025-12-07,https://vk.com/wall-216665179_4069,-216665179,4069
мясо,"Продавец: [id778886440|Анна Титова] 
Принимаю заказ на мясо домашней свинины, выращенное на натуральных кормах, осталось пол туши, приблизительный вес 90  100 кг, цена 350р, доставка обговаривается. Обращайтесь на ватсап 89959620104 Анна.",meat,brutal action (in games/movies),LITERAL,HIGH,"In this sentence, ""мясо"" refers to actual meat from domestic pork, which is its literal meaning and not used in a slang context.",0,2025-12-07,https://vk.com/wall-225153392_4686,-225153392,4686
мясо,"Индюки домашние! Не бройлерные, выращены на натуральных кормах. Диетическое мясо для деток и взрослых. Вес тушки от 3 кг и выше. Цена 800р/кг. Луганск, малая Вергунка. Доставка оговаривается отдельно. +79591497624",meat,brutal action (in games/movies),LITERAL,HIGH,"In this sentence, ""мясо"" refers to the literal meaning of meat, specifically describing the type of meat being sold, rather than any slang usage.",2,2025-12-07,https://vk.com/wall-164302772_252080,-164302772,252080
мясо,"👹 БЕРЕГИ ГЛАЗА!! 👹

Аттеншн! Мясо и жир с прошедшего [club231949191|Bender Birthday’25!] 

За жогово спасибо:
[club223133658|ДЖОННИ ВЗЯЛ РУЖЬЕ !] 
[club220236878|ШМАРА] 
[club159182873|MAYDIE] 
[club201727574|.katana] 
[club227269321|WORMS] 

Спасибо [id155499476|Оззи] за крутую тусовку!
И всем-всем, кто пришел и месился от души 🫀",meat,brutal action (in games/movies),LITERAL,HIGH,"In this context, ""мясо"" refers to actual meat, as it is mentioned in relation to a specific event (Bender Birthday’25) and does not imply any slang meaning.",3,2025-12-07,https://vk.com/wall-226865356_141,-226865356,141
мясо,"СНЕКИ СОЕВАЯ МЯСО

КИТАЙСКАЯ ЗАКУСКА 

1 ШТ 100 РУБЛЕЙ 172г 

ОПТОМ УПАКОВКАЙ 10×75=750 РУБЛЕЙ
 ПО 172Г ОДНОГО ЦВЕТА 

!!! САДОВОД ПТИЧИЙ РЫНОК 
     РЯД 1 МЕСТО 20   !!!",meat,brutal action (in games/movies),LITERAL,HIGH,"In this sentence, ""мясо"" refers to a food product (soy meat), which is its literal meaning, rather than a slang term for brutal action.",1,2025-12-07,https://vk.com/wall454742911_95897,454742911,95897
мясо,"!!! АКЦИЯ  !!! 

СНЕКИ СОЕВАЯ МЯСО С КУНЖУТОМ 

КИТАЙСКАЯ ЗАКУСКА СПАРЖА 

1 ШТ 50 РУБЛЕЙ 76г 

ОПТОМ ВЫГОДНО 320 РУБЛЕЙ 10 ШТ 
ПО  76Г

!!! САДОВОД ПТИЧИЙ РЫНОК 
      РЯД 1 МЕСТО 20   !!!",meat,brutal action (in games/movies),LITERAL,HIGH,"In this sentence, ""мясо"" refers to ""meat"" as part of a food product description, which is its literal meaning.",1,2025-12-07,https://vk.com/wall454742911_95896,454742911,95896
мясо,"12 декабря в «Русском Доме» — гастрономическая ярмарка Вологодчины!
Соберёмся всей семьёй? Здесь есть ВСЁ:
✔️ Прямо с фермы: молоко, мясо, сыры, овощи, мёд.
✔️ Сделано вручную: игрушки, валенки, новогодние украшения.
✔️ Можно всё пробовать и сразу покупать.
✔️ Мастер-классы от шефов.

Поддержим местных производителей и запасёмся самыми вкусными и качественными продуктами к Новому году! 🎄",meat,brutal action (in games/movies),LITERAL,HIGH,"In this sentence, ""мясо"" refers to meat as a food product being sold at the fair, which is its literal meaning.",1,2025-12-07,https://vk.com/wall-83065143_900370,-83065143,900370
мясо,"В саванне сняли двух львов, которые после удачной охоты наелись до такой степени, что с трудом двигались.

Гости национального парка Крюгера в ЮАР наблюдали, как два царя зверей, явно переусердствовавшие с обеденной трапезой, лежали на земле и практически не могли шевельнуться.

Интересно, что взрослый лев может за один приём пищи съесть до 40 кг мяса — это почти четверть его собственного веса.",meat,brutal action (in games/movies),LITERAL,HIGH,"In this sentence, ""мясо"" refers to the literal meaning of meat that the lions consumed after hunting, with no indication of slang usage.",0,2025-12-07,https://vk.com/wall-224836795_14685,-224836795,14685
мясо,"Комплексные обеды 
От 350 руб 

Понедельник 

Щи с квашеной капустой
Макароны с курочкой 
Сельдь под шубой 

Вторник 

Солянка 
Греча с печенью 
Винигред

Среда 

Куриный с вермишелью
Тушёный картофель с мясом
Оливье

Четверг 

Рассольник 
Рис с рыбкой
Салат Рыжик 

Пятница 

Борщ
Пюре 
Гуляш
Салат Витаминный",meat,brutal action (in games/movies),LITERAL,HIGH,"In the context of the menu, ""мясо"" refers to meat as a food item, which is its literal meaning.",0,2025-12-07,https://vk.com/wall-234461862_15,-234461862,15
мясо,"Окажу услуги по закупу мяса KPC всех категорий) быки и телки с откорма, коровы, полевой скот, вынужденный забой) принимаю как по весам, так и на глаз или живьём, выезжаем и в другие районы, башкирии и челябинской области. Расчет на месте, работаю как с большим, так и с небольшим поголовьем, 24/7 на связи звоните или пишите в любое время, отправляйте фото и видео на Whatsapp 89085754929",meat,brutal action (in games/movies),LITERAL,HIGH,"In this sentence, ""мясо"" refers to actual meat products being offered for sale, which is its literal meaning.",0,2025-12-07,https://vk.com/wall-32375392_43745,-32375392,43745
мясо,Как накормить нищую Россию. Нищими россиянами. Что продаётся под видом куры и мяса,meat,brutal action (in games/movies),LITERAL,HIGH,"In this sentence, ""мясо"" refers to meat in a literal sense, as it discusses what is sold under the guise of chicken and meat, without any slang connotation.",0,2025-12-07,https://vk.com/wall277177041_13084,277177041,13084
мясо,"Этот салат избавит вас от толстых боков! 😍 
 
✅КБЖУ на 100 гр:  
 
-Пекинская капуста 150 гр. 
-Крабовое мясо 1 упаковка 
-Яйца 3 шт. 
-Огурец 1 шт. 
-Кукуруза 0,5 банки 
-Сметана 
-Горчица ложечка",meat,brutal action (in games/movies),LITERAL,HIGH,"In this sentence, ""мясо"" refers to crab meat, which is its literal meaning in the context of a salad recipe, rather than any slang usage.",0,2025-12-07,https://vk.com/wall-216606834_966,-216606834,966
мясо,"Кронигири

45 мин 4 порции

Ингредиенты:
- дрожжевое слоёное тесто - 200 г
- творожный сыр - 150 г
- мясная нарезка - 4 шт.
- нори - 1 лист

Приготовление:
1. Разрежьте слоёное тесто на равные полоски толщиной около 2 см.
2. Скрутите в рулет и выложите в треугольные формы.
3. Выпекайте в духовке при 200 ℃ в течение 25 минут.
4. Внутрь готового треугольника добавьте творожный сыр.
5. В качестве начинки добавьте мясо.
6. Нарежьте нори и оберните ими булочки. Кронигири готовы",meat,brutal action (in games/movies),LITERAL,HIGH,"In this sentence, ""мясо"" refers to meat as an ingredient in the recipe, which is its literal meaning and not used in a slang context.",0,2025-12-07,https://vk.com/wall-178267223_207648,-178267223,207648
мясо,"Продам овец на мясо:
10руб за кг живого веса
20руб за кг мясом в туше
Также  имеются на продажу котные ярки 350р
По всем вопросам обращаться по телефону
+375336087733
+375298902679",meat,brutal action (in games/movies),LITERAL,HIGH,"In this sentence, ""мясо"" refers to the literal meaning of meat, as it discusses the sale of sheep for meat production.",0,2025-12-07,https://vk.com/wall-70167362_300474,-70167362,300474
мясо,"Продам мясо в разрубе молоденькая тёлочка с доставкой на дом , закол был сегодня,  мякоть от 650,700, сердцевина 750р , рёбра мясистые с грудинкой 550р , мотолыжки 380р, Ливер 400р , голова с языком 1500т а также баранина ( молодняк ) 650р обращаться по телефону 89124059084",meat,brutal action (in games/movies),LITERAL,HIGH,"In this sentence, ""мясо"" refers to actual meat being sold, which is its literal meaning, rather than a slang term for brutal action.",1,2025-12-07,https://vk.com/wall-101245664_199330,-101245664,199330
камень,"Требуется на ПОСТОЯННУЮ работу (можно и подработку) СБОРЩИК ШКАФОВ ЭЛЕКТРИЧЕСКИХ (управления, автоматики)!!!! Обязателен опыт работы по сборке и наладке низковольтного электрощитового оборудования; Чтение и понимание принципиальных электрических схем, конструкторской документации;
Навык работы с электроинструментом. Место работы: Каменная горка. Оплата труда СДЕЛЬНАЯ!!! Только звонить +375291950658 Александр",stone,something very solid/trustworthy,LITERAL,HIGH,"""Каменная горка"" refers to a specific geographical location, and in this context, ""камень"" is used literally to describe the place name rather than in a slang sense.",0,2025-12-08,https://vk.com/wall-21006385_134347,-21006385,134347
камень,"Козерог, раскрой свой потенциал! Подбери камень-талисман, который усилит твою целеустремленность и принесет удачу. Выбор камня для Козерога - это ключ к гармонии.",stone,something very solid/trustworthy,LITERAL,HIGH,"In this sentence, ""камень"" refers to a physical stone or gem that serves as a talisman, which is its literal meaning rather than a slang usage.",0,2025-12-08,https://vk.com/wall-229113684_10148,-229113684,10148
камень,"""Stone chosen Hero and the Sorceress of Doom""

Автоперевод: Камень выбран Герой и Чародейка Судьбы

Источник: www.reddit.com/r/Hololive/comments/1pg4kg7/stone_chosen_hero_and_the_sorceress_of_doom/",stone,something very solid/trustworthy,LITERAL,HIGH,"In the sentence, ""камень"" refers to a physical stone, which aligns with its literal meaning rather than any slang usage.",1,2025-12-08,https://vk.com/wall-214737380_53116,-214737380,53116
камень,"✨Я не могу без тебя жить!
Мне и в дожди без тебя — сушь,
Мне и в жару без тебя — стыть.
Мне без тебя и Москва — глушь.
Мне без тебя каждый час — с год,
Если бы время мельчить, дробя;
Мне даже синий небесный свод
Кажется каменным без тебя.
Я ничего не хочу знать —
Слабость друзей, силу врагов;
Я ничего не хочу ждать,
Кроме твоих драгоценных шагов.✨.🥀.

1960 г.
Николай Асеев",stone,something very solid/trustworthy,LITERAL,HIGH,"In the sentence, ""каменным"" refers to the sky seeming stone-like in its coldness and lack of warmth without the presence of the beloved, which is a metaphorical use but still retains the literal sense of ""stone"" as a solid, unyielding substance.",3,2025-12-08,https://vk.com/wall678170959_8579,678170959,8579
камень,КАК ВЕРНУТЬ печи БЫЛУЮ КРАСОТУ？ Полировка Каменной Крышки Банной Печи,stone,something very solid/trustworthy,LITERAL,HIGH,"In the phrase ""Полировка Каменной Крышки Банной Печи,"" ""камень"" refers to the literal material (stone) used in the construction of the bath stove's cover, not as slang.",0,2025-12-08,https://vk.com/wall-232247773_12519,-232247773,12519
камень,Как за каменной стеной!!!!!! я с ним вообще ничего не боюсь🫶🏽,stone,something very solid/trustworthy,LITERAL,HIGH,"In this sentence, ""каменной стеной"" refers to a literal stone wall, indicating a sense of security and protection, rather than using ""камень"" as a slang term for something solid or trustworthy.",1,2025-12-08,https://vk.com/wall70836710_9359,70836710,9359
камень,ИЗ ЧЕГО ПОСТРОИТЬ ДОМ？ ДЕРЕВО ИЛИ КАМЕНЬ？,stone,something very solid/trustworthy,LITERAL,HIGH,"In this sentence, ""камень"" refers to the material used for building a house, which is its literal meaning as a physical substance.",0,2025-12-08,https://vk.com/wall-233517706_2105,-233517706,2105
камень,"🎬 Фильм, снятый в Екатеринбурге, выходит в широкий прокат в Турции!
 Сказочное драмеди «Легенды наших предков» Ивана Соснина с 9 декабря начнут показывать в турецких кинотеатрах, школах и университетах. Картина уже объехала десятки фестивалей и собрала награды, а в съёмках участвовали такие локации, как Шарташские каменные палатки и метро «Геологическая».
 Это отличная поддержка локальной киноиндустрии и ещё один шаг к тому, чтобы Урал заметили как территорию сильных творческих проектов.",stone,something very solid/trustworthy,LITERAL,HIGH,"In the sentence, ""камень"" refers to the literal stone formations known as Шарташские каменные палатки, indicating a physical location rather than a metaphorical or slang usage.",5,2025-12-08,https://vk.com/wall-150699783_306519,-150699783,306519
камень,"Тьма и лютый холод. Украина скатывается в каменный век под ударами РФ

Дудчак: Недовольство украинского народа нарастает. https://aif.ru/politics/russia/tma-i-lyutyy-holod-ukraina-skatyvaetsya-v-kamennyy-vek-pod-udarami-rf",stone,something very solid/trustworthy,LITERAL,HIGH,"In this sentence, ""каменный век"" refers to the literal ""Stone Age,"" indicating a historical period characterized by the use of stone tools, rather than using ""камень"" in a slang context.",0,2025-12-08,https://vk.com/wall-232803499_2720,-232803499,2720
камень,"Вадим ЖУК. 
ДАВИД
-А где он брал и камни и верёвки?
-Не знаю, внучек.
-А где у него были тренировки?
-Не помню, внучек.
-А Голиаф сильнее был по силе?
-Намного, внучек.
-А что они вообще не поделили?
-Свободу, внучек.
-А есть сейчас такие великаны?
-До чёрта, внучек.
-Ты купишь мне потом такой же камень?
-Конечно, внучек.",stone,something very solid/trustworthy,LITERAL,HIGH,"In this context, ""камень"" refers to a physical stone, as the conversation revolves around training and strength, indicating a literal usage rather than a metaphorical or slang meaning.",1,2025-12-08,https://vk.com/wall311616580_174,311616580,174
камень,"❗ 💥 ⚡УГОЛЬ ОТ 6500Р, ( СЕМЕЧКА, ОРЕХ, КУЛАК), КУРНОЙ,ДРОВА РУБЛЕНЫЕ ⚡,💥 ПЕСОК, ЩЕБЕНЬ,КЛИНЕЦ,ОТСЕВ,ГРАНШЛАК,ЦЕМЕНТ,КАМЕНЬ БУТ. ☎ тел. +79595060191 Telegram, WhatsAppX ❗",stone,something very solid/trustworthy,LITERAL,HIGH,"In this sentence, ""камень"" refers to literal stones or rocks as part of a list of construction materials, not as a slang term.",0,2025-12-08,https://vk.com/wall-2677857_394552,-2677857,394552
камень,"Мудрый человек, как драгоценный камень, 
Остается неизменным во всех отношениях. 
Глупец, как чаша весов, 
От любого прикосновения 
Скачет то вверх, то вниз.  

Сакья Пандита",stone,something very solid/trustworthy,LITERAL,HIGH,"In this sentence, ""камень"" refers to a ""precious stone"" in a literal sense, describing the wisdom of a person, rather than using it as slang for something solid or trustworthy.",3,2025-12-08,https://vk.com/wall-226176230_2372,-226176230,2372
камень,"Обои который популярные в Артёме

Обои — это рулонный материал для оклеивания стен внутри помещений, в том числе в комнатах с повышенной влажностью. В зависимости от материала различают следующие их виды. Бумажные обои Самый распространенный вид обоев, изготавливается из спрессованной бумаги, пропитанной клеящим веществом (в большинстве случаев мелом). Бумажные обои бывают в полоску, под покраску, имитирующие кирпич, камень, ткань, дерево, […]
#Ремонт https://bit.ly/4rJq3MU",stone,something very solid/trustworthy,LITERAL,HIGH,"In this sentence, ""камень"" refers to a type of wallpaper that imitates the appearance of stone, which is its literal meaning as a material.",0,2025-12-07,https://vk.com/wall527155959_131259,527155959,131259
камень,"Считается, что камень змеевик способствует развитию интуиции и творческих способностей, помогает в обучении. 
Зелёный агат подходит активным людям, которые находятся в постоянном движении. Считается, что он помогает восстановить гармонию с окружающим миром.
———————————
Колье из агата, змеевика и жемчуга:
https://detailsbox.ru/shop/green-stone-necklace",stone,something very solid/trustworthy,LITERAL,HIGH,"In this sentence, ""камень"" refers to a physical stone (specifically, a type of stone), which is its literal meaning, rather than a metaphorical or slang usage.",1,2025-12-07,https://vk.com/wall-111499985_2701,-111499985,2701
камень,"Добро пожаловать в церковь Краеугольный Камень город Milton, штат Вашингтон, США!
Присоединяйтесь к нам онлайн каждое воскресенье в 2:15pm.
Во время прямой трансляции вы можете оставить свою молитвенную просьбу в комментариях под этим видео, и мы обязательно подвяжемся с вами в молитве.
Подпишитесь и включите уведомления на канал Cornerstone Slavic Church, дабы  не пропустить новые трансляции. 
",stone,something very solid/trustworthy,LITERAL,HIGH,"In this sentence, ""Краеугольный Камень"" refers to a specific church name, where ""камень"" is used in its literal sense as part of the phrase meaning ""cornerstone,"" which is a foundational stone in construction.",0,2025-12-07,https://vk.com/wall861387861_569,861387861,569
камень,"РТРС  информирует: возможны перерывы в вещании.

🔧ФГУП «Российская телевизионная и радиовещательная сеть» (РТРС) сообщает о проведении плановых профилактических работ на ретрансляторе ""Владивосток"".

📌В связи с этим 11 декабря возможны перерывы в вещании в городе Владивостоке, ЗАТО Большой Камень, частично в Надеждинском и  Хасанском округах следующих каналов: Радио Ви-Би-Си, Радио Лемма, Радио Монте-Карло

ФГУП РТРС приносит извинения за доставленные неудобства.

#СвязьПриморья",stone,something very solid/trustworthy,LITERAL,HIGH,"In this sentence, ""камень"" refers to the geographical location of ""ЗАТО Большой Камень,"" which is a proper noun and indicates a specific place, thus used in its literal sense.",1,2025-12-07,https://vk.com/wall-216227610_1558,-216227610,1558
камень,"Расписание богослужений :
в Каменно-Бродском монастыре:

9 декабря,  вторник 
17:00 - вечернее богослужение.

10 декабря, среда - иконы Божией Матери, именуемой «Зна́мение». 
Часы. Литургия.

12 декабря, пятница 
17:00 - вечернее богослужение. 

13 декабря, суббота - Апостола Андрея Первозванного.
Часы. Литургия. 
16:00- панихида
17:00- вечернее богослужение.

14 декабря, воскресенье - Прав. Филарета Милостивого
7:00 - 7:45 - исповедь, 
7:45 - часы,
8:00 - божественная литургия",stone,something very solid/trustworthy,LITERAL,HIGH,"In the context of ""Каменно-Бродский монастырь,"" the word ""камень"" refers to the literal meaning of ""stone,"" as it is part of the name of the monastery, indicating its physical structure or location.",5,2025-12-07,https://vk.com/wall-13077582_1472,-13077582,1472
камень,"#Элетар #Eletar #DnD #НРИ #ЗаписьИгры

Камень и камень 3 (Часть 9)

Команда Дебошира решила разделиться. Суд дело долгое, а прибыль дело важное. Оставив Бренора за старшего, капитан Грейвхард отправился отстаивать свои интересы на полях закона и беззакония. Остальная часть экипажа занялась гуманитарной помощью. Своеобразно конечно… но серьезные проблемы требуют серьезных решений.",stone,something very solid/trustworthy,LITERAL,HIGH,"In this context, ""камень"" refers to a physical stone, which aligns with its literal meaning, as there is no indication of it being used metaphorically or as slang.",3,2025-12-07,https://vk.com/wall-231880598_643,-231880598,643
камень,"ЛОМЫ. 1- е - старинное каменное корыто. 
2- е - гостиница. 
3- е - номер в гостинице
#ломы
#паркломы
#воробьевкаломы",stone,something very solid/trustworthy,LITERAL,HIGH,"In the sentence, ""каменное корыто"" refers to a literal stone trough, indicating the original, physical meaning of ""камень"" as stone.",1,2025-12-07,https://vk.com/wall17921696_2021,17921696,2021
камень,"""Труд: Серра Пелада, спины"", Себастьян Сальгадо 
 
1986 г. 
 
Себастьян Сальгадо - один из великих фотографов-документалистов. Данный снимок вошел в книгу «Рабочие» — археологическое исследование деятельности, определившей труд от каменного века до промышленного века до наших дней. ""Труд: Серра Пелада, спины"" относится к числу самых известных фотографий этой серии.",stone,something very solid/trustworthy,LITERAL,HIGH,"In the sentence, ""камень"" refers to the stone age, which is a historical period characterized by the use of stone tools, thus it is used in its literal sense.",9,2025-12-07,https://vk.com/wall-107232016_94395,-107232016,94395
камень,"❤️Доброе утро, Большой Камень!

«При всех превратностях судьбы самое большое несчастье — быть счастливым в прошлом».

✍🏼Боэций, римский философ, государственный деятель

📸Олеся Ковалева

☃️ До Нового года осталось 24 дня",stone,something very solid/trustworthy,LITERAL,HIGH,"In this sentence, ""Большой Камень"" refers to a specific geographical location (a town in Russia), thus using ""камень"" in its literal sense as part of a proper noun rather than as slang.",0,2025-12-07,https://vk.com/wall-221172000_1984,-221172000,1984
камень,"📜 Каждый летящий в тебя сегодня камень — это один из разбросанных тобою ранее. Каждый твой Солнечный Луч к тебе вернется Солнцем!
✍ Автор:",stone,something very solid/trustworthy,LITERAL,HIGH,"In this sentence, ""камень"" refers to a literal stone being thrown, rather than a metaphorical or slang usage.",0,2025-12-07,https://vk.com/wall-229875337_1527,-229875337,1527
камень,"— окулус репаро.

#harrypotter ↯ философский камень ↯ #гаррипоттер",stone,something very solid/trustworthy,LITERAL,HIGH,"In this context, ""камень"" refers to the Philosopher's Stone, which is a literal object in the Harry Potter universe, rather than a slang term.",3,2025-12-07,https://vk.com/wall-192305517_37570,-192305517,37570
камень,"Каждый камень в украшениях Chekotin Jewellery рассказывает свою уникальную историю. 

Главную партию в кольце ""Формула"" играет колумбийский изумруд огранки груша весом 2,51 ct. Его яркое зеленое сияние приглашает в мир природной красоты и магии. 

Вместе с 44 сияющими бриллиантами и 18 изумрудами поменьше, это кольцо становится не просто украшением, а настоящим произведением искусства.",stone,something very solid/trustworthy,LITERAL,HIGH,"In this sentence, ""камень"" refers to the physical stone used in jewelry, which is its literal meaning, rather than a slang term.",1,2025-12-07,https://vk.com/wall-167409509_1117,-167409509,1117
камень,"С коромыслом ходили, муку на каменных жерновах мололи, елочную игрушку расписывали! 
А еще спа, концерт и море положительных эмоцией! 
Одни выходные - как отпуск🔥
❤️свою работу 
[club34800|Ива Нова]",stone,something very solid/trustworthy,LITERAL,HIGH,"In this sentence, ""каменных жерновах"" refers to actual stone millstones used for grinding flour, which is a literal usage of the word ""камень.""",2,2025-12-07,https://vk.com/wall1559621_11069,1559621,11069
камень,"Один день в Хакасии: краеведческий музей с инсталляцией петроглифов и загадочных каменных изваяний, красавиц Енисей, музей под открытым небом Шушенское, где проводил годы ссылки в Сибирь В.И.Ленин, тот самый дом с интерьером и даже подлинной кухонной утварью. Ну и конечно же Саяно-Шушенская ГЭС - завораживающая мощью, масштабами этого крупнейшего стратегического объекта и красотой вечерней подсветки с тихо падающими с неба снежными хлопьями. Вокруг заснеженные Саяны и чистейший морозный воздух🥰",stone,something very solid/trustworthy,LITERAL,HIGH,"In the sentence, ""камень"" refers to ""каменных изваяний"" (stone sculptures), which is a literal reference to physical stones used in art or monuments.",0,2025-12-07,https://vk.com/wall18339480_535,18339480,535
камень,"Каменный город Улахан-Сис, Якутия.

Малоизвестное место в заполярной Якутии почти на 70-й широте.

Сам представляет собой невысокую возвышенность, которая узкой полосой с запада на восток тянется между реками Индигиркой и Алазеей. Среди почти ровной тундры возвышаются гранитные гребни, как костяные пластины на спине динозавра с рядами каменных изваяний удивительных форм и размеров.

Координаты: 70.442111, 134.385891.",stone,something very solid/trustworthy,LITERAL,HIGH,"In the sentence, ""камень"" refers to the literal stones that make up the granite ridges and formations in the described landscape, rather than being used as a slang term.",9,2025-12-07,https://vk.com/wall-198152052_45142,-198152052,45142
камень,"🎬 Фильм, снятый в Екатеринбурге, выходит в широкий прокат в Турции!🙂

Сказочное драмеди «Легенды наших предков» Ивана Соснина с 9 декабря начнут показывать в турецких кинотеатрах, школах и университетах. Картина уже объехала десятки фестивалей и собрала награды, а в съёмках участвовали такие локации, как Шарташские каменные палатки и метро «Геологическая».

Это отличная поддержка локальной киноиндустрии и ещё один шаг к тому, чтобы Урал заметили как территорию сильных творческих проектов!",stone,something very solid/trustworthy,LITERAL,HIGH,"In this sentence, ""каменные палатки"" refers to actual stone formations, which is a literal use of the word ""камень"" (stone) rather than a slang meaning.",0,2025-12-07,https://vk.com/wall-665547_15644,-665547,15644
камень,"Что делать, если зима вышла скупой на снег? А хочется, по фотографироваться на улице. 

Воспользуемся преимуществами городской среды: каменные стены, огни фонарей,  станут отличными элементами композиции.

 Выбираем одежду светлых оттенков— пусть фотография оживляет пространство, а не наоборот.

И главный пункт, создаем уникальные кадры. 

В кадре [id13224658|Диана Кургуз] 

📸 [id5522307|Татьяна Алексеева]",stone,something very solid/trustworthy,LITERAL,HIGH,"In the sentence, ""каменные стены"" refers to literal stone walls, which is a direct and straightforward usage of the word ""камень"" in its original sense.",1,2025-12-07,https://vk.com/wall5522307_2921,5522307,2921
камень,"ПРЕЖДЕ ЧЕМ ОСУЖДАТЬ КОГО - ТО, ВОЗЬМИТЕ ЕГО ОБУВЬ И ПРОЙДИТЕ ЕГО ПУТЬ, ПОПРОБУЙТЕ ЕГО СЛЕЗЫ, ПОЧУВСТВУЙТЕ ЕГО БОЛЬ.
НАТКНИТЕСЬ НА КАЖДЫЙ КАМЕНЬ, О КОТОРЫЙ ОН СПОТКНУЛСЯ. И ТОЛЬКО ПОСЛЕ ЭТОГО ГОВОРИТЕ, ЧТО ВЫ ЗНАЕТЕ КАК ПРАВИЛЬНО ЖИТЬ...",stone,something very solid/trustworthy,LITERAL,HIGH,"In this sentence, ""камень"" refers to a physical stone that represents the obstacles one encounters in life, thus it is used in its literal sense.",0,2025-12-07,https://vk.com/wall17907632_6791,17907632,6791
камень,"🤔 Какой должна быть столешница: спокойной или выразительной? 
 
Одни выбирают столешницу в нейтральной палитре — такую, что мягко поддерживает фасады, пол, стены или даже текстиль. Она создаёт цельный, спокойный интерьер без лишнего шума. 
 
Другие, наоборот, делают её главным акцентом: выбирают насыщенные оттенки, выразительный камень, ярко выраженную фактуру — и столешница становится центром притяжения всего пространства. 
 
Оба подхода выглядят современно и уместно. А вы за какой вариант?",stone,something very solid/trustworthy,LITERAL,HIGH,"In this sentence, ""камень"" refers to a physical material used for the countertop, which is its literal meaning, rather than a slang term.",0,2025-12-07,https://vk.com/wall-211408880_1358,-211408880,1358
камень,"Симферополь 
6.12.2025
Немного о личных победах , прежде всего это то , как стать сегодня лучше чем ты была вчера …
Не все конечно удается, но камень воду точит…
А соло юноши и девушки 🥇🏆🤩
Пара Буги вуги 🥈🏆❤️
Формейшн буги-вуги Бременские музыканты 🥇🏆
Соло буги-вуги 4️⃣
Все чего добился мой ребенок заслуга ее тренеров .
И я им очень благодарна , за труд , за терпение , за поддержку . Спасибо вам большое 🫶🏻🫶🏻🫶🏻🫶🏻",stone,something very solid/trustworthy,LITERAL,HIGH,"In this sentence, ""камень"" refers to the literal meaning of ""stone"" in the context of the proverb ""камень воду точит,"" which means that persistence leads to success, rather than being used as slang.",3,2025-12-07,https://vk.com/wall568388616_995,568388616,995
камень,"Нижегородская область.Кстово-Шелокша.Кухонный гарнитур, шкафы в прихожую и кухни фасады- эмаль матовые ,интегрированные ручки, столешница искуственный камень, доборы на колонны и панели на стену с подсветкой. Фурнитура с доводчиками Hafele.",stone,something very solid/trustworthy,LITERAL,HIGH,"In this sentence, ""камень"" refers to ""искусственный камень"" (artificial stone), which is a literal material used for the countertop, not a slang term.",0,2025-12-07,https://vk.com/wall277604214_938,277604214,938
камень,"ДРУЗЬЯ, ДАВАЙТЕ ПЕРЕД НОВЫМ ГОДОМ СДЕЛАЕМ ДОБРОЕ ДЕЛО!!! НЕ БУДЕМ СПОНСИРОВАТЬ ВЫРУБКУ ЖИВЫХ ЁЛОЧЕК!!! КТО СО МНОЙ СОГЛАСЕН - ПОМЕСТИТЕ У СЕБЯ ЭТУ КАРТИНКУ;) КАПЛЯ КАМЕНЬ ТОЧИТ - Я НАДЕЮСЬ, ЧТО ВМЕСТЕ МЫ СПАСЁМ НЕМАЛО ЛЕСНЫХ КРАСАВИЦ!!!

Подключайся > https://t.me/wspomnitvse",stone,something very solid/trustworthy,LITERAL,HIGH,"In this context, ""камень"" refers to the literal meaning of ""stone"" as part of the idiom ""капля камень точит,"" which means that persistence can lead to success, thus it is used in its original sense rather than as slang.",1,2025-12-07,https://vk.com/wall234298254_6527,234298254,6527
камень,"#Премьера@fresh_clips 
 
Премьера клипа! Полина Гагарина - Камень на сердце (01.06.2018)",stone,something very solid/trustworthy,LITERAL,HIGH,"In this sentence, ""камень"" refers to a literal stone, as it is part of the title of a song and does not imply any slang meaning.",0,2025-12-07,https://vk.com/wall-43232168_936302,-43232168,936302
камень,"Здание Генштаба в Петербурге стало экраном для показа легенд о селе Устье

Дворцовая площадь в эти дни стала сосредоточением чего-то необычного и даже волшебного. Поверить в происходящее практически невозможно, ведь массивные колонные здания Генштаба по законам 3D-мэппинга неожиданно превращаются, к примеру, в архитектурный ансамбль Спасо-Каменного монастыря на острове Каменном посреди Кубенского озера.

#ВО35 #Вологда #новостивологда #вологдановости #вологдаонлайн

Источник: ИА Вологда Регион",stone,something very solid/trustworthy,LITERAL,HIGH,"In the context of the sentence, ""Спасо-Каменного монастыря на острове Каменном"" refers to a specific architectural ensemble named after the island ""Каменный,"" which is derived from the literal meaning of ""камень"" (stone), rather than using it as slang.",2,2025-12-07,https://vk.com/wall-64993007_129293,-64993007,129293
камень,"💙Классный, без запаха, без следов, без спирта!!! То что надо!💙
🤍А ещё его называют ""вечный""!🤍
💙А я знаю, это, точно, вам надо!!!💙

Натуральный безопасный дезодорант 
Главный секрет - это натуральный камень алунит

Это натуральный камень алунит 
🔹Хватает на 2-3 года
🔹Не содержит парабены
🔹Подходит для любого типа кожи
🔹Не закупоривает поры
🔹Не имеет запаха
🔹Не оставляет следов на одежде
🔹Не имеет срока годности
🔹Без спирта. красителей и консервантов
🔹Гипоаллергенен",stone,something very solid/trustworthy,LITERAL,HIGH,"In this sentence, ""камень"" refers to the natural mineral alunite, which is a literal stone used in the context of a deodorant, rather than a slang term.",0,2025-12-07,https://vk.com/wall210567662_1866,210567662,1866
камень,"Запонки с удлиненными вставками обсидиана, закреплены фигурной обжаткой💥
Крупные, камень великолепный, позолота, патина
Серебро ✔️875⭐СССР, Харьковский ЮЗ
Клейма чёткие, ровные, отл. сост.,
15/4,3х1/4500

🔷 Обращайтесь - vk.com/lavanda_lanita 

________________________________________________________
Копирование, использование и распространение фото и текста без моего согласия запрещено, только по согласованию и с активной гиперссылкой.
vk.com/lavanda_lanita ©",stone,something very solid/trustworthy,LITERAL,HIGH,"In this sentence, ""камень"" refers to the physical stone used in the cufflinks, which is its literal meaning, rather than a slang term.",0,2025-12-07,https://vk.com/wall-205838985_37492,-205838985,37492
камень,"«Синий камень» - сериал из четырёх серий, кто не смог посмотреть, забирайте к себе)",stone,something very solid/trustworthy,LITERAL,HIGH,"In this sentence, ""камень"" refers to a ""stone"" in the context of the title of the series, which is a literal reference rather than a slang usage.",0,2025-12-07,https://vk.com/wall-211204286_3158,-211204286,3158
камень,"[UlyankaRainbow] ОББИ, НО ЗА СПИНОЙ КАМЕНЬ! (1080p)",stone,something very solid/trustworthy,LITERAL,HIGH,"In this sentence, ""камень"" refers to a physical stone, which aligns with its literal meaning rather than a slang usage.",0,2025-12-07,https://vk.com/wall-79858864_175718,-79858864,175718
камень,"Объявления > Строительство и Ремонт > Продаются стройматериалы

Камень природный от производителя. т. +7-959-147-05-12.

 https://xpressclub.ru/obyav/?type=9",stone,something very solid/trustworthy,LITERAL,HIGH,"In this sentence, ""камень"" refers to natural stone as a building material, which is its literal meaning.",0,2025-12-07,https://vk.com/wall-111891874_91557,-111891874,91557
камень,"Пусть первый бросит камень, кто без греха. 
Нет судьи, нет осуждённого. 
Я видел мир перевёрнутым. 
Хромая овца догнала волка. 
 Mai più mai più mai più mai più dolor",stone,something very solid/trustworthy,LITERAL,HIGH,"In this sentence, ""камень"" refers to a literal stone, as it is used in a biblical context to convey the idea of casting the first stone, which is a direct reference to a physical object rather than a metaphorical or slang meaning.",1,2025-12-07,https://vk.com/wall133825213_9125,133825213,9125
камень,"Наш мальчик🥹💚

Первенство области по плаванию, Петя заслуженно заработал себе сегодня золотую медаль, еще смог выполнить норматив 3 взрослого разряда, умничка наш🏊🏻‍♂️🥇

Сколько же в этом всем трудов Пети, моих с Ромой, нашего чудесного тренера.. только самые близкие знают, какой ценой это нам все дается. Капля камень точит..🤞
Работаем дальше💪",stone,something very solid/trustworthy,LITERAL,HIGH,"In this context, ""камень"" refers to the literal meaning of ""stone"" as part of the idiom ""капля камень точит,"" which means that persistent effort can lead to success, thus it is used in its original sense.",2,2025-12-07,https://vk.com/wall23746834_4447,23746834,4447
камень,"Коллекция ""Нежность""🤍
В каждом из этих украшений я использовала индийский агат. Этот камень я люблю за глубину и переменчивость цвета. Каждая бусина здесь уникальна, каждая хранит историю или ассоциацию, сон или сказку.
В сочетании со стеклом, особенно стеклом кракле (с трещинками) возникает образ, объединяющий нежность и мягкость с яркостью и уникальностью.",stone,something very solid/trustworthy,LITERAL,HIGH,"In this sentence, ""камень"" refers to the literal stone (Indian agate) used in the jewelry, not as a slang term for something solid or trustworthy.",1,2025-12-07,https://vk.com/wall-234476697_6,-234476697,6
камень,"Все стало налаживаться, как только из моей жизни ушел один человек. Один негативный человек.
Значит это она приносила неудачи в мою жизнь. Я теперь это точно поняла. Может своей завистью, может своим негативом, своей энергетикой. Тянула меня вниз, как камень. И мне ее даже не жаль. Просто жалко, что я не распознала это раньше.
Ну лучше поздно, чем никогда 😌",stone,something very solid/trustworthy,LITERAL,HIGH,"In this sentence, ""камень"" is used literally to describe the weight and burden of negativity that the person feels, rather than as a slang term for something solid or trustworthy.",0,2025-12-07,https://vk.com/wall7174466_22090,7174466,22090
камень,"✨️Псков и Псково‑Печерская лавра — это путешествие не просто по географическим точкам, а сквозь века. Здесь ощущаешь связь времён и проникаешься духом древней Руси.
Псков - это город, где каждый камень дышит историей, а атмосфера переносит в эпоху древнерусских княжеств.
А Псково-Печерская лавра - духовный центр, который поразил до глубины души.",stone,something very solid/trustworthy,LITERAL,HIGH,"In this sentence, ""камень"" refers to the literal stones of the city, emphasizing its historical significance rather than using it as a metaphor for something solid or trustworthy.",0,2025-12-07,https://vk.com/wall88313245_3858,88313245,3858
камень,"О Боги! —
снимите маски смерти, что застыли
печатью зла на ваших лицах
Вы заигрались, про людей забыли,
уж Тьма грядёт, мрак возродится

Вы – разума великого создание
Я – философский камень на дороге
ведущей в центр мироздания
Меня вам обойти не просто.",stone,something very solid/trustworthy,LITERAL,HIGH,"In this context, ""камень"" refers to the ""philosopher's stone,"" which is a literal object in alchemical traditions, rather than a slang term for something solid or trustworthy.",0,2025-12-07,https://vk.com/wall429651318_3548,429651318,3548
камень,Подвесная тумба с каменной мойкой в ванную комнату🔥,stone,something very solid/trustworthy,LITERAL,HIGH,"In this sentence, ""каменной"" refers to a stone sink, which is a literal use of the word ""камень"" as it describes the material of the sink.",1,2025-12-07,https://vk.com/wall-197278508_381,-197278508,381
камень,"❗13 декабря жду вас на БЛАГОТВОРИТЕЛЬНЫЙ мастер-класс ""Цветок жизни"".
☝️Все собранные средства пойдут на помощь [club232418073|Коле]
✔️На мастер-классе раскрасим гипсовое кашпо в любимый цвет, посадим каменную розочку, украсим кристаллами.
Я знаю, у нас много неравнодушных, добрых, отзывчивых 💕❤️
🤗Жду вас 13 декабря в любое время с 13 до 17 часов в АнтиКафе.

Для записи пишите в:
✉сообщения группы vk.com/im?sel=-222407535;
✉ЛС vk.com/id107453400
✉MAX, 📞89827937394",stone,something very solid/trustworthy,LITERAL,HIGH,"In this sentence, ""камень"" refers to a ""каменная розочка"" (stone rose), which is a literal reference to a type of plant or decoration made from stone, rather than a slang term.",1,2025-12-07,https://vk.com/wall-222407535_3656,-222407535,3656
камень,"Когда у известного бизнесмена похищают 7-летнего сына, он еще не представляет, какое испытание его ждет! Он готов заплатить любую сумму ради возращения своего отпрыска. Но похитителю нужно совсем не это. Он ставит Владислава перед ужасным выбором: или умирает его сын, или он должен отдать собственную жизнь. В течение следующих суток тот должен решить, кто умрет из них двоих: его ребенок или он сам… Камень (2011)

Жанр: #триллер, #драма
#триллер@kinoclubbest 
, #драма@kinoclubbest",stone,something very solid/trustworthy,LITERAL,HIGH,"In the context of the sentence, ""камень"" refers to the title of the work (a film) and is not used in a figurative or slang sense, but rather as a proper noun.",1,2025-12-07,https://vk.com/wall-231706839_104,-231706839,104
камень,"Каждый строит свои - воздушные или каменные - замки, ставит железные или стеклянные двери... Но для счастья, за любыми стенами, нужны распахнутые створки души... 

Наталья Дыбова",stone,something very solid/trustworthy,LITERAL,HIGH,"In this sentence, ""каменные"" refers to physical stone castles, which is a literal usage of the word ""камень.""",2,2025-12-07,https://vk.com/wall195345344_47471,195345344,47471
камень,"Аукцион одного дня! 
 
Завершение сегодня, 4 декабря в 22:00 по московскому времени. 
 
Эксклюзивный компактный скелетник, в стильно-тёмном исполнении, с Blackwash'ем и насечкой ""битый камень"" на рукояти и по обуху. 
 
Теперь уже редкая немецкая сталь Niolox WA (60-61 HRc) и двусторонние спуски от обуха с тонким сведением. Размеры клинка: 65x18x3 мм, общая длина: 135 мм, вес: всего 30 г.",stone,something very solid/trustworthy,LITERAL,HIGH,"In this sentence, ""камень"" refers to the literal texture of the knife handle, specifically describing the pattern ""битый камень"" (broken stone), which is a physical characteristic rather than a slang expression.",0,2025-12-07,https://vk.com/wall1087251839_12,1087251839,12
камень,"Сдаю очень уютную комнату в двухкомнатной квартире без пробок. Фрунзенский район
450 рублей в месяц.

Вся необходимая мебель и бытовая техника есть. Метро «Каменная Горка» в трёх остановках. Коммунальные услуги включены. Для девушки. Телефон для связи +375296530158",stone,something very solid/trustworthy,LITERAL,HIGH,"In the sentence, ""Каменная Горка"" refers to a specific metro station name, using ""камень"" in its literal sense as part of a proper noun, not as slang.",0,2025-12-07,https://vk.com/wall-75059605_108481,-75059605,108481
камень,"Каменная дорожка через озеро, Польша",stone,something very solid/trustworthy,LITERAL,HIGH,"In the sentence ""Каменная дорожка через озеро, Польша,"" ""каменная"" refers to a stone pathway, which is a literal description of the material used.",2,2025-12-07,https://vk.com/wall-23098699_631576,-23098699,631576
камень,Дом Ершова. Уникальный памятник древнерусского каменного жилого зодчества. Посадский дом купеческого ранга одного из ста богатейших купцов России. В 1690г. Семён Ершов был принят в Гостиную сотню -привилегированную купеческую корпорацию.,stone,something very solid/trustworthy,LITERAL,HIGH,"The word ""каменного"" in the context refers to ""stone"" in its literal sense, describing the material of the ancient Russian residential architecture.",1,2025-12-07,https://vk.com/wall698300541_184,698300541,184
камень,"Два безумных учённых в, каменном мире и спасители всего человечества!😏😏😏😏",stone,something very solid/trustworthy,LITERAL,HIGH,"In this sentence, ""каменном мире"" refers to a ""stone world,"" which is a literal description of a world made of stone rather than a slang usage.",0,2025-12-07,https://vk.com/wall608715322_25384,608715322,25384
камень,"😎Представляем новую работу — преобразили входную группу с нашим декоративным гипсовым кирпичом «тонкослойный сланец»! ⭐️ Материал легкий, экологически чистый и долговечный, идеально имитирует натуральный камень. ✨ Фото ДО и ПОСЛЕ показывают всю магию преображения: теперь пространство выглядит стильно и дорого. 🏠 Сделайте ваш дом уникальным вместе с нами! 🌟 #гипсокирпич #тонкослойныйсланец #преображение #входнаягруппа #ремонтидеи#Гипспро",stone,something very solid/trustworthy,LITERAL,HIGH,"In this sentence, ""камень"" refers to natural stone, which is used literally to describe the material being imitated by the decorative gypsum brick.",1,2025-12-07,https://vk.com/wall-219597521_413,-219597521,413
камень,"🌺Новые раковины для кухни, искусственный камень, распродажа, доставка🌺",stone,something very solid/trustworthy,LITERAL,HIGH,"In this sentence, ""камень"" refers to the material used for the kitchen sinks, which is a literal reference to artificial stone, not a slang usage.",0,2025-12-07,https://vk.com/wall-82748535_506816,-82748535,506816
камень,"Этот храм вместе с церковью Святого Иакова считается одним из древнейших каменных зданий города. Строительство началось в начале XIV столетия, а современный облик сложился после восстановления от пожара 1470 года.",stone,something very solid/trustworthy,LITERAL,HIGH,"In the sentence, ""каменных зданий"" refers to ""stone buildings,"" which is a literal use of the word ""камень"" as it describes the material of the buildings.",0,2025-12-07,https://vk.com/wall-234249552_95,-234249552,95
камень,"Квартальный поход Максима на ""Помянённый камень"",  Турклуб ""Основа"" 

1 ДЕНЬ
Строили сооружения
Потом была перестрелка снежками
Казачьи игры

2 ДЕНЬ 
Поход на ""Помяненный камень"" 

Ребята сдружились, команда, братва, куда ехать вместе всегда восторг и радость 😃",stone,something very solid/trustworthy,LITERAL,HIGH,"In this sentence, ""камень"" refers to a specific physical stone, ""Помянённый камень,"" indicating a literal geographical feature rather than a metaphorical or slang usage.",1,2025-12-07,https://vk.com/wall114635477_13966,114635477,13966
камень,"Каменный пояс горы Малая Иремель
Автор: Сергей Перепёлкин",stone,something very solid/trustworthy,LITERAL,HIGH,"In the sentence ""Каменный пояс горы Малая Иремель,"" ""каменный"" refers to a physical stone or rock formation, indicating its literal meaning as part of the mountain's structure.",0,2025-12-07,https://vk.com/wall-59672590_132887,-59672590,132887
камень,"Томат ""Каменный цветок"" один кустик сформировал плоды и цветёт, второй цветёт, а третий ещё не собирается. Сразу видно, кто стоит на краю стеллажа и кому мало света #зимниймарафон_Партнер2025",stone,something very solid/trustworthy,LITERAL,HIGH,"In this sentence, ""Каменный цветок"" refers to a specific variety of tomato and uses ""камень"" in its literal sense as part of the name, not as slang.",2,2025-12-07,https://vk.com/wall42294806_5384,42294806,5384
камень,"Черный, но не черный
«Лак», но «камень»… что это? [https://vk.com/wall-209089527_3394|Читайте в статье]👈🏼

#янтарь #amber #янтарныедостижения #украшенияизянтаря #ростех #аукцион",stone,something very solid/trustworthy,LITERAL,HIGH,"In this context, ""камень"" refers to the literal meaning of ""stone,"" as it is used in a comparison with ""лак"" (varnish) and does not imply any slang connotation.",26,2025-12-07,https://vk.com/wall-209089527_3396,-209089527,3396
камень,"В китайском Тайчжоу автомобиль упал в реку — заметивший это 40-летний Ди Шуанчэн прыгнул в воду, прихватив с собой камень, и разбил окно, чтобы спасти застрявшего водителя. Видео спасения завирусилось в Китае.",stone,something very solid/trustworthy,LITERAL,HIGH,"In this sentence, ""камень"" refers to a physical stone that was used to break the window, which is its literal meaning.",0,2025-12-07,https://vk.com/wall-163829052_196455,-163829052,196455
камень,"""Моё завещание: положите камень; и – пускай на нём ничего не будет написано, если одного имени моего не довольно будет доставить ему бессмертие!"". 
 
Михаил Лермонтов",stone,something very solid/trustworthy,LITERAL,HIGH,"In this sentence, ""камень"" refers to a physical stone, which aligns with its literal meaning, as it is used in the context of a will and the act of placing a stone.",0,2025-12-07,https://vk.com/wall-234481464_4,-234481464,4
камень,"шахта. заряд. камень. Дед. нет наркотикам.

только марихуана, исключительно.",stone,something very solid/trustworthy,LITERAL,HIGH,"In this sentence, ""камень"" refers to a physical stone, which aligns with its literal meaning rather than any slang usage.",0,2025-12-07,https://vk.com/wall107364321_110856,107364321,110856
камень,"В Геленджике в долине реки Жане находятся дольмены — древние каменные сооружения эпохи бронзового века.

#достопримечательность #геленджик 
07.12.2025",stone,something very solid/trustworthy,LITERAL,HIGH,"In the sentence, ""камень"" refers to the literal stone material of the ancient structures, which aligns with its original meaning.",1,2025-12-07,https://vk.com/wall5707364_764,5707364,764
камень,"«ПЯТЕРОЧКА»  приглашает в команду
На вакансии
Продавец-кассир до 44 000 руб

ОТ НАС:
Оформление по ТК РФ
Бесплатный медосмотр, кофе и чай

ОТ ВАС:
Желание работать с покупателями, остальному научим!

Обращаться в магазин:

ул. Каменных 1В
с. Неволино",stone,something very solid/trustworthy,LITERAL,HIGH,"In this context, ""Каменных"" refers to a street name and is used literally to denote a location, not as slang.",0,2025-12-07,https://vk.com/wall-163109220_25860,-163109220,25860
камень,"Гора становится великой не потому, что камень решил стать вершиной, а потому, что все камни нашли своё место. 
山偉非石願，乃各得其所。 
 
Даосская мудрость",stone,something very solid/trustworthy,LITERAL,HIGH,"In this sentence, ""камень"" refers to a physical stone, which is used in a literal context to discuss the nature of greatness and not as a slang term.",0,2025-12-07,https://vk.com/wall13154260_10964,13154260,10964
камень,"Платина и водосливный канал ( Шипучка). 
В 1863 году по проекту инженера Гаусмана на месте бывшей плотины Дестрема, прорванной в 1833 году, была сооружена каменная трехпролетная плотина водоспуска.",stone,something very solid/trustworthy,LITERAL,HIGH,"The word ""камень"" is used in its literal sense to refer to the physical stone used in the construction of the dam.",3,2025-12-07,https://vk.com/wall-222033152_1089,-222033152,1089
камень,"Иисус, наклонившись низко, писал перстом на земле, не обращая на них внимания.
Когда же продолжали спрашивать Его, Он, восклонившись, сказал им: кто из вас без греха, первый брось на нее камень.

От Иоанна 8:6",stone,something very solid/trustworthy,LITERAL,HIGH,"In this sentence, ""камень"" refers to a physical stone that is to be thrown, which is its literal meaning, not a slang usage.",0,2025-12-07,https://vk.com/wall-222016550_18062,-222016550,18062
камень,"Подставка для визиток.Винтаж.Камень - змеевик (серпентин), стекло.Размер 102х69х78.Змеевик получил свое название за характерные пятна и прожилки, похожие на змеиную чешую.Почитается, как камень-оберег. Символ мудрости и решимости.Интересный подарок в офис на стол руководителя",stone,something very solid/trustworthy,LITERAL,HIGH,"In this sentence, ""камень"" refers to the physical stone material (змеевик) used in the business card holder, which is its literal meaning.",0,2025-12-07,https://vk.com/wall-216531677_22606,-216531677,22606
дичь,В прошлые выходные 162-й Коллектив выезжал на закрытие охоты по водоплавающей дичи. Поохотились и отдохнули у костра. 👍,game (wild animal),something crazy/weird,LITERAL,HIGH,"In this sentence, ""дичь"" refers to wildfowl that can be hunted, which is its literal meaning in the context of hunting.",1,2025-12-07,https://vk.com/wall-226387226_132,-226387226,132
дичь,"""Ночная галерея"" (1969), 4 череда.

28:19.

1. Понимание.
2. Охота.
3. Оружие.
4. Увлечение.
5. ""На свете не осталось такой дичи, которую я бы ни преследовал. Преследовал и убил"" - выражение от мужественного бойца, кое повышает и степень мужественности. Эндрю Тейт тревожно (""нервно"") курит в сторонке. 
© Иван Бойко (1983, 177-71), 07.12.25.
===
Зарубежное слово.
1) ""Галерея"" (фр.) → выставка.",game (wild animal),something crazy/weird,LITERAL,HIGH,"In this context, ""дичь"" refers to wild game animals that the speaker has hunted, which aligns with its literal meaning rather than a slang usage.",0,2025-12-07,https://vk.com/wall176463505_38345,176463505,38345
дичь,"С рассветом облачаюсь в белые одежы и кетмень(тяпку) в руки - 
вольный бой с сорняками
Следующая трень на улице у Москва- реки в среду 10 дека 
Парное мясо заказали 5 боксеров=холод не тетка раскрывает аппетит Продолжаем прием. заявок на дичь и казлык (восточный деликатес)ПРИВОЗ 15 12 26Г В тРОЦЕ-лыково

 КОЛ",game (wild animal),something crazy/weird,LITERAL,HIGH,"In this sentence, ""дичь"" refers to wild game or meat from wild animals, which aligns with its literal meaning rather than a slang usage.",0,2025-12-07,https://vk.com/wall755212332_626,755212332,626
дичь,"Порода бигль самобытна, у них есть своя «изюминка», за которую их любят миллионы людей по всему миру. У них сильно развиты охотничьи инстинкты и необходимые для загона дичи качества: упорство, самостоятельность, независимость, ум и сообразительность.
При этом с людьми бигли, как правило, очень добры и ласковы. Они привязываются ко всем членам семьи, часто относятся к детям покровительственно. Они любят компанию, совместные прогулки, игры и очень плохо переносят одиночество.🏵️",game (wild animal),something crazy/weird,LITERAL,HIGH,"In this sentence, ""дичь"" refers to wild animals in the context of hunting instincts, which aligns with its literal meaning rather than any slang usage.",0,2025-12-07,https://vk.com/wall-234466909_9,-234466909,9
дичь,"🔥 Как ни крути, а Новый год уже совсем скоро! 🕧 

У охотников в это время мысли не только о трофеях — в голове уже вовсю рисуются картины новогоднего стола. 🍽️

Ну а как может быть у охотника стол без дичи? Правда же? 😉

Охотник из нашей команды RikaNV добыл отборного кабанчика и сказал нам, что это к Новогоднему столу! 🐗✨

Теперь гостей будут радовать ароматные рёбрышки и сочные антрекоты 🥩😎",game (wild animal),something crazy/weird,LITERAL,HIGH,"In this sentence, ""дичь"" refers to game (wild animal) that the hunter has obtained for the New Year's table, which is its literal meaning.",2,2025-12-07,https://vk.com/wall-135836210_18310,-135836210,18310
дичь,"В этом выпуске нас с Вами пригласили на кипрскую охоту!
Мой новый приятель Ирон, шеф-повар с большим стажем и владелец кипрской таверны, оказался заядлым охотником! Он пригласил нас с Вами в кипрские предгорья, покрытые оливковыми рощами, чтобы показать, как на острове охотятся на пернатую дичь!
Эфир телеканала МИР!

#охотанакипре #охотанаптицу #вертикальноеружье #северныйкипр #дикторделает #телеканалмир",game (wild animal),something crazy/weird,LITERAL,HIGH,"In this sentence, ""дичь"" refers to wild birds that are hunted, which aligns with its literal meaning as game (wild animal) rather than a slang term for something crazy or weird.",2,2025-12-07,https://vk.com/wall786288759_240,786288759,240
дичь,С 7 декабря данный вид пернатой дичи находится под охраной до следующего осенне-зимнего сезона.,game (wild animal),something crazy/weird,LITERAL,HIGH,"In this sentence, ""дичь"" refers to a type of wild game, which is its literal meaning related to wildlife, rather than a slang term for something crazy or weird.",0,2025-12-07,https://vk.com/wall-219505085_18506,-219505085,18506
дичь,"Дичь: медвежатина, оленина, косуля
Вкусно с макаронами, гречкой, рисом и просто на бутерброды в качестве перекуса:)",game (wild animal),something crazy/weird,LITERAL,HIGH,"In this sentence, ""дичь"" refers to wild game meat (such as bear, deer, and roe deer), which is its literal meaning, rather than being used as slang for something crazy or weird.",0,2025-12-07,https://vk.com/wall-226374161_4772,-226374161,4772
дичь,"Ленивый не жарит своей дичи
Имущество же праведного многоценно
/Притчи Соломона/
Слава Господу 🔥❤️ за все
За заботу любовь ограду и счастье пребывания в ладонях в воле в Духе в крепости и помазании ура 🔥❤️ 
/Псалом 89,90,91,92/ура 🔥❤️ 
Благодарю прости помилуй всех",game (wild animal),something crazy/weird,LITERAL,HIGH,"In this sentence, ""дичь"" refers to wild game, which aligns with its literal meaning as it discusses the actions of a lazy person regarding hunting or gathering food.",2,2025-12-07,https://vk.com/wall616487378_21053,616487378,21053
дичь,Готовим дичь - Каннеллони с зайчатиной и грибами под соусом Бешамель,game (wild animal),something crazy/weird,LITERAL,HIGH,"In this sentence, ""дичь"" refers to game meat (specifically, rabbit), which is its literal meaning in the context of cooking.",16,2025-12-07,https://vk.com/wall-104400034_1815,-104400034,1815
дичь,Продаю ружье не разу не стреляли по дичу,game (wild animal),something crazy/weird,LITERAL,HIGH,"In this sentence, ""дичь"" refers to wild animals that can be hunted, which is its literal meaning, rather than a slang term for something crazy or weird.",0,2025-12-07,https://vk.com/wall-47383122_220023,-47383122,220023
дичь,Совсем туго в лесах Новгородчины с дичью! Зелинского 23,game (wild animal),something crazy/weird,LITERAL,HIGH,"In this sentence, ""дичь"" refers to wild animals in the context of hunting, which aligns with its literal meaning.",14,2025-12-07,https://vk.com/wall-167219958_30745,-167219958,30745
дичь,"✖️В Ростовской области завершился сезон охоты на серую куропатку.

С 7 декабря данный вид пернатой дичи находится под охраной до следующего осенне-зимнего сезона.

💬 Прислать новость https://t.me/Proposition_Matveev_Kurgan_bot

🔗 Подписаться на наши каналы https://t.me/Collecting_MK_Channels

#новостиМК
#новостиМатвеевКурган",game (wild animal),something crazy/weird,LITERAL,HIGH,"In this sentence, ""дичь"" refers to a type of game bird, specifically the gray partridge, which is its literal meaning in the context of hunting.",3,2025-12-07,https://vk.com/wall-229148719_1043,-229148719,1043
дичь,https://rutube.ru/video/55e6ae51f95a7895cbbb12d232119c34/?r=aСуп из пернатой дичи.,game (wild animal),something crazy/weird,LITERAL,HIGH,"In this sentence, ""дичь"" refers to game (wild animal) in the context of making soup, which is its literal meaning.",0,2025-12-07,https://vk.com/wall150755949_1652,150755949,1652
жара,"Ваз 2115
2011г
110.000р
По птс 1 хозяин 
Владею с февраля этого года 
Заменил :
Шаровые, рулевые наконечники, рейку, рычаги, наружные гранаты
Основной радиатор
Термостат
Печка жарит 
Едет хорошо 
Есть подогрев сидении 
2 комплекта ключей 
Центральный замок 
2 комплекта колёс лето R14. зима R13. 
Провода под саб 

По вложениями только по кузову(видно на фото) 
Пороги Дно варилось
 торг
89124460878",heat,something very exciting/intense,LITERAL,HIGH,"In this sentence, ""печка жарит"" refers to the literal heating function of the heater, indicating that it produces heat, rather than using ""жара"" in a slang context.",0,2025-12-08,https://vk.com/wall-192485136_61285,-192485136,61285
жара,"ВАЗ 2107 2006 г.в, карб. 
2 хозяина
печка жарит 
Днище свое, как новое,без дыр !!!
По салону хорошая 
Все светит и моргает
Сигнализация 
На зимней резине
СТС УТЕРЯНА!!!!
(Дкп ПТС есть )
Цена:65.000₽ торг",heat,something very exciting/intense,LITERAL,HIGH,"In this sentence, ""печка жарит"" refers to the heater producing heat, which is its literal meaning rather than a slang expression.",0,2025-12-08,https://vk.com/wall-192485136_61270,-192485136,61270
жара,"В продаже 21099, 1999год, на руках ПТС ДКП, с учета снята, поставить зимнюю резину и встанет на учет 🧾 
Машина переваренная, гниль отсутствует ✅
По кузову есть нюансы ну не критичные 
Залит тосол, в салоне жара 🔥 
Мотор работает хорошо 
Свет светит 💡 
Электростеклоподъемники  
С продажей не тороплюсь 
Цена 110.000

+7 (929) 333-12-34",heat,something very exciting/intense,LITERAL,HIGH,"In this context, ""жара"" refers to the literal heat inside the car's interior, indicating a high temperature rather than being used as slang for something exciting or intense.",0,2025-12-08,https://vk.com/wall-156961812_16486,-156961812,16486
жара,"Всё в мире сдвоено, взгляни: 
добро и зло, жара и стужа, 
она и он, вода и суша, - 
двоится всё, куда ни ткни... 
 
Две половины у луны, 
два голубых у девы ока... 
И только сердце одиноко 
гнездится с левой стороны. 
 
Глеб Горбовский, 1979",heat,something very exciting/intense,LITERAL,HIGH,"In this sentence, ""жара"" refers to the literal concept of heat, contrasting it with ""стужа"" (cold), which aligns with the theme of dualities presented in the poem.",0,2025-12-08,https://vk.com/wall63593683_10290,63593683,10290
жара,"Продам ладу калину хетчбек 2012г. Второй хозяин. Владею 9лет.В отличном состоянии. Не битая не гнилая. Авто без вложений. Двигатель 8ми.кл тянет отлично. Коробка подвеска все на отлично. Есть музыка сигн 2эсп ЭУР. Два комплекта ключей. Туманки. Салон чистый.в машине жара. К зиме полностью готова. Находится в верещагино. Цена 265тыс. Тел 8 992 240 27 16.

#АвторынокПермь #Автопермь #купитьавтопермь",heat,something very exciting/intense,LITERAL,HIGH,"In this context, ""жара"" refers to the temperature inside the car, indicating that it is warm, which is its literal meaning.",0,2025-12-08,https://vk.com/wall-194167936_17287,-194167936,17287
жара,"BMW f30, правая сторона дула ледяный воздухом, после промывки в салоне жара",heat,something very exciting/intense,LITERAL,HIGH,"In this sentence, ""жара"" refers to literal heat inside the car after washing, rather than being used as slang for something exciting or intense.",1,2025-12-07,https://vk.com/wall-200829371_217,-200829371,217
жара,"Toyota Chaser,  приехал вообще с негреющей печкой, а уехал в жаре",heat,something very exciting/intense,LITERAL,HIGH,"In this sentence, ""жара"" refers to the literal heat experienced in a hot environment, rather than being used as slang for something exciting or intense.",1,2025-12-07,https://vk.com/wall-200829371_216,-200829371,216
жара,Краснодарская команда в центральном матче 18-го тура обыграла ЦСКА,heat,something very exciting/intense,LITERAL,HIGH,"The word ""жара"" in the sentence refers to the literal heat experienced during the match, not as a slang term for excitement or intensity.",0,2025-12-07,https://vk.com/wall-66358883_205842,-66358883,205842
жара,Продам ладу калину хетчбек 2012г. Второй хозяин. Владею 9лет.В отличном состоянии. Не битая не гнилая. Авто без вложений. Двигатель 8ми.кл тянет отлично. Коробка подвеска все на отлично. Есть музыка сигн 2эсп ЭУР. Два комплекта ключей. Туманки. Салон чистый.в машине жара. К зиме полностью готова. Находится в верещагино. Цена 265тыс. Тел 8 992 240 27 16.,heat,something very exciting/intense,LITERAL,HIGH,"In this context, ""жара"" refers to the heat inside the car, which is its literal meaning, rather than being used as slang for something exciting or intense.",0,2025-12-07,https://vk.com/wall-78047244_800136,-78047244,800136
жара,"Мы долго плавали с тобой 
В разных широтах, кораблях, 
Забыли, как шумит прибой 
В замёрзших северных морях... 
 
Вокруг сиянье облаков 
Неимоверной красоты, 
И ты не видишь берегов, 
Одни снега, и те пусты. 
 
Порой прицепится тоска, 
И хочется отбыть домой, 
Надоедает и треска, 
То, что у нас зовут едой... 
 
Мы там, где солнце — редкий гость, 
И где не слышно чаек крик, 
Там, где земли, всего лишь горсть, 
Ценнее чем в жару родник.",heat,something very exciting/intense,LITERAL,HIGH,"In this context, ""жара"" refers to the literal heat experienced in a hot climate, rather than being used as slang for something exciting or intense.",1,2025-12-07,https://vk.com/wall-75841223_913,-75841223,913
жара,"Думаю многим нравится наблюдать турниры с участием блогеров и спортсменов, на которых проходят борцовские схватки, но зачем туда зовут подобных клоунов??? Давно этот наряд стал для дагестанцев нормой? У нас знойная жара или мы вдруг арабами стали?? Для чего эти люди пытаются мимикрировать??? 

С недавних пор заметил тенденцию, при который дагестанцы стали чуть ли не стыдиться того, что они дагестанцы и мимикрируют под кого угодно (Даже некоторые имамы).",heat,something very exciting/intense,LITERAL,HIGH,"In this sentence, ""жара"" refers to the literal heat or hot weather, as it discusses the climate conditions rather than using it as a slang term for something exciting or intense.",3,2025-12-07,https://vk.com/wall-56994658_1879730,-56994658,1879730
жара,"Срочно Продам , авто в ОТС, выворот , заварка , лето  r15 8j 195/55
Зима штампы r14
Сигнализация с автозапуском старлайн а93
Музыка голова пионер, динамики до аудио 16 и Урал 20
В машине жара 
280тр , без лета дешевле . Подробнее в личку .",heat,something very exciting/intense,LITERAL,HIGH,"In this context, ""жара"" refers to the literal heat inside the car, indicating a high temperature rather than being used as slang for something exciting or intense.",0,2025-12-07,https://vk.com/wall-65457805_65096,-65457805,65096
жара,"Lada (BA3) 1111 Oкa CeA3, 2002
После долгого простоя в гараже. В хорошем состоянии, бодро едет, масло не ест. Печка жарит, все светится и моргает. Косяки по кузову, все видно на фото, пороги варены, дно живое.
Цена: 82000 Адекватный торг всегда приветствуется, звоните 89779392113",heat,something very exciting/intense,LITERAL,HIGH,"In this sentence, ""печка жарит"" refers to the literal function of the heater producing heat, rather than using ""жар"" in a slang context.",0,2025-12-07,https://vk.com/wall-101103969_726814,-101103969,726814
жара,"«Настала любовь»

Тихо сердце моё тосковало,
И не радует даже весна.
Душу жаром мою обжигало,
И всё время была я одна.

Но однажды, встретив тебя,
В моём мире всё изменилось.
И настала любовь, как заря,
И счастье во мне разразилось.

И теперь я пою о любви,
мое сердце как птица, летит.
Ты меня, я прошу, позови,
И пусть наша любовь зазвучит.

#стихи #поэзия #счастье #стихотворение",heat,something very exciting/intense,LITERAL,HIGH,"In this context, ""жаром"" refers to a literal heat sensation affecting the soul, rather than being used as slang for something exciting or intense.",0,2025-12-07,https://vk.com/wall540913466_3332,540913466,3332
жара,"Погода мерзкая, вспоминаю лето. Благородный взгляд благородного  оленя. Он меня заметил! Какой красавец! 😍В Белоруссии самая высокая плотность их в Гродненском и Могилёвском районах, но в целом не так уж много. Лежание в грязи-это не только способ охладиться в жаркую погоду, но и способ поддержания здоровой шерсти и кожи, т.к. грязь является естественным антисептиком, уничтожающих паразитов, а также защищает от укусов насекомых. Республика Беларусь, начало сентября, жара",heat,something very exciting/intense,LITERAL,HIGH,"In this sentence, ""жара"" refers to the literal heat of the weather, as it describes the climatic conditions in early September in Belarus.",7,2025-12-07,https://vk.com/wall31673000_8585,31673000,8585
жара,"Цена штучно: 40руб
Лента, полипропилен
Для мужчин и для женщин
Пленка солнцезащитная для окон 60 см х 300 см
Зеркальная пленка на окна это один из эффективных методов борьбы с жарой в помещении. 
Важно заметить, что защитная зеркальная пленка не оставляет разводов и грязи после ее удаления.",heat,something very exciting/intense,LITERAL,HIGH,"In this sentence, ""жара"" refers to the literal heat in a room, specifically in the context of discussing the effectiveness of the reflective film in combating high temperatures.",0,2025-12-07,https://vk.com/wall-146171966_91414,-146171966,91414
жара,"Декабрь, как старый дед, решил примолодиться.. и стал похож на март. Подрастопил ноябрьский снег, капель устроил с крыш (коты лишь не орали). Но молодиться не хватило сил и жара в сердце (природа всё ж таки берёт своё). И вновь кряхтит и стонет старый дед, закутывает в шубы всех и вся.. То плачет по ночам метельной вьюгой, то разговаривает с брёвнами избы трескучим треском.. Люблю  декабрь, ведь года завершенье он, за ожиданье чуда.. Потом же снова, жить начнём  сначала..",heat,something very exciting/intense,LITERAL,HIGH,"In this context, ""жара"" refers to the literal heat associated with the changing weather and the warmth of December, rather than being used as slang for something exciting or intense.",0,2025-12-07,https://vk.com/wall465916487_4323,465916487,4323
жара,"Мороженое ""Капучино"" — идеальное спасение от летней жары. Просто и невероятно вкусно! Приготовьте сами.

Ингредиенты:
- растворимый кофе — 15 г
- сахарная пудра — 100 г
- горячая вода — 60 мл
- сливки 33% — 200 г
- сгущенное молоко — 70 мл",heat,something very exciting/intense,LITERAL,HIGH,"In this sentence, ""жара"" refers to the literal heat of summer, indicating high temperatures, rather than being used as slang for something exciting or intense.",0,2025-12-07,https://vk.com/wall-46043502_122140,-46043502,122140
жара,"Продам Ваз2101,к.п 4 ступка в нормальном состоянии,запускает с пол оборота,ходовая бодрая, менялись шаровые, уплотнители дверей,радиатор печки,реактивные тяги, колодки,по электрике всё работает.печка жарит, резина ЗИМА.Есть Страховка.Доки 180уч.Машина с полным переоформлением г.Енакиво,Цена 110р.Быстрым торг.тел.+79495091102",heat,something very exciting/intense,LITERAL,HIGH,"In this sentence, ""печка жарит"" refers to the heater producing heat, which is a literal usage of the word ""жара"" (heat).",0,2025-12-07,https://vk.com/wall-215244183_50993,-215244183,50993
жара,"доброе ружьё ИЖ-27 калибр 12/70. Нареканий нет никаких. Хороший бой. Стреляет всегда безотказно в жару и мороз. Стволы безупречные, пайка стволов и прицельной планки не отваливается. Дерево тоже в хорошем состоянии. 

30 Т.Р.

Переоформление строго в ЛРО с лицензией Г. Ижевск",heat,something very exciting/intense,LITERAL,HIGH,"In this sentence, ""жара"" refers to the literal heat conditions affecting the performance of the firearm, not as slang for something exciting or intense.",0,2025-12-07,https://vk.com/wall-165567944_26064,-165567944,26064
жара,"Админу добра 👍🏽 Продам Lada Priora 2007
Могу пригнать по договоренности‼
190.000💰‼
Документы кристально чистые,на учёте 
Мотор коробка в отличном состоянии 
Техника в порядка,печка жарит
Кузов на фото,стаканы пороги дно целое
Музыка есть с блютуз играет хорошо 
На полном бодром ходу сел поехал 
89131979775 ✅
24/7📞

#24auto | размещай бесплатно на 24auto.ru",heat,something very exciting/intense,LITERAL,HIGH,"In this sentence, ""печка жарит"" refers to the heater producing heat, which is a literal usage of the word ""жара"" (heat) rather than a slang expression.",0,2025-12-07,https://vk.com/wall-2412652_1020411,-2412652,1020411
жара,"С пылу, с жару заливаю на пробу. Первый кавер по Вахе, сильно палками не бить. (тыкните на значок динамика чтоб трек играл, громкость не знаю как регулировать, вк чушь какую то сделал)",heat,something very exciting/intense,LITERAL,HIGH,"In this sentence, ""жару"" refers to the literal heat associated with the act of pouring something hot, rather than being used as slang for excitement or intensity.",0,2025-12-07,https://vk.com/wall-19587543_24324,-19587543,24324
жара,"2107,2006 года выпуска.
  1 владелец, ПТС ОРИГИНАЛ.
Инжектор 
  Двигатель коробка ходовка без вложений, сел завел и поехал.
  Печка жарит на ура!
  Кости все целые!
  Косячки по внешке.
  Салон хороший опрятный приятный.
  Музыка , магнитола 4 овала в полке. 2-16 динамика в дверях.
  Документы все на руках юр чистая.
  Волжский
Цена 70000 небольшой торг",heat,something very exciting/intense,LITERAL,HIGH,"In this sentence, ""печка жарит на ура"" uses ""жарит"" in the literal sense of heating effectively, referring to the heater's ability to produce heat.",1,2025-12-07,https://vk.com/wall-156982879_231086,-156982879,231086
жара,"Кто как может, так и спасается от жары.",heat,something very exciting/intense,LITERAL,HIGH,"In this sentence, ""жара"" refers to the literal heat or warmth, as it discusses escaping from high temperatures, not using it in a slang context.",2,2025-12-07,https://vk.com/wall-43230542_83102,-43230542,83102
жара,"Пока мама работала, папа с Марком на занятиях складывали дрова, рисовали и даже жарили зефирки❤️ [club40310028|Отделение ранней помощи «Лимпопо»]",heat,something very exciting/intense,LITERAL,HIGH,"In the sentence, ""жарили зефирки"" refers to the literal act of roasting marshmallows over a fire, not using ""жара"" in a slang context.",2,2025-12-07,https://vk.com/wall7600164_27294,7600164,27294
жара,"продам ваз 2115 на хорошей технике 2007 год двигатель 1.6,  8-ми клоп работает хорошо, тяга уверенная ,по электрике все работает, дворники машут, печка жарит,в машине жара! , дно без дыр, по костям целая

по салону опрятная
из приколюх установлены сиденья от иномарки сидеть очень комфортно
по документам чистая снята с учёта (птс, стс, дкп)
по минусам вылетает 3
по цене 57к,торг на бенз",heat,something very exciting/intense,LITERAL,HIGH,"In this sentence, ""жара"" refers to the literal heat inside the car, indicating that the heating system is functioning well, rather than being used as slang for something exciting.",1,2025-12-07,https://vk.com/wall-188282934_149949,-188282934,149949
жара,"Эй, брат, помню то лето в зоне — хоть и за забором, но душа кайф ловила по полной. С пацанами на дворе сидели, шутки крутили, песни пели под гитару. Жара давила, но мы не сдавались — вместе было легче, как настоящая семья. Каждый день — как маленький праздник, даже в этих стенах. Такие моменты запомнились навсегда, брат, настоящая братва и настоящая жизнь, хоть и в лагерях.. #лагеря #лето2025 #счастье #братья",heat,something very exciting/intense,LITERAL,HIGH,"In this sentence, ""жара"" refers to the literal heat of the summer, as it describes the weather conditions during that time.",0,2025-12-07,https://vk.com/wall1087356727_2,1087356727,2
жара,"Продам Дэу Нексию 
2004 года 
Двигатель работает без нареканий 1.5 / 85 л.с
Коробка не вылетает 
Снята с учета, документы все на руках (птс стс дкп)
Дно, пороги есть 
Печка жарит, фары включаются, дворники работают, есть моменты по кузову 
-
Цена: 45.000
Кунгур",heat,something very exciting/intense,LITERAL,HIGH,"In the sentence, ""печка жарит"" refers to the heater producing heat, which is a literal usage of the word ""жара"" as it describes the functioning of the heater.",1,2025-12-07,https://vk.com/wall-188282934_149945,-188282934,149945
жара,"Продам нексию стоит на штравки 
Есть Гур 
Печка жарит
Документы есть 
На ходу 
Едит бодно 
Мотор 8кл
Коробка идиал 
Без вылетов и хрустов
Все горит моргает 
Цена опарата 40к
Торг уместен",heat,something very exciting/intense,LITERAL,HIGH,"In this context, ""печка жарит"" refers to the literal heat produced by the heater, indicating that it is functioning properly, rather than using ""жара"" as slang for something exciting.",0,2025-12-07,https://vk.com/wall-188282934_149938,-188282934,149938
жара,"Иркутск 
Продажа обмен 
Субару Импреза, 2009 год, 2л, 4wd. Резина зимняя. Гнили нет. Документы чистые. Двигатель на 5, Коробка на 5, Подвеска на 5. Печка жарит. Сигнализация СтарЛайн. Не плохая музыка. 
Цена 700000р",heat,something very exciting/intense,LITERAL,HIGH,"In this context, ""печка жарит"" refers to the heater producing heat, which is a literal usage of the word ""жара"" as it describes the functioning of the heating system.",0,2025-12-07,https://vk.com/wall-117500061_193552,-117500061,193552
жара,"Продам ваз 2114 2006г.
На полном ходу 
ПТС СТС ДКП на руках!
Печка жарит, все работает.
Дно пороги не выпадешь, балка не отпадывает, стаканы целые.
Цена 59.000₽ не большой торг!
Находится в орджо-районе.",heat,something very exciting/intense,LITERAL,HIGH,"In this sentence, ""печка жарит"" refers to the heater functioning well and producing heat, which is its literal meaning.",0,2025-12-07,https://vk.com/wall-188282934_149934,-188282934,149934
жара,"Продам ваз 2107 2003 года
Мотор 1.6 свежесобранный
Заводится обороты держит все четко
Заводится в любую погоду 
Дно пороги в хорошем состоянии
Гидропалка,выворот распредвал 
Едет бодро,на сухую идет боком
В салоне жара
Свежий хороший аккумулятор 
Идеальный вариант под зиму
Доки кристалл стс птс дкп
Цена 70.000",heat,something very exciting/intense,LITERAL,HIGH,"In this context, ""жара"" refers to the literal heat inside the car's cabin, indicating a warm environment rather than being used as slang for something exciting or intense.",0,2025-12-07,https://vk.com/wall-38402366_68069,-38402366,68069
жара,"Новый отзыв

Во всех автобусах невозможная жара, духота. Детям становиться плохо, приходиться выходить не доехав до нужной остановки. На просьбу отключить отопление в салоне, сказали - нельзя. Жарьтесь. 
На улице +2 и в салоне +22, а люди одетые - в пальто и в шапках... Издевательство

#самара_41_5 #самара #отзывы #кондуктор24",heat,something very exciting/intense,LITERAL,HIGH,"In this sentence, ""жара"" refers to the literal heat and stuffiness experienced in the buses, not as a slang term for something exciting or intense.",0,2025-12-07,https://vk.com/wall-174068164_49593,-174068164,49593
жара,"Всем здравия!
Дошло и мое время мпня бак, заодно и хочу поменять горловину.
Склоняюсь к пластику (паст партс,по отзывам он самый нормальный на рынке), но вот с горловиной сомнения , что стоит ставить пластик 
Ну жен совет тех кто выбрал как пластик бак , так и горловину, как ведет себя в морозы ,как ведет себя в жару, есть-ли те кто отъездил более 3-4х лет .
Заранее благодарю",heat,something very exciting/intense,LITERAL,HIGH,"In this sentence, ""жара"" refers to high temperatures or heat, which is its literal meaning in the context of discussing the behavior of materials in different weather conditions.",1,2025-12-07,https://vk.com/wall-18602733_990661,-18602733,990661
жара,"Машина в нормальном состоянии, на бодром ходу, переварены полы с порогами, движок не троит и не дымит, передачи не вылетают, печка жарит(новая), новый ковралин, заменены тормозные трубки.
Не на учете.
80к",heat,something very exciting/intense,LITERAL,HIGH,"In this sentence, ""печка жарит"" refers to the literal function of the heater producing heat, not using ""жара"" in a slang context.",1,2025-12-07,https://vk.com/wall-53411249_232680,-53411249,232680
жара,"Приора 9 год 8клоп пробег 175.000 
По технике все четко едет ровно подвеска плотно 
Электрика вся работает 
На учете есть страховка и тех осмотр
Печка жарит 
Эсп работают 
Хорошая музыка 
Коробка четко без хрустов и вылетов 
Цена  210 тыс",heat,something very exciting/intense,LITERAL,HIGH,"In this sentence, ""печка жарит"" refers to the heater producing heat, which is its literal meaning, rather than using ""жара"" as slang for something exciting.",0,2025-12-07,https://vk.com/wall-53411249_232677,-53411249,232677
жара,"2004 год Карб ,по технике все отлично сел поехал куда угодно, дно целое ,печка жарит ,на учёте ,продажа от собственника,недочёты по кузову и лкп ,цена 105 торг .89896241418 находится ростовская область, Станица Вешенская",heat,something very exciting/intense,LITERAL,HIGH,"The word ""жарит"" in this context refers to the literal functioning of a heating system (печка), indicating that it produces heat, rather than being used as slang for something exciting.",0,2025-12-07,https://vk.com/wall-234454765_23,-234454765,23
жара,"Баня - это не просто жар и веник.
Настоящее парение у мастера - это целый ритуал восстановления тела и души 💙

✨ После сеанса с пармастером тело расслаблено, дыхание ровное, мысли - чистые.

#парение #пармастер #баня  #банныетрадиции #Балашиха",heat,something very exciting/intense,LITERAL,HIGH,"In this sentence, ""жар"" refers to the literal heat experienced in a sauna, not as a slang term for something exciting or intense.",1,2025-12-07,https://vk.com/wall-211116710_905,-211116710,905
жара,"Алания- наше проверенное место в школьные каникулы в начале ноября. Она южнее, если смотреть по курортному побережью, и тут ещё хорошая погода в это время. Уже нет удушливой жары, можно долго гулять. Тут чудесные виды, горы, старинная крепость, порт. А море ещё отдаёт летнее тепло, мы плавали каждый день. Городской пляж Клеопатра мне нравится больше всех турецких пляжей.",heat,something very exciting/intense,LITERAL,HIGH,"In this sentence, ""жара"" refers to the literal heat experienced during the summer months, indicating a specific weather condition rather than being used as slang for something exciting or intense.",3,2025-12-07,https://vk.com/wall10636292_3391,10636292,3391
жара,"Продам 320000тр, 2003г, 1,8 на мкпп, я собственник, техосмотр есть, пердние тормозные диски новые, стойки стабилизатора новые, на поворотном правом кулаке подшиники новые, печка жарит, всё горит моргает, двс работает мягко,  обмен только с Вашей доплатой, машина находится в городе Вытегра. 89211296572",heat,something very exciting/intense,LITERAL,HIGH,"In this sentence, ""печка жарит"" refers to the heating function of the car's heater, using ""жар"" in its literal sense of producing heat.",0,2025-12-07,https://vk.com/wall-154188650_241384,-154188650,241384
жара,"Когда-нибудь растает в душе лёд
И солнце своим жаром обогреет,
И кто-то полюбить ее сумеет,
Уже любовь ее не обойдет.

Взаимности и нежности полна,
Запахнет, словно, райскими цветами...
Любовь ее накроет,как цунами...
Нахлынут чувства..за волной
                                                       волна....

Как будто рай, но все же не на небе...
Земля уже не кажется пустой....
Окутана любовью, словно пледом
Душа, вновь себя чувствует Душой...

(А. Краснова)",heat,something very exciting/intense,LITERAL,HIGH,"In this sentence, ""жаром"" refers to the literal heat of the sun, indicating a physical sensation rather than a slang term for excitement or intensity.",0,2025-12-07,https://vk.com/wall101537471_2087,101537471,2087
жара,"Вот, казалось бы, ещё только 7 декабря, и жара в Подмосковье не великая, +2, а маргаритки уже расцвели.
Природа, однако...",heat,something very exciting/intense,LITERAL,HIGH,"In this sentence, ""жара"" refers to the actual temperature and weather conditions, indicating that it is not hot, which aligns with its literal meaning of ""heat.""",1,2025-12-07,https://vk.com/wall715627243_269,715627243,269
жара,Пироги с мясом с пылу жару. И пусть весь мир подождёт😅),heat,something very exciting/intense,LITERAL,HIGH,"In this sentence, ""жару"" refers to the literal heat from freshly baked meat pies, not as a slang term for something exciting or intense.",2,2025-12-07,https://vk.com/wall246656056_4580,246656056,4580
жара,"ДЕРЕВНЯ СОШЛА С УМА ИЗ-ЗА ЖАРЫ! Страшные истории и страшилки.

Wendigo - Страшные истории
",heat,something very exciting/intense,LITERAL,HIGH,"In this sentence, ""жара"" refers to the literal heat causing the village to go crazy, rather than being used as slang for something exciting or intense.",1,2025-12-07,https://vk.com/wall277819403_180553,277819403,180553
жара,"Продам опель астра 2007 год выпуска,1.6 механика без теплообменника.сигнализация с автозапуском,на новых колесах R16(стоимость около 70 т р)прошли 300км.По мотору и ходовой на 5 едет плотно,печка жарит.
На обслуживание денег не жалели.
Юридически чистый авто, стоит на учете, продажа напрямую от собственника.
Цена 359 000 возможна доставка до дому 
Находится с Карагай.
Тел 89026382019",heat,something very exciting/intense,LITERAL,HIGH,"In this sentence, ""печка жарит"" refers to the heater producing heat, which is its literal meaning, not slang for something exciting.",0,2025-12-07,https://vk.com/wall-116135369_53988,-116135369,53988
жара,"Продам  ВАЗ-2114, 2007 года выпуска в хорошем внешнем и техническом состоянии. Юридически чистый на учете авто, без запретов и арестов! , вид хороший, чашки и низа без дыр! Технически супер! Мотор 8кл работает и тянет четко! Коробка исправна! По подвеске все четко и плотно! Салон чистый! В машине жара!  Цена 125 000 
Авто находится г. Кудымкар
Звонить 89922184350",heat,something very exciting/intense,LITERAL,HIGH,"In this context, ""жара"" refers to the temperature inside the car, indicating that it is warm, which aligns with its literal meaning of ""heat.""",0,2025-12-07,https://vk.com/wall-116135369_53986,-116135369,53986
жара,"Парни такой вопрос на акцент существуют вообще термостат на 92 градуса или там 102 , а то как то зима пришла как будто бы в тачке прохладно но все говорят вообще жара, раньше двигался на автовазе ставил термостат 102 и все кайфово было, может подскажет кто",heat,something very exciting/intense,LITERAL,HIGH,"In this sentence, ""жара"" refers to the literal heat or warmth of the weather, as the speaker is discussing the temperature conditions in relation to their vehicle.",0,2025-12-07,https://vk.com/wall-91690283_920941,-91690283,920941
жара,"Ваз 21099 
2004 года выпуска, полностью обслуженный и готовый к эксплуатации авто.
По технике на отлично, мотор не дымит, не троит, масло не ест, коробка без вылетов и хрустов (новое сцепление) 
Тормоза хорошие, ручник держит. Печка жарит. Все светит, горит, моргает. На зимней ризине. Есть неплохая музыка.

Цена: 89.000
8-951-202-62-60",heat,something very exciting/intense,LITERAL,HIGH,"In this context, ""печка жарит"" refers to the heater producing heat, which is a literal usage of the word ""жара"" (heat).",0,2025-12-07,https://vk.com/wall-185048350_83115,-185048350,83115
жара,"Ваш коврик - тонкое искусство,
В нем сплав любви и мастерства.
Переплетаются искусно
Узоры в магию добра.
Танкистам пригодится знатно
Тех мягких ковриков тепло,
Окутают любви обьятья
И станет на душе светло.
Ребята вспомнят дом и маму,
Огонь родного очага.
Блины в сметане с пылу, с жару.
И наставления отца.
Вяжите коврики, девчата,
Тепло вплетая в круг добра.
Передавая их солдату,
Надеждой полнятся сердца.
©Светлана Табаева
07.12.2025",heat,something very exciting/intense,LITERAL,HIGH,"In this context, ""жара"" refers to the literal heat of freshly made pancakes, not as a slang term for something exciting or intense.",1,2025-12-07,https://vk.com/wall153409420_10360,153409420,10360
жара,"Продолжаю изучать папин заводской архив. Очередные фото - сквер Химмаша. Честно говоря, даже и не признала сначала. Такое благоустроенное место оказывается было. И клумбы тебе, и тротуар не разбитый (фото 1). А ещё интересное фото (фото 2), где малышню из детского сада привели к памятнику дедушке Ленину. Лето, жара, после дождя...
Сегодня и завода нет и сквера нет. И дедушка Ленин закустился (фото 3,4).",heat,something very exciting/intense,LITERAL,HIGH,"In this sentence, ""жара"" refers to the literal heat of summer, indicating the weather conditions, rather than being used as slang for something exciting or intense.",2,2025-12-07,https://vk.com/wall27985536_177,27985536,177
жара,"Продаю ваз 2110 2001года,8кл инжектор, 
Мотор ни дымит,масло менялось вчера 
Дно, пороги переварены
Стаканы хорошие ,кроме правого в лс покажу ,ну там не критично 
Работает 2 стекло подъёмника 
Салон опрятный 
Рулевая усиленная рейка новая 
Печка жарит
Кпп 2 нету остальные нормальные
Цена 85.000 сегодня
https://vk.com/nikita87877",heat,something very exciting/intense,LITERAL,HIGH,"In this sentence, ""печка жарит"" refers to the heater producing heat, which is its literal meaning, rather than a slang expression for something exciting.",0,2025-12-07,https://vk.com/wall-191392397_25966,-191392397,25966
жара,"Будьте счастливы всегда!!!
Несмотря на время года!!!
Хоть жара, хоть холода!!!
Снег, дождливая погода!!!",heat,something very exciting/intense,LITERAL,HIGH,"In this sentence, ""жара"" refers to the literal heat or warmth of the weather, as it contrasts with ""холода"" (cold) and is used in the context of seasonal conditions.",0,2025-12-07,https://vk.com/wall820084409_5864,820084409,5864
жара,"Продам ваз 2110 инжектор  2004 г , 1.5 16 Кл ,движок ,коробка ,подвеска все хорошо, по электрике все работает печка жарит , цена 86 все вопросы в лс и по тел  8-953-416-02-47  (только продажа )",heat,something very exciting/intense,LITERAL,HIGH,"In this sentence, ""печка жарит"" refers to the literal functioning of a heater, indicating that it produces heat, rather than using ""жара"" in a slang context.",0,2025-12-07,https://vk.com/wall-210347030_1487,-210347030,1487
жара,"Отключили тут нам горячую воду на 10 дней (плановое, типа, обслуживание).
Ладно, не первый раз, тем более, что у жены и сыновей на работе есть душ, а я и под холодной водой могу постоять, даже приятно в такую то жару.
Но вот на 11-й день проснулись в час ночи от радостных воплей кого-то из соседей:""УРА!!!! Горячую воду дали!!!!"".
Видимо совсем припекло...

☺ Больше смешных историй тут - https://deadlylaugh.ru/group/smeshnye-istorii
#смешныеистории #юмор #позитив #истории",heat,something very exciting/intense,LITERAL,HIGH,"In this sentence, ""жара"" refers to the literal heat of the weather, as indicated by the context of discussing the discomfort of not having hot water during hot weather.",0,2025-12-07,https://vk.com/wall-152350937_6776,-152350937,6776
жара,"Устали от вечной спешки? Найдите своё идеальное место у нас! 🌿

‼️ Здесь вы сможете по-настоящему расслабиться:

✨ Зарядитесь энергией в нашей жаркой баньке.
✨ Насладитесь моментом, жаря сосиски на костре.
✨ Просто забудьте о времени и позвольте себе отдохнуть душой и телом.

🥳 Не упустите шанс провести свой идеальный день!

Звоните и бронируйте: 📞 89826078028 📞",heat,something very exciting/intense,LITERAL,HIGH,"In this sentence, ""жаркой баньке"" refers to a literal hot bathhouse, indicating physical heat rather than an exciting or intense experience.",3,2025-12-07,https://vk.com/wall-222658659_429,-222658659,429
жара,Городская графика. Асфальт. Жара на Кадашевской набережной. Из архива.,heat,something very exciting/intense,LITERAL,HIGH,"In this sentence, ""жара"" refers to the literal heat experienced on the Kadashevskaya embankment, not as a slang term for something exciting or intense.",2,2025-12-07,https://vk.com/wall711761276_18074,711761276,18074
жара,"Продам 2113 2010 год
Цена 120к
На бодром уверенном ходу, мотор коробка без нареканий, печка жарит, железо все на месте, домкратится за любое место. Собственник, стоит на учете.
Вопросы в ЛС или по т.89223407556
Осмотр г. Чайковский",heat,something very exciting/intense,LITERAL,HIGH,"In this sentence, ""печка жарит"" refers to the literal function of the heater producing heat, not using ""жара"" in a slang context.",0,2025-12-07,https://vk.com/wall-37544771_267687,-37544771,267687
жара,"Срочная продажа 
Цена 85 к 
Ваз 2115 5 год 
на бодро ходу 
Состояние на фото 
Тормоза обслужены, 
передачи не вылетают и не хрустят 
Печка жарит 
Бортовой компьютер 
зеркальные номера
 909 в подарок 🎁 
￼89828260216",heat,something very exciting/intense,LITERAL,HIGH,"In this sentence, ""печка жарит"" refers to the literal function of the heater producing heat, not using ""жара"" in a slang context.",0,2025-12-07,https://vk.com/wall-37544771_267686,-37544771,267686
жара,"Дети младшей группы
Бараночки лепили 
И котёнка угостили.
Очень вкусныее баранки,
С пылу, с жару из печи,
Все румяны, горячи.",heat,something very exciting/intense,LITERAL,HIGH,"In this sentence, ""жара"" refers to the literal heat from freshly baked goods, not as a slang term for something exciting or intense.",2,2025-12-07,https://vk.com/wall-215404632_1721,-215404632,1721
жара,"2105, 2010 год 
Техника в отличном состоянии,двигатель,КПП,подвеска все отлично. 
Салон отличный все сиденья целые,все на своих местах,печка жарит. 
Дно,пороги на месте.
По электрике все исправно работает. 
Документы чистые на учете стоит.
120.000 торг на дорогу
АВТОМОБИЛЬ НАХОДИТСЯ В ТЮМЕНИ",heat,something very exciting/intense,LITERAL,HIGH,"In this sentence, ""печка жарит"" refers to the literal heat produced by the heater, indicating that it is functioning well and providing warmth.",0,2025-12-07,https://vk.com/wall-38402366_68062,-38402366,68062
жара,"2002 год, документы чистые все на руках, ходовая  огонь, нужно заменить подушку двигателя, подушка в наличии, мотор рвет и мечет, в машине жара, дна нет, но не выпадешь, пороги сгнили, цена 60 торг, обмен на жигули, осмотр Ирбит.",heat,something very exciting/intense,LITERAL,HIGH,"In this sentence, ""жара"" refers to the literal heat inside the car, indicating a high temperature rather than an exciting or intense situation.",0,2025-12-07,https://vk.com/wall-186234313_37058,-186234313,37058
жара,"С пылу,с жару❤️ Завтра после работы займусь кнопкой. Оказалось,что  всё такое оборудование у любимого в мастерской. А там дождь и выходить вообще не хочется🙈",heat,something very exciting/intense,LITERAL,HIGH,"In this sentence, ""жара"" refers to the literal heat associated with the context of working and the weather, rather than being used as slang for something exciting or intense.",3,2025-12-07,https://vk.com/wall-234399254_142,-234399254,142
жара,"Продам ваз 2110 2006г. Двигатель тянет, коробка переключается не вылетает не хрустит, ходовка плотно забитая отрабатывает как надо, резина зимняя дорогу держит, в машине жара, машина тёплая, дно пороги переваренные, простая музыка 2 колонки 2 овала.
Цена: 125.000р торг
Территориально Троицк Челябинская область 
89525250290",heat,something very exciting/intense,LITERAL,HIGH,"In this context, ""жара"" refers to the warmth inside the car, which is its literal meaning of heat, rather than being used as slang for something exciting or intense.",0,2025-12-07,https://vk.com/wall-43842278_234844,-43842278,234844
жара,"На  - Портативный кондиционер EcoFlow Wave 3

https://shp.pub/7b0taz

Из отзывов: После кемпинга при +35 решил купить кондиционер, брал его так же с прицелом на выезды осенью, чтоб не покупать дизельный отопитель. Универсальное устройство как для жары так и для низких температур в кемпинге.

Реклама. ООО ""Яндекс Маркет"" ИНН 9704254424
#halfree",heat,something very exciting/intense,LITERAL,HIGH,"In this sentence, ""жара"" refers to high temperatures experienced during camping, which is its literal meaning related to heat.",0,2025-12-07,https://vk.com/wall-114902477_98980,-114902477,98980
лайк,"Цена штучно: 500руб
Цена оптом: 350руб (упак. 5шт=1750руб)
Футболка для мужчин, хлопок
Размеры 48-50-52-54-56
Футболки однотонные 
Размеры 48 50 52 54 56 
Узбекские производитель 
Состав 92 % хлопок 8% Лайка
Цена штучно 500 рубль 
ЦЕНА : ОПТОВАЯ 350 рубль
Количество в уп 5 шт размер ряд цвет один
Заказ принимаю на ватсап
 79775664298
Дорогие друзья выбирайте замена",like (English word),approval/hype/good content,LITERAL,HIGH,"In this context, ""лайка"" refers to the material composition of the fabric (specifically, ""elastane"" or ""spandex""), which is a literal term used in textile descriptions, not in a slang sense.",0,2025-12-07,https://vk.com/wall426791128_164141,426791128,164141
лайк,"Статистика группы за сегодня:

❤️ лайков за текущий день: 720
💬 комментариев за текущий день: 48
🧐 число просмотров: 6136
👥 число посетителей: 1788

💃 число охвата за текущий день (жен): 8992
🕺 число охвата за текущий день (муж): 5142

🌐 Полный охват: 14136

🤝 Присоединилось сегодня к нам: 5
🖐 Ушли сегодня от нас: 0
__
Полная статистика: https://vk.cc/cNJ2Fw",like (English word),approval/hype/good content,LITERAL,HIGH,"In this sentence, ""лайков"" refers to the literal count of ""likes"" received on a social media platform, which is a direct measurement of user engagement rather than a slang expression.",0,2025-12-07,https://vk.com/wall-138160870_358478,-138160870,358478
